{"type":"FeatureCollection","features":[{"type":"Feature","geometry":{"type":"Point","coordinates":[37.6157775,55.8235904]},"properties":{"stopId":"osm:444863659","name":"Усадьба Останкино","osmId":444863659,"routeIds":["osm-rel:540033"]}},{"type":"Feature","geometry":{"type":"Point","coordinates":[37.6155812,55.823673549999995]},"properties":{"stopId":"osm:way:1170822754","name":"Усадьба Останкино","osmId":1170822754,"routeIds":["osm-rel:540033"]}},{"type":"Feature","geometry":{"type":"Point","coordinates":[37.6213391,55.8218598]},"properties":{"stopId":"osm:535844745","name":"Аргуновская улица","osmId":535844745,"routeIds":["osm-rel:540033"]}},{"type":"Feature","geometry":{"type":"Point","coordinates":[37.621234533333336,55.82181956666667]},"properties":{"stopId":"osm:way:236799511","name":"Аргуновская улица","osmId":236799511,"routeIds":["osm-rel:540033"]}},{"type":"Feature","geometry":{"type":"Point","coordinates":[37.628137,55.821823]},"properties":{"stopId":"osm:639572174","name":"Улица Цандера","osmId":639572174,"routeIds":["osm-rel:540033"]}},{"type":"Feature","geometry":{"type":"Point","coordinates":[37.62802885,55.821790050000004]},"properties":{"stopId":"osm:way:465506634","name":"Улица Цандера","osmId":465506634,"routeIds":["osm-rel:540033"]}},{"type":"Feature","geometry":{"type":"Point","coordinates":[37.6336906,55.8220741]},"properties":{"stopId":"osm:535844754","name":"ВДНХ (южный вход)","osmId":535844754,"routeIds":["osm-rel:540033"]}},{"type":"Feature","geometry":{"type":"Point","coordinates":[37.6336307,55.822059200000005]},"properties":{"stopId":"osm:way:236799512","name":"ВДНХ (южный вход)","osmId":236799512,"routeIds":["osm-rel:540033"]}},{"type":"Feature","geometry":{"type":"Point","coordinates":[37.6387399,55.8240069]},"properties":{"stopId":"osm:535844761","name":"Метро «ВДНХ»","osmId":535844761,"routeIds":["osm-rel:540033"]}},{"type":"Feature","geometry":{"type":"Point","coordinates":[37.63856025,55.82387695]},"properties":{"stopId":"osm:way:756506244","name":"Метро «ВДНХ»","osmId":756506244,"routeIds":["osm-rel:540033"]}},{"type":"Feature","geometry":{"type":"Point","coordinates":[37.6460711,55.8272146]},"properties":{"stopId":"osm:243894862","name":"ВДНХ (северный вход)","osmId":243894862,"routeIds":["osm-rel:540033"]}},{"type":"Feature","geometry":{"type":"Point","coordinates":[37.64606055,55.82718375]},"properties":{"stopId":"osm:way:1170822769","name":"ВДНХ (северный вход)","osmId":1170822769,"routeIds":["osm-rel:540033"]}},{"type":"Feature","geometry":{"type":"Point","coordinates":[37.6488419,55.8289817]},"properties":{"stopId":"osm:535844764","name":"Улица Сергея Эйзенштейна","osmId":535844764,"routeIds":["osm-rel:540033"]}},{"type":"Feature","geometry":{"type":"Point","coordinates":[37.64890795714285,55.82894420000001]},"properties":{"stopId":"osm:way:94576135","name":"улица Сергея Эйзенштейна","osmId":94576135,"routeIds":["osm-rel:540033"]}},{"type":"Feature","geometry":{"type":"Point","coordinates":[37.6519639,55.8318212]},"properties":{"stopId":"osm:535844768","name":"Сельскохозяйственная улица","osmId":535844768,"routeIds":["osm-rel:540033"]}},{"type":"Feature","geometry":{"type":"Point","coordinates":[37.651944900000004,55.831760849999995]},"properties":{"stopId":"osm:way:1170865028","name":"Сельскохозяйственная улица","osmId":1170865028,"routeIds":["osm-rel:540033"]}},{"type":"Feature","geometry":{"type":"Point","coordinates":[37.6582215,55.8370466]},"properties":{"stopId":"osm:273091182","name":"Улица Докукина","osmId":273091182,"routeIds":["osm-rel:540033"]}},{"type":"Feature","geometry":{"type":"Point","coordinates":[37.65815275,55.83694335]},"properties":{"stopId":"osm:way:1170865025","name":"Улица Докукина","osmId":1170865025,"routeIds":["osm-rel:540033"]}},{"type":"Feature","geometry":{"type":"Point","coordinates":[37.6652471,55.842943]},"properties":{"stopId":"osm:243896132","name":"МЦК Ростокино","osmId":243896132,"routeIds":["osm-rel:540033"]}},{"type":"Feature","geometry":{"type":"Point","coordinates":[37.66516361111111,55.84282664444444]},"properties":{"stopId":"osm:way:426929253","name":"МЦК Ростокино","osmId":426929253,"routeIds":["osm-rel:540033"]}},{"type":"Feature","geometry":{"type":"Point","coordinates":[37.6694964,55.8459816]},"properties":{"stopId":"osm:535844771","name":"Северянинский путепровод","osmId":535844771,"routeIds":["osm-rel:540033"]}},{"type":"Feature","geometry":{"type":"Point","coordinates":[37.6706063,55.8507675]},"properties":{"stopId":"osm:535844774","name":"Социальный фонд России","osmId":535844774,"routeIds":["osm-rel:540033"]}},{"type":"Feature","geometry":{"type":"Point","coordinates":[37.67066711666667,55.850614966666676]},"properties":{"stopId":"osm:way:1158396113","name":"Социальный фонд России","osmId":1158396113,"routeIds":["osm-rel:540033"]}},{"type":"Feature","geometry":{"type":"Point","coordinates":[37.6647293,55.8547765]},"properties":{"stopId":"osm:535844813","name":"Берингов проезд","osmId":535844813,"routeIds":["osm-rel:540033"]}},{"type":"Feature","geometry":{"type":"Point","coordinates":[37.6649945,55.854635900000005]},"properties":{"stopId":"osm:way:1170865017","name":"Берингов проезд","osmId":1170865017,"routeIds":["osm-rel:540033"]}},{"type":"Feature","geometry":{"type":"Point","coordinates":[37.6619052,55.8567262]},"properties":{"stopId":"osm:535844810","name":"Верхоянская улица","osmId":535844810,"routeIds":["osm-rel:540033"]}},{"type":"Feature","geometry":{"type":"Point","coordinates":[37.6620974,55.85659925]},"properties":{"stopId":"osm:way:1170865012","name":"Верхоянская улица","osmId":1170865012,"routeIds":["osm-rel:540033"]}},{"type":"Feature","geometry":{"type":"Point","coordinates":[37.6602088,55.8594542]},"properties":{"stopId":"osm:535844779","name":"Радужная улица","osmId":535844779,"routeIds":["osm-rel:540033"]}},{"type":"Feature","geometry":{"type":"Point","coordinates":[37.660272733333336,55.859353166666665]},"properties":{"stopId":"osm:way:425027031","name":"Радужная улица","osmId":425027031,"routeIds":["osm-rel:540033"]}},{"type":"Feature","geometry":{"type":"Point","coordinates":[37.6616972,55.8645961]},"properties":{"stopId":"osm:535844816","name":"Печорская улица","osmId":535844816,"routeIds":["osm-rel:540033"]}},{"type":"Feature","geometry":{"type":"Point","coordinates":[37.66171968333333,55.864508083333334]},"properties":{"stopId":"osm:way:425027028","name":"Печорская улица","osmId":425027028,"routeIds":["osm-rel:540033"]}},{"type":"Feature","geometry":{"type":"Point","coordinates":[37.6635791,55.8682878]},"properties":{"stopId":"osm:535844818","name":"Метро «Бабушкинская»","osmId":535844818,"routeIds":["osm-rel:540033"]}},{"type":"Feature","geometry":{"type":"Point","coordinates":[37.66354247142857,55.86814655714286]},"properties":{"stopId":"osm:way:425027023","name":"Метро «Бабушкинская»","osmId":425027023,"routeIds":["osm-rel:540033"]}},{"type":"Feature","geometry":{"type":"Point","coordinates":[37.6596176,55.8702948]},"properties":{"stopId":"osm:535844784","name":"Олонецкий проезд","osmId":535844784,"routeIds":["osm-rel:540033"]}},{"type":"Feature","geometry":{"type":"Point","coordinates":[37.65989075,55.87027705]},"properties":{"stopId":"osm:way:425027032","name":"Олонецкий проезд","osmId":425027032,"routeIds":["osm-rel:540033"]}},{"type":"Feature","geometry":{"type":"Point","coordinates":[37.6523153,55.8714122]},"properties":{"stopId":"osm:535844788","name":"Сухонская улица","osmId":535844788,"routeIds":["osm-rel:540033"]}},{"type":"Feature","geometry":{"type":"Point","coordinates":[37.6525374,55.871400666666666]},"properties":{"stopId":"osm:way:1170876458","name":"Сухонская улица","osmId":1170876458,"routeIds":["osm-rel:540033"]}},{"type":"Feature","geometry":{"type":"Point","coordinates":[37.6481314,55.8716849]},"properties":{"stopId":"osm:535844782","name":"Проезд Шокальского","osmId":535844782,"routeIds":["osm-rel:540033"]}},{"type":"Feature","geometry":{"type":"Point","coordinates":[37.6484594,55.871705]},"properties":{"stopId":"osm:way:1170876451","name":"Проезд Шокальского","osmId":1170876451,"routeIds":["osm-rel:540033"]}},{"type":"Feature","geometry":{"type":"Point","coordinates":[37.6378787,55.8716961]},"properties":{"stopId":"osm:534957374","name":"МФЦ «Южное Медведково»","osmId":534957374,"routeIds":["osm-rel:540033"]}},{"type":"Feature","geometry":{"type":"Point","coordinates":[37.6379594,55.87153925]},"properties":{"stopId":"osm:way:1170876440","name":"МФЦ «Южное Медведково»","osmId":1170876440,"routeIds":["osm-rel:540033"]}},{"type":"Feature","geometry":{"type":"Point","coordinates":[37.6370817,55.8743664]},"properties":{"stopId":"osm:535844777","name":"Культурно-досуговый центр","osmId":535844777,"routeIds":["osm-rel:540033"]}},{"type":"Feature","geometry":{"type":"Point","coordinates":[37.637185599999995,55.8742011]},"properties":{"stopId":"osm:way:1170876439","name":"Культурно-досуговый центр","osmId":1170876439,"routeIds":["osm-rel:540033"]}},{"type":"Feature","geometry":{"type":"Point","coordinates":[37.6360426,55.8779406]},"properties":{"stopId":"osm:535844790","name":"Улица Молодцова","osmId":535844790,"routeIds":["osm-rel:540033"]}},{"type":"Feature","geometry":{"type":"Point","coordinates":[37.6361098,55.87783305000001]},"properties":{"stopId":"osm:way:1170876436","name":"Улица Молодцова","osmId":1170876436,"routeIds":["osm-rel:540033"]}},{"type":"Feature","geometry":{"type":"Point","coordinates":[37.6388938,55.8815736]},"properties":{"stopId":"osm:1098654108","name":"Поликлиника","osmId":1098654108,"routeIds":["osm-rel:540033"]}},{"type":"Feature","geometry":{"type":"Point","coordinates":[37.6388642,55.88148665]},"properties":{"stopId":"osm:way:1170876432","name":"Поликлиника","osmId":1170876432,"routeIds":["osm-rel:540033"]}},{"type":"Feature","geometry":{"type":"Point","coordinates":[37.6430233,55.8859136]},"properties":{"stopId":"osm:679923004","name":"Улица Тихомирова","osmId":679923004,"routeIds":["osm-rel:540033"]}},{"type":"Feature","geometry":{"type":"Point","coordinates":[37.6429333,55.8857591]},"properties":{"stopId":"osm:566824399","name":"Улица Тихомирова","osmId":566824399,"routeIds":["osm-rel:540033"]}},{"type":"Feature","geometry":{"type":"Point","coordinates":[37.6429789,55.8875052]},"properties":{"stopId":"osm:535844808","name":"Медведково","osmId":535844808,"routeIds":["osm-rel:540033"]}},{"type":"Feature","geometry":{"type":"Point","coordinates":[37.6430476,55.8875343]},"properties":{"stopId":"osm:1857159365","name":"Медведково","osmId":1857159365,"routeIds":["osm-rel:540033"]}},{"type":"Feature","geometry":{"type":"Point","coordinates":[37.6429552,55.8865575]},"properties":{"stopId":"osm:534957385","name":"Медведково","osmId":534957385,"routeIds":["osm-rel:540139"]}},{"type":"Feature","geometry":{"type":"Point","coordinates":[37.64273592000001,55.88671144]},"properties":{"stopId":"osm:way:175071626","name":"Медведково","osmId":175071626,"routeIds":["osm-rel:540139"]}},{"type":"Feature","geometry":{"type":"Point","coordinates":[37.6418096,55.8847048]},"properties":{"stopId":"osm:534957384","name":"Улица Тихомирова","osmId":534957384,"routeIds":["osm-rel:540139"]}},{"type":"Feature","geometry":{"type":"Point","coordinates":[37.64185925,55.8848135]},"properties":{"stopId":"osm:way:1032651148","name":"Улица Тихомирова","osmId":1032651148,"routeIds":["osm-rel:540139"]}},{"type":"Feature","geometry":{"type":"Point","coordinates":[37.6390216,55.8817849]},"properties":{"stopId":"osm:534957383","name":"Поликлиника","osmId":534957383,"routeIds":["osm-rel:540139"]}},{"type":"Feature","geometry":{"type":"Point","coordinates":[37.6390978,55.88190955]},"properties":{"stopId":"osm:way:1170876431","name":"Поликлиника","osmId":1170876431,"routeIds":["osm-rel:540139"]}},{"type":"Feature","geometry":{"type":"Point","coordinates":[37.636213,55.8788513]},"properties":{"stopId":"osm:534957382","name":"Улица Молодцова","osmId":534957382,"routeIds":["osm-rel:540139"]}},{"type":"Feature","geometry":{"type":"Point","coordinates":[37.636244733333335,55.87890973333333]},"properties":{"stopId":"osm:way:1170876434","name":"Улица Молодцова","osmId":1170876434,"routeIds":["osm-rel:540139"]}},{"type":"Feature","geometry":{"type":"Point","coordinates":[37.6369974,55.8744708]},"properties":{"stopId":"osm:534957377","name":"Культурно-досуговый центр","osmId":534957377,"routeIds":["osm-rel:540139"]}},{"type":"Feature","geometry":{"type":"Point","coordinates":[37.6369167,55.874595]},"properties":{"stopId":"osm:way:1170876438","name":"Культурно-досуговый центр","osmId":1170876438,"routeIds":["osm-rel:540139"]}},{"type":"Feature","geometry":{"type":"Point","coordinates":[37.6377818,55.8718418]},"properties":{"stopId":"osm:1098591539","name":"МФЦ «Южное Медведково»","osmId":1098591539,"routeIds":["osm-rel:540139"]}},{"type":"Feature","geometry":{"type":"Point","coordinates":[37.6377064,55.87194955]},"properties":{"stopId":"osm:way:1170876445","name":"МФЦ «Южное Медведково»","osmId":1170876445,"routeIds":["osm-rel:540139"]}},{"type":"Feature","geometry":{"type":"Point","coordinates":[37.6462401,55.8715629]},"properties":{"stopId":"osm:534957378","name":"Проезд Шокальского","osmId":534957378,"routeIds":["osm-rel:540139"]}},{"type":"Feature","geometry":{"type":"Point","coordinates":[37.64581403333333,55.87147993333334]},"properties":{"stopId":"osm:way:1170876447","name":"Проезд Шокальского","osmId":1170876447,"routeIds":["osm-rel:540139"]}},{"type":"Feature","geometry":{"type":"Point","coordinates":[37.6515958,55.8714629]},"properties":{"stopId":"osm:534957381","name":"Сухонская улица","osmId":534957381,"routeIds":["osm-rel:540139"]}},{"type":"Feature","geometry":{"type":"Point","coordinates":[37.651354,55.87145555]},"properties":{"stopId":"osm:way:1170876457","name":"Сухонская улица","osmId":1170876457,"routeIds":["osm-rel:540139"]}},{"type":"Feature","geometry":{"type":"Point","coordinates":[37.6586348,55.8704168]},"properties":{"stopId":"osm:534957379","name":"Олонецкий проезд","osmId":534957379,"routeIds":["osm-rel:540139"]}},{"type":"Feature","geometry":{"type":"Point","coordinates":[37.65824654,55.87044816]},"properties":{"stopId":"osm:way:425027033","name":"Олонецкий проезд","osmId":425027033,"routeIds":["osm-rel:540139"]}},{"type":"Feature","geometry":{"type":"Point","coordinates":[37.663503,55.8682098]},"properties":{"stopId":"osm:534957387","name":"Метро «Бабушкинская»","osmId":534957387,"routeIds":["osm-rel:540139"]}},{"type":"Feature","geometry":{"type":"Point","coordinates":[37.66344047142858,55.86822385714286]},"properties":{"stopId":"osm:way:425027025","name":"Метро «Бабушкинская»","osmId":425027025,"routeIds":["osm-rel:540139"]}},{"type":"Feature","geometry":{"type":"Point","coordinates":[37.66147,55.8642419]},"properties":{"stopId":"osm:534957386","name":"Печорская улица","osmId":534957386,"routeIds":["osm-rel:540139"]}},{"type":"Feature","geometry":{"type":"Point","coordinates":[37.661480871428566,55.8643745]},"properties":{"stopId":"osm:way:425027029","name":"Печорская улица","osmId":425027029,"routeIds":["osm-rel:540139"]}},{"type":"Feature","geometry":{"type":"Point","coordinates":[37.6600682,55.859861]},"properties":{"stopId":"osm:535516946","name":"Радужная улица","osmId":535516946,"routeIds":["osm-rel:540139"]}},{"type":"Feature","geometry":{"type":"Point","coordinates":[37.659978227272724,55.859916954545454]},"properties":{"stopId":"osm:way:425027030","name":"Радужная улица","osmId":425027030,"routeIds":["osm-rel:540139"]}},{"type":"Feature","geometry":{"type":"Point","coordinates":[37.6614864,55.857058]},"properties":{"stopId":"osm:535516949","name":"Верхоянская улица","osmId":535516949,"routeIds":["osm-rel:540139"]}},{"type":"Feature","geometry":{"type":"Point","coordinates":[37.661340700000004,55.857180633333336]},"properties":{"stopId":"osm:way:1170865016","name":"Верхоянская улица","osmId":1170865016,"routeIds":["osm-rel:540139"]}},{"type":"Feature","geometry":{"type":"Point","coordinates":[37.6650967,55.8545022]},"properties":{"stopId":"osm:535516954","name":"Берингов проезд","osmId":535516954,"routeIds":["osm-rel:540139"]}},{"type":"Feature","geometry":{"type":"Point","coordinates":[37.6649505,55.85455975]},"properties":{"stopId":"osm:way:1170865020","name":"Берингов проезд","osmId":1170865020,"routeIds":["osm-rel:540139"]}},{"type":"Feature","geometry":{"type":"Point","coordinates":[37.670591,55.8505492]},"properties":{"stopId":"osm:535516942","name":"Социальный фонд России","osmId":535516942,"routeIds":["osm-rel:540139"]}},{"type":"Feature","geometry":{"type":"Point","coordinates":[37.67052915,55.85059211666667]},"properties":{"stopId":"osm:way:1310631723","name":"Социальный фонд России","osmId":1310631723,"routeIds":["osm-rel:540139"]}},{"type":"Feature","geometry":{"type":"Point","coordinates":[37.6690538,55.8457135]},"properties":{"stopId":"osm:535516937","name":"Северянинский путепровод","osmId":535516937,"routeIds":["osm-rel:540139"]}},{"type":"Feature","geometry":{"type":"Point","coordinates":[37.6652301,55.8429843]},"properties":{"stopId":"osm:535516930","name":"МЦК Ростокино","osmId":535516930,"routeIds":["osm-rel:540139"]}},{"type":"Feature","geometry":{"type":"Point","coordinates":[37.665314644444436,55.84308961111112]},"properties":{"stopId":"osm:way:426929252","name":"МЦК Ростокино","osmId":426929252,"routeIds":["osm-rel:540139"]}},{"type":"Feature","geometry":{"type":"Point","coordinates":[37.657987,55.8369197]},"properties":{"stopId":"osm:535516927","name":"Улица Докукина","osmId":535516927,"routeIds":["osm-rel:540139"]}},{"type":"Feature","geometry":{"type":"Point","coordinates":[37.65806406666666,55.837021666666665]},"properties":{"stopId":"osm:way:94576134","name":"улица Докукина","osmId":94576134,"routeIds":["osm-rel:540139"]}},{"type":"Feature","geometry":{"type":"Point","coordinates":[37.6528158,55.8327291]},"properties":{"stopId":"osm:535516922","name":"Сельскохозяйственная улица","osmId":535516922,"routeIds":["osm-rel:540139"]}},{"type":"Feature","geometry":{"type":"Point","coordinates":[37.65280885714286,55.832792242857145]},"properties":{"stopId":"osm:way:426929255","name":"Сельскохозяйственная улица","osmId":426929255,"routeIds":["osm-rel:540139"]}},{"type":"Feature","geometry":{"type":"Point","coordinates":[37.6494839,55.8296408]},"properties":{"stopId":"osm:535516918","name":"Улица Сергея Эйзенштейна","osmId":535516918,"routeIds":["osm-rel:540139"]}},{"type":"Feature","geometry":{"type":"Point","coordinates":[37.64949465,55.829683900000006]},"properties":{"stopId":"osm:way:94576124","name":"улица Сергея Эйзенштейна","osmId":94576124,"routeIds":["osm-rel:540139"]}},{"type":"Feature","geometry":{"type":"Point","coordinates":[37.6460967,55.8272421]},"properties":{"stopId":"osm:535516914","name":"ВДНХ (северный вход)","osmId":535516914,"routeIds":["osm-rel:540139"]}},{"type":"Feature","geometry":{"type":"Point","coordinates":[37.64605926666667,55.82729126666666]},"properties":{"stopId":"osm:way:1170822766","name":"ВДНХ (северный вход)","osmId":1170822766,"routeIds":["osm-rel:540139"]}},{"type":"Feature","geometry":{"type":"Point","coordinates":[37.6382716,55.8238048]},"properties":{"stopId":"osm:535516842","name":"Метро «ВДНХ»","osmId":535516842,"routeIds":["osm-rel:540139"]}},{"type":"Feature","geometry":{"type":"Point","coordinates":[37.638448999999994,55.82393725]},"properties":{"stopId":"osm:way:756506242","name":"Метро «ВДНХ»","osmId":756506242,"routeIds":["osm-rel:540139"]}},{"type":"Feature","geometry":{"type":"Point","coordinates":[37.6339085,55.822092]},"properties":{"stopId":"osm:1046562062","name":"ВДНХ (южный вход)","osmId":1046562062,"routeIds":["osm-rel:540139"]}},{"type":"Feature","geometry":{"type":"Point","coordinates":[37.63415405,55.822106175]},"properties":{"stopId":"osm:way:1170822765","name":"ВДНХ (южный вход)","osmId":1170822765,"routeIds":["osm-rel:540139"]}},{"type":"Feature","geometry":{"type":"Point","coordinates":[37.6286054,55.8218406]},"properties":{"stopId":"osm:1046561946","name":"Улица Цандера","osmId":1046561946,"routeIds":["osm-rel:540139"]}},{"type":"Feature","geometry":{"type":"Point","coordinates":[37.628709650000005,55.821873249999996]},"properties":{"stopId":"osm:way:1170822759","name":"Улица Цандера","osmId":1170822759,"routeIds":["osm-rel:540139"]}},{"type":"Feature","geometry":{"type":"Point","coordinates":[37.6221282,55.8218859]},"properties":{"stopId":"osm:535516828","name":"Аргуновская улица","osmId":535516828,"routeIds":["osm-rel:540139"]}},{"type":"Feature","geometry":{"type":"Point","coordinates":[37.62211284999999,55.8219275]},"properties":{"stopId":"osm:way:465506633","name":"Аргуновская улица","osmId":465506633,"routeIds":["osm-rel:540139"]}},{"type":"Feature","geometry":{"type":"Point","coordinates":[37.6172291,55.8227374]},"properties":{"stopId":"osm:3236023227","name":"Усадьба Останкино","osmId":3236023227,"routeIds":["osm-rel:540139"]}},{"type":"Feature","geometry":{"type":"Point","coordinates":[37.617378,55.822760450000004]},"properties":{"stopId":"osm:way:662847918","name":"Усадьба Останкино","osmId":662847918,"routeIds":["osm-rel:540139"]}},{"type":"Feature","geometry":{"type":"Point","coordinates":[37.508751,55.80587]},"properties":{"stopId":"osm:2424418102","name":"Метро «Сокол»","osmId":2424418102,"routeIds":["osm-rel:1225388","osm-rel:1244690"]}},{"type":"Feature","geometry":{"type":"Point","coordinates":[37.50870158,55.8058576]},"properties":{"stopId":"osm:way:236632716","name":"Метро «Сокол»","osmId":236632716,"routeIds":["osm-rel:1225388","osm-rel:1244690"]}},{"type":"Feature","geometry":{"type":"Point","coordinates":[37.5052959,55.8067505]},"properties":{"stopId":"osm:2424327579","name":"Гидропроект","osmId":2424327579,"routeIds":["osm-rel:1225388"]}},{"type":"Feature","geometry":{"type":"Point","coordinates":[37.505512949999996,55.80674114999999]},"properties":{"stopId":"osm:way:1171448800","name":"Гидропроект","osmId":1171448800,"routeIds":["osm-rel:1225388"]}},{"type":"Feature","geometry":{"type":"Point","coordinates":[37.4988346,55.8079649]},"properties":{"stopId":"osm:2424320147","name":"Университет «РОСБИОТЕХ»","osmId":2424320147,"routeIds":["osm-rel:1225388"]}},{"type":"Feature","geometry":{"type":"Point","coordinates":[37.4992352,55.807917]},"properties":{"stopId":"osm:way:1171448808","name":"Университет «РОСБИОТЕХ»","osmId":1171448808,"routeIds":["osm-rel:1225388"]}},{"type":"Feature","geometry":{"type":"Point","coordinates":[37.4939005,55.8089822]},"properties":{"stopId":"osm:2424317942","name":"Улица Панфилова","osmId":2424317942,"routeIds":["osm-rel:1225388"]}},{"type":"Feature","geometry":{"type":"Point","coordinates":[37.49411495,55.80896735]},"properties":{"stopId":"osm:way:1171448811","name":"Улица Панфилова","osmId":1171448811,"routeIds":["osm-rel:1225388"]}},{"type":"Feature","geometry":{"type":"Point","coordinates":[37.4825773,55.8106388]},"properties":{"stopId":"osm:825877090","name":"Пехотная улица","osmId":825877090,"routeIds":["osm-rel:1225388"]}},{"type":"Feature","geometry":{"type":"Point","coordinates":[37.48287056666667,55.810677133333336]},"properties":{"stopId":"osm:way:1171448820","name":"Пехотная улица","osmId":1171448820,"routeIds":["osm-rel:1225388"]}},{"type":"Feature","geometry":{"type":"Point","coordinates":[37.4762634,55.8104056]},"properties":{"stopId":"osm:798645928","name":"Улица Академика Курчатова","osmId":798645928,"routeIds":["osm-rel:1225388"]}},{"type":"Feature","geometry":{"type":"Point","coordinates":[37.47660625,55.81044375]},"properties":{"stopId":"osm:way:1171448826","name":"Улица Академика Курчатова","osmId":1171448826,"routeIds":["osm-rel:1225388"]}},{"type":"Feature","geometry":{"type":"Point","coordinates":[37.4681554,55.8147262]},"properties":{"stopId":"osm:899715451","name":"Покровское-Глебово","osmId":899715451,"routeIds":["osm-rel:1225388"]}},{"type":"Feature","geometry":{"type":"Point","coordinates":[37.468341550000005,55.8147063]},"properties":{"stopId":"osm:way:1171448829","name":"Покровское-Глебово","osmId":1171448829,"routeIds":["osm-rel:1225388"]}},{"type":"Feature","geometry":{"type":"Point","coordinates":[37.4608115,55.8167674]},"properties":{"stopId":"osm:899715467","name":"Больница РЖД","osmId":899715467,"routeIds":["osm-rel:1225388"]}},{"type":"Feature","geometry":{"type":"Point","coordinates":[37.461005799999995,55.8167386]},"properties":{"stopId":"osm:way:543858287","name":"Больница РЖД","osmId":543858287,"routeIds":["osm-rel:1225388"]}},{"type":"Feature","geometry":{"type":"Point","coordinates":[37.4511931,55.8193059]},"properties":{"stopId":"osm:302201188","name":"Канал имени Москвы","osmId":302201188,"routeIds":["osm-rel:1225388"]}},{"type":"Feature","geometry":{"type":"Point","coordinates":[37.4512104,55.8193253]},"properties":{"stopId":"osm:9934213595","name":"Канал имени Москвы","osmId":9934213595,"routeIds":["osm-rel:1225388"]}},{"type":"Feature","geometry":{"type":"Point","coordinates":[37.4513984,55.8242361]},"properties":{"stopId":"osm:899715503","name":"Тушинская улица","osmId":899715503,"routeIds":["osm-rel:1225388"]}},{"type":"Feature","geometry":{"type":"Point","coordinates":[37.4515743,55.8243021]},"properties":{"stopId":"osm:2159438352","name":"Тушинская улица","osmId":2159438352,"routeIds":["osm-rel:1225388"]}},{"type":"Feature","geometry":{"type":"Point","coordinates":[37.4528569,55.8289494]},"properties":{"stopId":"osm:899715434","name":"Улица Циолковского","osmId":899715434,"routeIds":["osm-rel:1225388"]}},{"type":"Feature","geometry":{"type":"Point","coordinates":[37.4530223,55.8287755]},"properties":{"stopId":"osm:1157467137","name":"Улица Циолковского","osmId":1157467137,"routeIds":["osm-rel:1225388"]}},{"type":"Feature","geometry":{"type":"Point","coordinates":[37.4535105,55.8322011]},"properties":{"stopId":"osm:899715488","name":"Улица Мещерякова","osmId":899715488,"routeIds":["osm-rel:1225388"]}},{"type":"Feature","geometry":{"type":"Point","coordinates":[37.4536752,55.8321748]},"properties":{"stopId":"osm:1271281973","name":"Улица Мещерякова","osmId":1271281973,"routeIds":["osm-rel:1225388"]}},{"type":"Feature","geometry":{"type":"Point","coordinates":[37.4530478,55.8362343]},"properties":{"stopId":"osm:899715500","name":"Восточный мост","osmId":899715500,"routeIds":["osm-rel:1225388"]}},{"type":"Feature","geometry":{"type":"Point","coordinates":[37.4530806,55.8362667]},"properties":{"stopId":"osm:9312289444","name":"Восточный мост","osmId":9312289444,"routeIds":["osm-rel:1225388"]}},{"type":"Feature","geometry":{"type":"Point","coordinates":[37.4419954,55.8371774]},"properties":{"stopId":"osm:899715462","name":"Новопоселковая улица","osmId":899715462,"routeIds":["osm-rel:1225388"]}},{"type":"Feature","geometry":{"type":"Point","coordinates":[37.4420005,55.8372096]},"properties":{"stopId":"osm:4463589032","name":"Новопоселковая улица","osmId":4463589032,"routeIds":["osm-rel:1225388"]}},{"type":"Feature","geometry":{"type":"Point","coordinates":[37.4379665,55.8380659]},"properties":{"stopId":"osm:899715428","name":"Западный мост","osmId":899715428,"routeIds":["osm-rel:1225388"]}},{"type":"Feature","geometry":{"type":"Point","coordinates":[37.437978699999995,55.8379553]},"properties":{"stopId":"osm:way:1024153329","name":"Западный мост","osmId":1024153329,"routeIds":["osm-rel:1225388"]}},{"type":"Feature","geometry":{"type":"Point","coordinates":[37.438844,55.8422438]},"properties":{"stopId":"osm:899715477","name":"Улица Фабрициуса","osmId":899715477,"routeIds":["osm-rel:1225388"]}},{"type":"Feature","geometry":{"type":"Point","coordinates":[37.4388879,55.8422402]},"properties":{"stopId":"osm:10884164899","name":"Улица Фабрициуса","osmId":10884164899,"routeIds":["osm-rel:1225388"]}},{"type":"Feature","geometry":{"type":"Point","coordinates":[37.4396216,55.8460097]},"properties":{"stopId":"osm:899715456","name":"Нелидовская улица","osmId":899715456,"routeIds":["osm-rel:1225388"]}},{"type":"Feature","geometry":{"type":"Point","coordinates":[37.4396506,55.8459743]},"properties":{"stopId":"osm:1157577657","name":"Нелидовская улица","osmId":1157577657,"routeIds":["osm-rel:1225388"]}},{"type":"Feature","geometry":{"type":"Point","coordinates":[37.4389829,55.8519131]},"properties":{"stopId":"osm:777383397","name":"Метро «Сходненская»","osmId":777383397,"routeIds":["osm-rel:1225388"]}},{"type":"Feature","geometry":{"type":"Point","coordinates":[37.4390502,55.85178765]},"properties":{"stopId":"osm:way:1171285163","name":"Метро «Сходненская»","osmId":1171285163,"routeIds":["osm-rel:1225388"]}},{"type":"Feature","geometry":{"type":"Point","coordinates":[37.4366728,55.8557135]},"properties":{"stopId":"osm:777383407","name":"Улица Фомичёвой","osmId":777383407,"routeIds":["osm-rel:1225388"]}},{"type":"Feature","geometry":{"type":"Point","coordinates":[37.4368903,55.85556755]},"properties":{"stopId":"osm:way:1171285165","name":"Улица Фомичёвой","osmId":1171285165,"routeIds":["osm-rel:1225388"]}},{"type":"Feature","geometry":{"type":"Point","coordinates":[37.4321885,55.857673]},"properties":{"stopId":"osm:777383410","name":"Планерная улица","osmId":777383410,"routeIds":["osm-rel:1225388"]}},{"type":"Feature","geometry":{"type":"Point","coordinates":[37.4324168,55.8576762]},"properties":{"stopId":"osm:10884178221","name":"Планерная улица","osmId":10884178221,"routeIds":["osm-rel:1225388"]}},{"type":"Feature","geometry":{"type":"Point","coordinates":[37.4267098,55.858273]},"properties":{"stopId":"osm:777383412","name":"Улица Героев Панфиловцев, 21","osmId":777383412,"routeIds":["osm-rel:1225388"]}},{"type":"Feature","geometry":{"type":"Point","coordinates":[37.42689315,55.8582932]},"properties":{"stopId":"osm:way:1171274090","name":"Улица Героев Панфиловцев, 21","osmId":1171274090,"routeIds":["osm-rel:1225388"]}},{"type":"Feature","geometry":{"type":"Point","coordinates":[37.4205777,55.8581427]},"properties":{"stopId":"osm:777383404","name":"Туристская улица","osmId":777383404,"routeIds":["osm-rel:1225388"]}},{"type":"Feature","geometry":{"type":"Point","coordinates":[37.4204367,55.8581624]},"properties":{"stopId":"osm:10884060782","name":"Туристская улица","osmId":10884060782,"routeIds":["osm-rel:1225388"]}},{"type":"Feature","geometry":{"type":"Point","coordinates":[37.4160805,55.8577227]},"properties":{"stopId":"osm:777383409","name":"Университет имени Менделеева","osmId":777383409,"routeIds":["osm-rel:1225388"]}},{"type":"Feature","geometry":{"type":"Point","coordinates":[37.416238633333336,55.85777903333334]},"properties":{"stopId":"osm:way:984677366","name":"Университет имени Менделеева","osmId":984677366,"routeIds":["osm-rel:1225388"]}},{"type":"Feature","geometry":{"type":"Point","coordinates":[37.4129619,55.8569182]},"properties":{"stopId":"osm:777383411","name":"Улица Героев Панфиловцев, 33","osmId":777383411,"routeIds":["osm-rel:1225388"]}},{"type":"Feature","geometry":{"type":"Point","coordinates":[37.4128964,55.8569258]},"properties":{"stopId":"osm:1157587528","name":"Улица Героев Панфиловцев, 33","osmId":1157587528,"routeIds":["osm-rel:1225388"]}},{"type":"Feature","geometry":{"type":"Point","coordinates":[37.4108602,55.8559179]},"properties":{"stopId":"osm:777383414","name":"Улица Вилиса Лациса","osmId":777383414,"routeIds":["osm-rel:1225388"]}},{"type":"Feature","geometry":{"type":"Point","coordinates":[37.41095585,55.85602419999999]},"properties":{"stopId":"osm:way:1171274106","name":"Улица Вилиса Лациса","osmId":1171274106,"routeIds":["osm-rel:1225388"]}},{"type":"Feature","geometry":{"type":"Point","coordinates":[37.4093676,55.8548384]},"properties":{"stopId":"osm:777383416","name":"НИИАТ","osmId":777383416,"routeIds":["osm-rel:1225388"]}},{"type":"Feature","geometry":{"type":"Point","coordinates":[37.4093602,55.8549213]},"properties":{"stopId":"osm:1157587534","name":"НИИАТ","osmId":1157587534,"routeIds":["osm-rel:1225388"]}},{"type":"Feature","geometry":{"type":"Point","coordinates":[37.4078024,55.8528532]},"properties":{"stopId":"osm:777383400","name":"Детская больница","osmId":777383400,"routeIds":["osm-rel:1225388"]}},{"type":"Feature","geometry":{"type":"Point","coordinates":[37.4078284,55.8529784]},"properties":{"stopId":"osm:1157587536","name":"Детская больница","osmId":1157587536,"routeIds":["osm-rel:1225388"]}},{"type":"Feature","geometry":{"type":"Point","coordinates":[37.407236,55.8516693]},"properties":{"stopId":"osm:777383402","name":"Братцево","osmId":777383402,"routeIds":["osm-rel:1225388"]}},{"type":"Feature","geometry":{"type":"Point","coordinates":[37.4073455,55.8516824]},"properties":{"stopId":"osm:11132022021","name":"Братцево","osmId":11132022021,"routeIds":["osm-rel:1225388"]}},{"type":"Feature","geometry":{"type":"Point","coordinates":[37.4078207,55.8528019]},"properties":{"stopId":"osm:963824252","name":"Братцево","osmId":963824252,"routeIds":["osm-rel:1244690"]}},{"type":"Feature","geometry":{"type":"Point","coordinates":[37.40775455,55.8526294]},"properties":{"stopId":"osm:way:1171274125","name":"Братцево","osmId":1171274125,"routeIds":["osm-rel:1244690"]}},{"type":"Feature","geometry":{"type":"Point","coordinates":[37.4089989,55.8544074]},"properties":{"stopId":"osm:963824256","name":"НИИАТ","osmId":963824256,"routeIds":["osm-rel:1244690"]}},{"type":"Feature","geometry":{"type":"Point","coordinates":[37.4090301,55.85437982]},"properties":{"stopId":"osm:way:1171274117","name":"НИИАТ","osmId":1171274117,"routeIds":["osm-rel:1244690"]}},{"type":"Feature","geometry":{"type":"Point","coordinates":[37.4107898,55.8558275]},"properties":{"stopId":"osm:250557831","name":"Улица Вилиса Лациса","osmId":250557831,"routeIds":["osm-rel:1244690"]}},{"type":"Feature","geometry":{"type":"Point","coordinates":[37.41061896666667,55.855682]},"properties":{"stopId":"osm:way:1171274107","name":"Улица Вилиса Лациса","osmId":1171274107,"routeIds":["osm-rel:1244690"]}},{"type":"Feature","geometry":{"type":"Point","coordinates":[37.413669,55.8571124]},"properties":{"stopId":"osm:963824254","name":"Улица Героев Панфиловцев, 33","osmId":963824254,"routeIds":["osm-rel:1244690"]}},{"type":"Feature","geometry":{"type":"Point","coordinates":[37.413489150000004,55.85702015]},"properties":{"stopId":"osm:way:1171274099","name":"Улица Героев Панфиловцев, 33","osmId":1171274099,"routeIds":["osm-rel:1244690"]}},{"type":"Feature","geometry":{"type":"Point","coordinates":[37.4158387,55.857643]},"properties":{"stopId":"osm:963824241","name":"Университет имени Менделеева","osmId":963824241,"routeIds":["osm-rel:1244690"]}},{"type":"Feature","geometry":{"type":"Point","coordinates":[37.415605850000006,55.85757665]},"properties":{"stopId":"osm:way:1171274094","name":"Университет имени Менделеева","osmId":1171274094,"routeIds":["osm-rel:1244690"]}},{"type":"Feature","geometry":{"type":"Point","coordinates":[37.419335,55.8580166]},"properties":{"stopId":"osm:943034261","name":"Туристская улица","osmId":943034261,"routeIds":["osm-rel:1244690"]}},{"type":"Feature","geometry":{"type":"Point","coordinates":[37.41928985,55.857990099999995]},"properties":{"stopId":"osm:way:1171274093","name":"Туристская улица","osmId":1171274093,"routeIds":["osm-rel:1244690"]}},{"type":"Feature","geometry":{"type":"Point","coordinates":[37.426284,55.858255]},"properties":{"stopId":"osm:943034199","name":"Улица Героев Панфиловцев, 21","osmId":943034199,"routeIds":["osm-rel:1244690"]}},{"type":"Feature","geometry":{"type":"Point","coordinates":[37.42607675,55.85823805]},"properties":{"stopId":"osm:way:1171274092","name":"Улица Героев Панфиловцев, 21","osmId":1171274092,"routeIds":["osm-rel:1244690"]}},{"type":"Feature","geometry":{"type":"Point","coordinates":[37.4312935,55.857827]},"properties":{"stopId":"osm:943034250","name":"Планерная улица","osmId":943034250,"routeIds":["osm-rel:1244690"]}},{"type":"Feature","geometry":{"type":"Point","coordinates":[37.431178700000004,55.857829100000004]},"properties":{"stopId":"osm:way:1171285167","name":"Планерная улица","osmId":1171285167,"routeIds":["osm-rel:1244690"]}},{"type":"Feature","geometry":{"type":"Point","coordinates":[37.4369161,55.8554606]},"properties":{"stopId":"osm:943034228","name":"Улица Фомичёвой","osmId":943034228,"routeIds":["osm-rel:1244690"]}},{"type":"Feature","geometry":{"type":"Point","coordinates":[37.4367782,55.85552745]},"properties":{"stopId":"osm:way:1171285166","name":"Улица Фомичёвой","osmId":1171285166,"routeIds":["osm-rel:1244690"]}},{"type":"Feature","geometry":{"type":"Point","coordinates":[37.4389775,55.8517675]},"properties":{"stopId":"osm:943034232","name":"Метро «Сходненская»","osmId":943034232,"routeIds":["osm-rel:1244690"]}},{"type":"Feature","geometry":{"type":"Point","coordinates":[37.438849,55.85192456666667]},"properties":{"stopId":"osm:way:1171285161","name":"Метро «Сходненская»","osmId":1171285161,"routeIds":["osm-rel:1244690"]}},{"type":"Feature","geometry":{"type":"Point","coordinates":[37.4396671,55.8464791]},"properties":{"stopId":"osm:943034215","name":"Нелидовская улица","osmId":943034215,"routeIds":["osm-rel:1244690"]}},{"type":"Feature","geometry":{"type":"Point","coordinates":[37.439633799999996,55.84657506666667]},"properties":{"stopId":"osm:way:1040228427","name":"Нелидовская улица","osmId":1040228427,"routeIds":["osm-rel:1244690"]}},{"type":"Feature","geometry":{"type":"Point","coordinates":[37.4389034,55.8427987]},"properties":{"stopId":"osm:943034258","name":"Улица Фабрициуса","osmId":943034258,"routeIds":["osm-rel:1244690"]}},{"type":"Feature","geometry":{"type":"Point","coordinates":[37.43886693333334,55.84288726666667]},"properties":{"stopId":"osm:way:1171285160","name":"Улица Фабрициуса","osmId":1171285160,"routeIds":["osm-rel:1244690"]}},{"type":"Feature","geometry":{"type":"Point","coordinates":[37.4379473,55.8381926]},"properties":{"stopId":"osm:10568640087","name":"Западный мост","osmId":10568640087,"routeIds":["osm-rel:1244690"]}},{"type":"Feature","geometry":{"type":"Point","coordinates":[37.4378416,55.8381859]},"properties":{"stopId":"osm:10885460158","name":"Западный мост","osmId":10885460158,"routeIds":["osm-rel:1244690"]}},{"type":"Feature","geometry":{"type":"Point","coordinates":[37.4413959,55.8371941]},"properties":{"stopId":"osm:943034233","name":"Новопоселковая улица","osmId":943034233,"routeIds":["osm-rel:1244690"]}},{"type":"Feature","geometry":{"type":"Point","coordinates":[37.4413783,55.8371581]},"properties":{"stopId":"osm:4463589031","name":"Новопоселковая улица","osmId":4463589031,"routeIds":["osm-rel:1244690"]}},{"type":"Feature","geometry":{"type":"Point","coordinates":[37.4534731,55.8360883]},"properties":{"stopId":"osm:943034244","name":"Восточный мост","osmId":943034244,"routeIds":["osm-rel:1244690"]}},{"type":"Feature","geometry":{"type":"Point","coordinates":[37.4534266,55.8360324]},"properties":{"stopId":"osm:9312289443","name":"Восточный мост","osmId":9312289443,"routeIds":["osm-rel:1244690"]}},{"type":"Feature","geometry":{"type":"Point","coordinates":[37.4535485,55.8326477]},"properties":{"stopId":"osm:943034223","name":"Улица Мещерякова","osmId":943034223,"routeIds":["osm-rel:1244690"]}},{"type":"Feature","geometry":{"type":"Point","coordinates":[37.4533484,55.8329197]},"properties":{"stopId":"osm:1182819731","name":"Улица Мещерякова","osmId":1182819731,"routeIds":["osm-rel:1244690"]}},{"type":"Feature","geometry":{"type":"Point","coordinates":[37.4527577,55.82873]},"properties":{"stopId":"osm:943034204","name":"Улица Циолковского","osmId":943034204,"routeIds":["osm-rel:1244690"]}},{"type":"Feature","geometry":{"type":"Point","coordinates":[37.452566,55.8287411]},"properties":{"stopId":"osm:10885460156","name":"Улица Циолковского","osmId":10885460156,"routeIds":["osm-rel:1244690"]}},{"type":"Feature","geometry":{"type":"Point","coordinates":[37.4517009,55.8251051]},"properties":{"stopId":"osm:943034254","name":"Тушинская улица","osmId":943034254,"routeIds":["osm-rel:1244690"]}},{"type":"Feature","geometry":{"type":"Point","coordinates":[37.4514472,55.8249985]},"properties":{"stopId":"osm:2159438353","name":"Тушинская улица","osmId":2159438353,"routeIds":["osm-rel:1244690"]}},{"type":"Feature","geometry":{"type":"Point","coordinates":[37.4510429,55.8193059]},"properties":{"stopId":"osm:943034230","name":"Канал имени Москвы","osmId":943034230,"routeIds":["osm-rel:1244690"]}},{"type":"Feature","geometry":{"type":"Point","coordinates":[37.4509911,55.8192773]},"properties":{"stopId":"osm:10885460155","name":"Канал имени Москвы","osmId":10885460155,"routeIds":["osm-rel:1244690"]}},{"type":"Feature","geometry":{"type":"Point","coordinates":[37.4611996,55.8166122]},"properties":{"stopId":"osm:943034211","name":"Больница РЖД","osmId":943034211,"routeIds":["osm-rel:1244690"]}},{"type":"Feature","geometry":{"type":"Point","coordinates":[37.4609431,55.8166665]},"properties":{"stopId":"osm:way:1171448833","name":"Больница РЖД","osmId":1171448833,"routeIds":["osm-rel:1244690"]}},{"type":"Feature","geometry":{"type":"Point","coordinates":[37.4698516,55.814223]},"properties":{"stopId":"osm:943034256","name":"Покровское-Глебово","osmId":943034256,"routeIds":["osm-rel:1244690"]}},{"type":"Feature","geometry":{"type":"Point","coordinates":[37.46959595,55.81425745]},"properties":{"stopId":"osm:way:1171448827","name":"Покровское-Глебово","osmId":1171448827,"routeIds":["osm-rel:1244690"]}},{"type":"Feature","geometry":{"type":"Point","coordinates":[37.4750782,55.8106736]},"properties":{"stopId":"osm:303594453","name":"Покровское-Стрешнево","osmId":303594453,"routeIds":["osm-rel:1244690"]}},{"type":"Feature","geometry":{"type":"Point","coordinates":[37.4750251,55.8106728]},"properties":{"stopId":"osm:10885460127","name":"Покровское-Стрешнево","osmId":10885460127,"routeIds":["osm-rel:1244690"]}},{"type":"Feature","geometry":{"type":"Point","coordinates":[37.4769147,55.8103898]},"properties":{"stopId":"osm:943034221","name":"Улица Академика Курчатова","osmId":943034221,"routeIds":["osm-rel:1244690"]}},{"type":"Feature","geometry":{"type":"Point","coordinates":[37.47661955,55.8103555]},"properties":{"stopId":"osm:way:1171448825","name":"Улица Академика Курчатова","osmId":1171448825,"routeIds":["osm-rel:1244690"]}},{"type":"Feature","geometry":{"type":"Point","coordinates":[37.4831449,55.8106182]},"properties":{"stopId":"osm:943034197","name":"Пехотная улица","osmId":943034197,"routeIds":["osm-rel:1244690"]}},{"type":"Feature","geometry":{"type":"Point","coordinates":[37.482862366666666,55.8105774]},"properties":{"stopId":"osm:way:1171448817","name":"Пехотная улица","osmId":1171448817,"routeIds":["osm-rel:1244690"]}},{"type":"Feature","geometry":{"type":"Point","coordinates":[37.4942834,55.8088711]},"properties":{"stopId":"osm:2424317941","name":"Улица Панфилова","osmId":2424317941,"routeIds":["osm-rel:1244690"]}},{"type":"Feature","geometry":{"type":"Point","coordinates":[37.4940641,55.8088976]},"properties":{"stopId":"osm:way:1171448809","name":"Улица Панфилова","osmId":1171448809,"routeIds":["osm-rel:1244690"]}},{"type":"Feature","geometry":{"type":"Point","coordinates":[37.4996145,55.8077868]},"properties":{"stopId":"osm:2424320142","name":"Университет «РОСБИОТЕХ»","osmId":2424320142,"routeIds":["osm-rel:1244690"]}},{"type":"Feature","geometry":{"type":"Point","coordinates":[37.49919595,55.807842550000004]},"properties":{"stopId":"osm:way:1171448806","name":"Университет «РОСБИОТЕХ»","osmId":1171448806,"routeIds":["osm-rel:1244690"]}},{"type":"Feature","geometry":{"type":"Point","coordinates":[37.5048796,55.8067939]},"properties":{"stopId":"osm:2424327578","name":"Гидропроект","osmId":2424327578,"routeIds":["osm-rel:1244690"]}},{"type":"Feature","geometry":{"type":"Point","coordinates":[37.504740999999996,55.806794249999996]},"properties":{"stopId":"osm:way:1171448803","name":"Гидропроект","osmId":1171448803,"routeIds":["osm-rel:1244690"]}},{"type":"Feature","geometry":{"type":"Point","coordinates":[37.6044503,55.643851]},"properties":{"stopId":"osm:10865222525","name":"Метро «Чертановская»","osmId":10865222525,"routeIds":["osm-rel:1284062","osm-rel:1343391"]}},{"type":"Feature","geometry":{"type":"Point","coordinates":[37.6044081,55.6439445]},"properties":{"stopId":"osm:way:1168296298","name":"Метро «Чертановская»","osmId":1168296298,"routeIds":["osm-rel:1284062","osm-rel:1343391"]}},{"type":"Feature","geometry":{"type":"Point","coordinates":[37.6056246,55.6451942]},"properties":{"stopId":"osm:996689322","name":"Черноморский бульвар","osmId":996689322,"routeIds":["osm-rel:1284062"]}},{"type":"Feature","geometry":{"type":"Point","coordinates":[37.60566045,55.64512115]},"properties":{"stopId":"osm:way:1168296279","name":"Черноморский бульвар","osmId":1168296279,"routeIds":["osm-rel:1284062"]}},{"type":"Feature","geometry":{"type":"Point","coordinates":[37.6055584,55.6494472]},"properties":{"stopId":"osm:996689315","name":"Симферопольский бульвар, 20","osmId":996689315,"routeIds":["osm-rel:1284062"]}},{"type":"Feature","geometry":{"type":"Point","coordinates":[37.605594350000004,55.649300600000004]},"properties":{"stopId":"osm:way:1168296277","name":"Симферопольский бульвар, 20","osmId":1168296277,"routeIds":["osm-rel:1284062"]}},{"type":"Feature","geometry":{"type":"Point","coordinates":[37.6054835,55.6529207]},"properties":{"stopId":"osm:996689312","name":"Метро «Каховская»","osmId":996689312,"routeIds":["osm-rel:1284062"]}},{"type":"Feature","geometry":{"type":"Point","coordinates":[37.6055199,55.65277265]},"properties":{"stopId":"osm:way:1168296275","name":"Метро «Каховская»","osmId":1168296275,"routeIds":["osm-rel:1284062"]}},{"type":"Feature","geometry":{"type":"Point","coordinates":[37.6054157,55.6563013]},"properties":{"stopId":"osm:60792114","name":"Болотниковская улица","osmId":60792114,"routeIds":["osm-rel:1284062"]}},{"type":"Feature","geometry":{"type":"Point","coordinates":[37.60545785,55.65616095]},"properties":{"stopId":"osm:way:1168300315","name":"Болотниковская улица","osmId":1168300315,"routeIds":["osm-rel:1284062"]}},{"type":"Feature","geometry":{"type":"Point","coordinates":[37.6101784,55.6606644]},"properties":{"stopId":"osm:1381710557","name":"Фруктовая улица","osmId":1381710557,"routeIds":["osm-rel:1284062"]}},{"type":"Feature","geometry":{"type":"Point","coordinates":[37.6103774,55.660612]},"properties":{"stopId":"osm:10788223304","name":"Фруктовая улица","osmId":10788223304,"routeIds":["osm-rel:1284062"]}},{"type":"Feature","geometry":{"type":"Point","coordinates":[37.6128623,55.6628865]},"properties":{"stopId":"osm:1381710533","name":"Нахимовский проспект","osmId":1381710533,"routeIds":["osm-rel:1284062"]}},{"type":"Feature","geometry":{"type":"Point","coordinates":[37.6131109,55.6628243]},"properties":{"stopId":"osm:1727097873","name":"Нахимовский проспект","osmId":1727097873,"routeIds":["osm-rel:1284062"]}},{"type":"Feature","geometry":{"type":"Point","coordinates":[37.6150619,55.6641299]},"properties":{"stopId":"osm:1381710536","name":"Симферопольский бульвар","osmId":1381710536,"routeIds":["osm-rel:1284062"]}},{"type":"Feature","geometry":{"type":"Point","coordinates":[37.6150498,55.6641002]},"properties":{"stopId":"osm:10788223299","name":"Симферопольский бульвар","osmId":10788223299,"routeIds":["osm-rel:1284062"]}},{"type":"Feature","geometry":{"type":"Point","coordinates":[37.6252246,55.6690477]},"properties":{"stopId":"osm:1377334348","name":"Хлебозаводский проезд","osmId":1377334348,"routeIds":["osm-rel:1284062"]}},{"type":"Feature","geometry":{"type":"Point","coordinates":[37.6252628,55.66902965]},"properties":{"stopId":"osm:way:1168419467","name":"Хлебозаводский проезд","osmId":1168419467,"routeIds":["osm-rel:1284062"]}},{"type":"Feature","geometry":{"type":"Point","coordinates":[37.6265632,55.6754965]},"properties":{"stopId":"osm:1377334429","name":"1-й Нагатинский проезд","osmId":1377334429,"routeIds":["osm-rel:1284062"]}},{"type":"Feature","geometry":{"type":"Point","coordinates":[37.62668866666667,55.675356033333344]},"properties":{"stopId":"osm:way:1168419461","name":"1-й Нагатинский проезд","osmId":1168419461,"routeIds":["osm-rel:1284062"]}},{"type":"Feature","geometry":{"type":"Point","coordinates":[37.6255354,55.6784355]},"properties":{"stopId":"osm:1377334347","name":"Нижние Котлы","osmId":1377334347,"routeIds":["osm-rel:1284062"]}},{"type":"Feature","geometry":{"type":"Point","coordinates":[37.625620749999996,55.678313599999996]},"properties":{"stopId":"osm:way:1168419459","name":"Нижние Котлы","osmId":1168419459,"routeIds":["osm-rel:1284062"]}},{"type":"Feature","geometry":{"type":"Point","coordinates":[37.6246785,55.6808854]},"properties":{"stopId":"osm:1377334345","name":"Платформа Нагатинская","osmId":1377334345,"routeIds":["osm-rel:1284062"]}},{"type":"Feature","geometry":{"type":"Point","coordinates":[37.62477145,55.680716200000006]},"properties":{"stopId":"osm:way:1168419452","name":"Платформа Нагатинская","osmId":1168419452,"routeIds":["osm-rel:1284062"]}},{"type":"Feature","geometry":{"type":"Point","coordinates":[37.6237929,55.6840465]},"properties":{"stopId":"osm:1377188040","name":"Метро «Нагатинская»","osmId":1377188040,"routeIds":["osm-rel:1284062"]}},{"type":"Feature","geometry":{"type":"Point","coordinates":[37.62386205,55.6839673]},"properties":{"stopId":"osm:way:1168419444","name":"Метро «Нагатинская»","osmId":1168419444,"routeIds":["osm-rel:1284062"]}},{"type":"Feature","geometry":{"type":"Point","coordinates":[37.6223739,55.6901471]},"properties":{"stopId":"osm:1377188064","name":"МЦК Верхние Котлы","osmId":1377188064,"routeIds":["osm-rel:1284062"]}},{"type":"Feature","geometry":{"type":"Point","coordinates":[37.6224399,55.6899923]},"properties":{"stopId":"osm:way:1168419438","name":"МЦК Верхние Котлы","osmId":1168419438,"routeIds":["osm-rel:1284062"]}},{"type":"Feature","geometry":{"type":"Point","coordinates":[37.6212699,55.6957185]},"properties":{"stopId":"osm:1377188054","name":"Стадион «Труд»","osmId":1377188054,"routeIds":["osm-rel:1284062"]}},{"type":"Feature","geometry":{"type":"Point","coordinates":[37.621404850000005,55.69559955]},"properties":{"stopId":"osm:way:1168419435","name":"Стадион «Труд»","osmId":1168419435,"routeIds":["osm-rel:1284062"]}},{"type":"Feature","geometry":{"type":"Point","coordinates":[37.6216549,55.7012164]},"properties":{"stopId":"osm:1377188042","name":"Даниловская мануфактура","osmId":1377188042,"routeIds":["osm-rel:1284062"]}},{"type":"Feature","geometry":{"type":"Point","coordinates":[37.621653300000006,55.70108295]},"properties":{"stopId":"osm:way:1168419427","name":"Даниловская мануфактура","osmId":1168419427,"routeIds":["osm-rel:1284062"]}},{"type":"Feature","geometry":{"type":"Point","coordinates":[37.6235197,55.7047249]},"properties":{"stopId":"osm:1376637394","name":"Платформа Тульская","osmId":1376637394,"routeIds":["osm-rel:1284062"]}},{"type":"Feature","geometry":{"type":"Point","coordinates":[37.6232811,55.704569649999996]},"properties":{"stopId":"osm:way:1168434502","name":"Платформа Тульская","osmId":1168434502,"routeIds":["osm-rel:1284062"]}},{"type":"Feature","geometry":{"type":"Point","coordinates":[37.6245733,55.7088936]},"properties":{"stopId":"osm:3230415893","name":"Метро «Тульская»","osmId":3230415893,"routeIds":["osm-rel:1284062"]}},{"type":"Feature","geometry":{"type":"Point","coordinates":[37.6246055,55.708825250000004]},"properties":{"stopId":"osm:way:1168434498","name":"Метро «Тульская»","osmId":1168434498,"routeIds":["osm-rel:1284062"]}},{"type":"Feature","geometry":{"type":"Point","coordinates":[37.625422,55.7114577]},"properties":{"stopId":"osm:1376689650","name":"Серпуховская Застава","osmId":1376689650,"routeIds":["osm-rel:1284062","osm-rel:1690016"]}},{"type":"Feature","geometry":{"type":"Point","coordinates":[37.625209999999996,55.711425899999995]},"properties":{"stopId":"osm:way:1168434494","name":"Серпуховская Застава","osmId":1168434494,"routeIds":["osm-rel:1284062","osm-rel:1690016"]}},{"type":"Feature","geometry":{"type":"Point","coordinates":[37.6311932,55.7115927]},"properties":{"stopId":"osm:1376689648","name":"Свято-Данилов монастырь","osmId":1376689648,"routeIds":["osm-rel:1284062","osm-rel:1690016"]}},{"type":"Feature","geometry":{"type":"Point","coordinates":[37.631196100000004,55.71155053333334]},"properties":{"stopId":"osm:way:1168587879","name":"Свято-Данилов монастырь","osmId":1168587879,"routeIds":["osm-rel:1284062","osm-rel:1690016"]}},{"type":"Feature","geometry":{"type":"Point","coordinates":[37.633292,55.7142332]},"properties":{"stopId":"osm:1376689636","name":"Улица Даниловский Вал","osmId":1376689636,"routeIds":["osm-rel:1284062","osm-rel:1690016"]}},{"type":"Feature","geometry":{"type":"Point","coordinates":[37.633333750000006,55.714163049999996]},"properties":{"stopId":"osm:way:1168587834","name":"Улица Даниловский Вал","osmId":1168587834,"routeIds":["osm-rel:1284062","osm-rel:1690016"]}},{"type":"Feature","geometry":{"type":"Point","coordinates":[37.6335077,55.7166541]},"properties":{"stopId":"osm:1376689765","name":"1-й Павловский переулок","osmId":1376689765,"routeIds":["osm-rel:1284062","osm-rel:1690016"]}},{"type":"Feature","geometry":{"type":"Point","coordinates":[37.6335452,55.71654825]},"properties":{"stopId":"osm:way:1168587840","name":"1-й Павловский переулок","osmId":1168587840,"routeIds":["osm-rel:1284062","osm-rel:1690016"]}},{"type":"Feature","geometry":{"type":"Point","coordinates":[37.6349267,55.719925]},"properties":{"stopId":"osm:1376689638","name":"Дубининская улица, 57","osmId":1376689638,"routeIds":["osm-rel:1284062","osm-rel:1690016"]}},{"type":"Feature","geometry":{"type":"Point","coordinates":[37.63494665,55.71981955]},"properties":{"stopId":"osm:way:1168587808","name":"Дубининская улица, 57","osmId":1168587808,"routeIds":["osm-rel:1284062","osm-rel:1690016"]}},{"type":"Feature","geometry":{"type":"Point","coordinates":[37.6365347,55.7240299]},"properties":{"stopId":"osm:1376689640","name":"Жуков проезд","osmId":1376689640,"routeIds":["osm-rel:1284062","osm-rel:1690016"]}},{"type":"Feature","geometry":{"type":"Point","coordinates":[37.6365776,55.723916675]},"properties":{"stopId":"osm:way:1096896536","name":"Жуков проезд","osmId":1096896536,"routeIds":["osm-rel:1284062","osm-rel:1690016"]}},{"type":"Feature","geometry":{"type":"Point","coordinates":[37.6372887,55.7271771]},"properties":{"stopId":"osm:1376689653","name":"Стремянный переулок","osmId":1376689653,"routeIds":["osm-rel:1284062","osm-rel:1690016"]}},{"type":"Feature","geometry":{"type":"Point","coordinates":[37.63733285,55.72708575]},"properties":{"stopId":"osm:way:1096896533","name":"Стремянный переулок","osmId":1096896533,"routeIds":["osm-rel:1284062","osm-rel:1690016"]}},{"type":"Feature","geometry":{"type":"Point","coordinates":[37.6364317,55.7303623]},"properties":{"stopId":"osm:1376689645","name":"Павелецкий вокзал","osmId":1376689645,"routeIds":["osm-rel:1284062"]}},{"type":"Feature","geometry":{"type":"Point","coordinates":[37.63648155,55.73038535]},"properties":{"stopId":"osm:way:1096896530","name":"Павелецкий вокзал","osmId":1096896530,"routeIds":["osm-rel:1284062"]}},{"type":"Feature","geometry":{"type":"Point","coordinates":[37.6352106,55.7318034]},"properties":{"stopId":"osm:1376698056","name":"Метро «Павелецкая»","osmId":1376698056,"routeIds":["osm-rel:1284062"]}},{"type":"Feature","geometry":{"type":"Point","coordinates":[37.6353154,55.7318388]},"properties":{"stopId":"osm:5172107814","name":"Метро «Павелецкая»","osmId":5172107814,"routeIds":["osm-rel:1284062"]}},{"type":"Feature","geometry":{"type":"Point","coordinates":[37.6324593,55.7357039]},"properties":{"stopId":"osm:1376698050","name":"Вишняковский переулок","osmId":1376698050,"routeIds":["osm-rel:1284062"]}},{"type":"Feature","geometry":{"type":"Point","coordinates":[37.6325385,55.7357283]},"properties":{"stopId":"osm:10788316657","name":"Вишняковский переулок","osmId":10788316657,"routeIds":["osm-rel:1284062"]}},{"type":"Feature","geometry":{"type":"Point","coordinates":[37.6297914,55.7404355]},"properties":{"stopId":"osm:1376698058","name":"Метро «Третьяковская»","osmId":1376698058,"routeIds":["osm-rel:1284062"]}},{"type":"Feature","geometry":{"type":"Point","coordinates":[37.6298686,55.74044]},"properties":{"stopId":"osm:4986971156","name":"Метро «Третьяковская»","osmId":4986971156,"routeIds":["osm-rel:1284062"]}},{"type":"Feature","geometry":{"type":"Point","coordinates":[37.629734,55.7420561]},"properties":{"stopId":"osm:1376698062","name":"Метро «Новокузнецкая»","osmId":1376698062,"routeIds":["osm-rel:1284062"]}},{"type":"Feature","geometry":{"type":"Point","coordinates":[37.6298127,55.7420542]},"properties":{"stopId":"osm:10788316663","name":"Метро «Новокузнецкая»","osmId":10788316663,"routeIds":["osm-rel:1284062"]}},{"type":"Feature","geometry":{"type":"Point","coordinates":[37.6346611,55.7444345]},"properties":{"stopId":"osm:1376698060","name":"Комиссариатский мост","osmId":1376698060,"routeIds":["osm-rel:1284062"]}},{"type":"Feature","geometry":{"type":"Point","coordinates":[37.63448303333333,55.7443135]},"properties":{"stopId":"osm:way:721162902","name":"Комиссариатский мост","osmId":721162902,"routeIds":["osm-rel:1284062"]}},{"type":"Feature","geometry":{"type":"Point","coordinates":[37.6422479,55.7502626]},"properties":{"stopId":"osm:1376698064","name":"Яузские Ворота","osmId":1376698064,"routeIds":["osm-rel:1284062"]}},{"type":"Feature","geometry":{"type":"Point","coordinates":[37.64224166,55.75020098]},"properties":{"stopId":"osm:way:1334335974","name":"Яузские Ворота","osmId":1334335974,"routeIds":["osm-rel:1284062"]}},{"type":"Feature","geometry":{"type":"Point","coordinates":[37.6473087,55.752836]},"properties":{"stopId":"osm:1376698052","name":"Воронцово Поле","osmId":1376698052,"routeIds":["osm-rel:1284062"]}},{"type":"Feature","geometry":{"type":"Point","coordinates":[37.6472439,55.752725749999996]},"properties":{"stopId":"osm:way:533065214","name":"Воронцово Поле","osmId":533065214,"routeIds":["osm-rel:1284062"]}},{"type":"Feature","geometry":{"type":"Point","coordinates":[37.6481542,55.7565397]},"properties":{"stopId":"osm:1376698054","name":"Казарменный переулок","osmId":1376698054,"routeIds":["osm-rel:1284062"]}},{"type":"Feature","geometry":{"type":"Point","coordinates":[37.648312149999995,55.75640575]},"properties":{"stopId":"osm:way:533065223","name":"Казарменный переулок","osmId":533065223,"routeIds":["osm-rel:1284062"]}},{"type":"Feature","geometry":{"type":"Point","coordinates":[37.6464591,55.7590017]},"properties":{"stopId":"osm:1376698059","name":"Покровские Ворота","osmId":1376698059,"routeIds":["osm-rel:1284062"]}},{"type":"Feature","geometry":{"type":"Point","coordinates":[37.646541400000004,55.758913449999994]},"properties":{"stopId":"osm:way:533065229","name":"Покровские Ворота","osmId":533065229,"routeIds":["osm-rel:1284062"]}},{"type":"Feature","geometry":{"type":"Point","coordinates":[37.6423196,55.763345]},"properties":{"stopId":"osm:1376908317","name":"Большой Харитоньевский переулок","osmId":1376908317,"routeIds":["osm-rel:1284062"]}},{"type":"Feature","geometry":{"type":"Point","coordinates":[37.64249435,55.76327345]},"properties":{"stopId":"osm:way:533065234","name":"Большой Харитоньевский переулок","osmId":533065234,"routeIds":["osm-rel:1284062"]}},{"type":"Feature","geometry":{"type":"Point","coordinates":[37.6383616,55.7651176]},"properties":{"stopId":"osm:13134322141","name":"Метро «Чистые пруды»","osmId":13134322141,"routeIds":["osm-rel:1284062"]}},{"type":"Feature","geometry":{"type":"Point","coordinates":[37.6384038,55.7651442]},"properties":{"stopId":"osm:13442295387","name":"Метро «Чистые пруды»","osmId":13442295387,"routeIds":["osm-rel:1284062"]}},{"type":"Feature","geometry":{"type":"Point","coordinates":[37.6373678,55.7664495]},"properties":{"stopId":"osm:13134322147","name":"Лукойл Москва","osmId":13134322147,"routeIds":["osm-rel:1284062"]}},{"type":"Feature","geometry":{"type":"Point","coordinates":[37.637273199999996,55.76637285]},"properties":{"stopId":"osm:way:1465585296","name":"Лукойл Москва","osmId":1465585296,"routeIds":["osm-rel:1284062"]}},{"type":"Feature","geometry":{"type":"Point","coordinates":[37.6448457,55.7711266]},"properties":{"stopId":"osm:13134322145","name":"Проспект Академика Сахарова","osmId":13134322145,"routeIds":["osm-rel:1284062"]}},{"type":"Feature","geometry":{"type":"Point","coordinates":[37.6447401,55.7710151]},"properties":{"stopId":"osm:way:1465585293","name":"Проспект Академика Сахарова","osmId":1465585293,"routeIds":["osm-rel:1284062"]}},{"type":"Feature","geometry":{"type":"Point","coordinates":[37.6477047,55.7732]},"properties":{"stopId":"osm:13134322139","name":"Улица Маши Порываевой","osmId":13134322139,"routeIds":["osm-rel:1284062"]}},{"type":"Feature","geometry":{"type":"Point","coordinates":[37.6477105,55.77316795]},"properties":{"stopId":"osm:way:1429240873","name":"Улица Маши Порываевой","osmId":1429240873,"routeIds":["osm-rel:1284062"]}},{"type":"Feature","geometry":{"type":"Point","coordinates":[37.6531564,55.7746318]},"properties":{"stopId":"osm:13134322144","name":"МЦД Площадь трёх вокзалов","osmId":13134322144,"routeIds":["osm-rel:1284062"]}},{"type":"Feature","geometry":{"type":"Point","coordinates":[37.6531831,55.7745959]},"properties":{"stopId":"osm:13125509281","name":"МЦД Площадь трёх вокзалов","osmId":13125509281,"routeIds":["osm-rel:1284062"]}},{"type":"Feature","geometry":{"type":"Point","coordinates":[37.6555161,55.7752772]},"properties":{"stopId":"osm:471943151","name":"Метро «Комсомольская»","osmId":471943151,"routeIds":["osm-rel:1284062"]}},{"type":"Feature","geometry":{"type":"Point","coordinates":[37.665607,55.7792274]},"properties":{"stopId":"osm:471943152","name":"Метро «Красносельская»","osmId":471943152,"routeIds":["osm-rel:1284062"]}},{"type":"Feature","geometry":{"type":"Point","coordinates":[37.6654331,55.7791382]},"properties":{"stopId":"osm:way:481040044","name":"Метро «Красносельская»","osmId":481040044,"routeIds":["osm-rel:1284062"]}},{"type":"Feature","geometry":{"type":"Point","coordinates":[37.6669072,55.7789857]},"properties":{"stopId":"osm:2358271808","name":"Нижняя Красносельская улица","osmId":2358271808,"routeIds":["osm-rel:1284062"]}},{"type":"Feature","geometry":{"type":"Point","coordinates":[37.6667808,55.7789286]},"properties":{"stopId":"osm:4886738297","name":"Нижняя Красносельская улица","osmId":4886738297,"routeIds":["osm-rel:1284062"]}},{"type":"Feature","geometry":{"type":"Point","coordinates":[37.6699352,55.7766865]},"properties":{"stopId":"osm:2358271810","name":"Ольховская улица","osmId":2358271810,"routeIds":["osm-rel:1284062"]}},{"type":"Feature","geometry":{"type":"Point","coordinates":[37.6698427,55.7766388]},"properties":{"stopId":"osm:4886738298","name":"Ольховская улица","osmId":4886738298,"routeIds":["osm-rel:1284062"]}},{"type":"Feature","geometry":{"type":"Point","coordinates":[37.6735399,55.777121]},"properties":{"stopId":"osm:2358271812","name":"Поликлиника","osmId":2358271812,"routeIds":["osm-rel:1284062"]}},{"type":"Feature","geometry":{"type":"Point","coordinates":[37.6736098,55.7770806]},"properties":{"stopId":"osm:10776604077","name":"Поликлиника","osmId":10776604077,"routeIds":["osm-rel:1284062"]}},{"type":"Feature","geometry":{"type":"Point","coordinates":[37.6777957,55.7752275]},"properties":{"stopId":"osm:2360708029","name":"Басманный двор","osmId":2360708029,"routeIds":["osm-rel:1284062"]}},{"type":"Feature","geometry":{"type":"Point","coordinates":[37.6777458,55.7752236]},"properties":{"stopId":"osm:10776604070","name":"Басманный двор","osmId":10776604070,"routeIds":["osm-rel:1284062"]}},{"type":"Feature","geometry":{"type":"Point","coordinates":[37.6785273,55.7725615]},"properties":{"stopId":"osm:2360708036","name":"Метро «Бауманская»","osmId":2360708036,"routeIds":["osm-rel:1284062"]}},{"type":"Feature","geometry":{"type":"Point","coordinates":[37.6784261,55.7725578]},"properties":{"stopId":"osm:3338239940","name":"Метро «Бауманская»","osmId":3338239940,"routeIds":["osm-rel:1284062"]}},{"type":"Feature","geometry":{"type":"Point","coordinates":[37.6793595,55.7691394]},"properties":{"stopId":"osm:2360708027","name":"Аптекарский переулок","osmId":2360708027,"routeIds":["osm-rel:1284062"]}},{"type":"Feature","geometry":{"type":"Point","coordinates":[37.6792761,55.7691336]},"properties":{"stopId":"osm:3344055846","name":"Аптекарский переулок","osmId":3344055846,"routeIds":["osm-rel:1284062"]}},{"type":"Feature","geometry":{"type":"Point","coordinates":[37.6798656,55.7666067]},"properties":{"stopId":"osm:13725188934","name":"Денисовский переулок","osmId":13725188934,"routeIds":["osm-rel:1284062"]}},{"type":"Feature","geometry":{"type":"Point","coordinates":[37.679801,55.7666041]},"properties":{"stopId":"osm:13725188937","name":"Денисовский переулок","osmId":13725188937,"routeIds":["osm-rel:1284062"]}},{"type":"Feature","geometry":{"type":"Point","coordinates":[37.6800231,55.7657]},"properties":{"stopId":"osm:2360708032","name":"МГТУ имени Баумана","osmId":2360708032,"routeIds":["osm-rel:1284062"]}},{"type":"Feature","geometry":{"type":"Point","coordinates":[37.6799227,55.765698]},"properties":{"stopId":"osm:10881866055","name":"МГТУ имени Баумана","osmId":10881866055,"routeIds":["osm-rel:1284062"]}},{"type":"Feature","geometry":{"type":"Point","coordinates":[37.6815409,55.7628785]},"properties":{"stopId":"osm:2360761234","name":"Лефортовская набережная","osmId":2360761234,"routeIds":["osm-rel:1284062"]}},{"type":"Feature","geometry":{"type":"Point","coordinates":[37.6814546,55.7628219]},"properties":{"stopId":"osm:10707838202","name":"Лефортовская набережная","osmId":10707838202,"routeIds":["osm-rel:1284062"]}},{"type":"Feature","geometry":{"type":"Point","coordinates":[37.688202,55.76114]},"properties":{"stopId":"osm:1507754582","name":"Лефортовский мост","osmId":1507754582,"routeIds":["osm-rel:1284062"]}},{"type":"Feature","geometry":{"type":"Point","coordinates":[37.6881367,55.7610428]},"properties":{"stopId":"osm:510113999","name":"Лефортовский мост","osmId":510113999,"routeIds":["osm-rel:1284062"]}},{"type":"Feature","geometry":{"type":"Point","coordinates":[37.6949228,55.7587729]},"properties":{"stopId":"osm:1507754858","name":"1-й Краснокурсантский проезд","osmId":1507754858,"routeIds":["osm-rel:1284062"]}},{"type":"Feature","geometry":{"type":"Point","coordinates":[37.6948412,55.7586689]},"properties":{"stopId":"osm:10707838190","name":"1-й Краснокурсантский проезд","osmId":10707838190,"routeIds":["osm-rel:1284062"]}},{"type":"Feature","geometry":{"type":"Point","coordinates":[37.699614,55.7572129]},"properties":{"stopId":"osm:1507754577","name":"Улица Лефортовский Вал","osmId":1507754577,"routeIds":["osm-rel:1284062"]}},{"type":"Feature","geometry":{"type":"Point","coordinates":[37.6995568,55.757133]},"properties":{"stopId":"osm:10707838185","name":"Улица Лефортовский Вал","osmId":10707838185,"routeIds":["osm-rel:1284062"]}},{"type":"Feature","geometry":{"type":"Point","coordinates":[37.707971,55.7544512]},"properties":{"stopId":"osm:1507754592","name":"МЭИ","osmId":1507754592,"routeIds":["osm-rel:1284062"]}},{"type":"Feature","geometry":{"type":"Point","coordinates":[37.7078583,55.7543736]},"properties":{"stopId":"osm:4582785020","name":"МЭИ","osmId":4582785020,"routeIds":["osm-rel:1284062"]}},{"type":"Feature","geometry":{"type":"Point","coordinates":[37.7161454,55.7515552]},"properties":{"stopId":"osm:250722843","name":"Метро «Авиамоторная»","osmId":250722843,"routeIds":["osm-rel:1284062","osm-rel:1690016"]}},{"type":"Feature","geometry":{"type":"Point","coordinates":[37.7161396,55.7515286]},"properties":{"stopId":"osm:10881866059","name":"Метро «Авиамоторная»","osmId":10881866059,"routeIds":["osm-rel:1284062","osm-rel:1690016"]}},{"type":"Feature","geometry":{"type":"Point","coordinates":[37.7203255,55.7523273]},"properties":{"stopId":"osm:7618078828","name":"Метро «Авиамоторная»","osmId":7618078828,"routeIds":["osm-rel:1284062","osm-rel:1690016"]}},{"type":"Feature","geometry":{"type":"Point","coordinates":[37.7203359,55.7522992]},"properties":{"stopId":"osm:10881866060","name":"Метро «Авиамоторная»","osmId":10881866060,"routeIds":["osm-rel:1284062","osm-rel:1690016"]}},{"type":"Feature","geometry":{"type":"Point","coordinates":[37.7237671,55.7529882]},"properties":{"stopId":"osm:695081254","name":"Дом культуры «Компрессор»","osmId":695081254,"routeIds":["osm-rel:1284062","osm-rel:1690016"]}},{"type":"Feature","geometry":{"type":"Point","coordinates":[37.7237789,55.7529597]},"properties":{"stopId":"osm:510114007","name":"Дом культуры «Компрессор»","osmId":510114007,"routeIds":["osm-rel:1284062","osm-rel:1690016"]}},{"type":"Feature","geometry":{"type":"Point","coordinates":[37.7377743,55.7557426]},"properties":{"stopId":"osm:4886738300","name":"Улица Буракова","osmId":4886738300,"routeIds":["osm-rel:1284062"]}},{"type":"Feature","geometry":{"type":"Point","coordinates":[37.7377677,55.7557008]},"properties":{"stopId":"osm:1448713880","name":"Улица Буракова","osmId":1448713880,"routeIds":["osm-rel:1284062"]}},{"type":"Feature","geometry":{"type":"Point","coordinates":[37.742987,55.7568504]},"properties":{"stopId":"osm:800886913","name":"Проспект Будённого","osmId":800886913,"routeIds":["osm-rel:1284062"]}},{"type":"Feature","geometry":{"type":"Point","coordinates":[37.7431338,55.756814]},"properties":{"stopId":"osm:528559428","name":"Проспект Будённого","osmId":528559428,"routeIds":["osm-rel:1284062"]}},{"type":"Feature","geometry":{"type":"Point","coordinates":[37.7483598,55.7587475]},"properties":{"stopId":"osm:3446041495","name":"МЦК «Шоссе Энтузиастов»","osmId":3446041495,"routeIds":["osm-rel:1284062"]}},{"type":"Feature","geometry":{"type":"Point","coordinates":[37.7482865,55.7587939]},"properties":{"stopId":"osm:10881867437","name":"МЦК «Шоссе Энтузиастов»","osmId":10881867437,"routeIds":["osm-rel:1284062"]}},{"type":"Feature","geometry":{"type":"Point","coordinates":[37.7523684,55.7585981]},"properties":{"stopId":"osm:695081258","name":"Метро «Шоссе Энтузиастов»","osmId":695081258,"routeIds":["osm-rel:1284062"]}},{"type":"Feature","geometry":{"type":"Point","coordinates":[37.7523799,55.7585736]},"properties":{"stopId":"osm:9450316043","name":"Метро «Шоссе Энтузиастов»","osmId":9450316043,"routeIds":["osm-rel:1284062"]}},{"type":"Feature","geometry":{"type":"Point","coordinates":[37.7565787,55.7594045]},"properties":{"stopId":"osm:496984206","name":"Улица Плеханова","osmId":496984206,"routeIds":["osm-rel:1284062"]}},{"type":"Feature","geometry":{"type":"Point","coordinates":[37.7565926,55.759381]},"properties":{"stopId":"osm:10881867441","name":"Улица Плеханова","osmId":10881867441,"routeIds":["osm-rel:1284062"]}},{"type":"Feature","geometry":{"type":"Point","coordinates":[37.768417,55.7616633]},"properties":{"stopId":"osm:3446041532","name":"Главная аллея","osmId":3446041532,"routeIds":["osm-rel:1284062"]}},{"type":"Feature","geometry":{"type":"Point","coordinates":[37.7684062,55.7616471]},"properties":{"stopId":"osm:1446946912","name":"Главная аллея","osmId":1446946912,"routeIds":["osm-rel:1284062"]}},{"type":"Feature","geometry":{"type":"Point","coordinates":[37.7740522,55.7627601]},"properties":{"stopId":"osm:695081259","name":"Кинотеатр «Слава»","osmId":695081259,"routeIds":["osm-rel:1284062"]}},{"type":"Feature","geometry":{"type":"Point","coordinates":[37.773859,55.7627041]},"properties":{"stopId":"osm:1446830884","name":"Кинотеатр «Слава»","osmId":1446830884,"routeIds":["osm-rel:1284062"]}},{"type":"Feature","geometry":{"type":"Point","coordinates":[37.7782915,55.7636269]},"properties":{"stopId":"osm:800563880","name":"2-я Владимирская улица","osmId":800563880,"routeIds":["osm-rel:1284062"]}},{"type":"Feature","geometry":{"type":"Point","coordinates":[37.7783089,55.76360605]},"properties":{"stopId":"osm:way:1313577106","name":"2-я Владимирская улица","osmId":1313577106,"routeIds":["osm-rel:1284062"]}},{"type":"Feature","geometry":{"type":"Point","coordinates":[37.7850684,55.7633133]},"properties":{"stopId":"osm:937066580","name":"Шоссе Энтузиастов","osmId":937066580,"routeIds":["osm-rel:1284062"]}},{"type":"Feature","geometry":{"type":"Point","coordinates":[37.7850321,55.7633051]},"properties":{"stopId":"osm:10881867447","name":"Шоссе Энтузиастов","osmId":10881867447,"routeIds":["osm-rel:1284062"]}},{"type":"Feature","geometry":{"type":"Point","coordinates":[37.7865634,55.7608281]},"properties":{"stopId":"osm:13240581662","name":"МФЦ Перово","osmId":13240581662,"routeIds":["osm-rel:1284062"]}},{"type":"Feature","geometry":{"type":"Point","coordinates":[37.78637965,55.7610473]},"properties":{"stopId":"osm:way:1498779383","name":"МФЦ Перово","osmId":1498779383,"routeIds":["osm-rel:1284062"]}},{"type":"Feature","geometry":{"type":"Point","coordinates":[37.7877879,55.7588247]},"properties":{"stopId":"osm:255743893","name":"Улица Металлургов","osmId":255743893,"routeIds":["osm-rel:1284062"]}},{"type":"Feature","geometry":{"type":"Point","coordinates":[37.7877532,55.7588211]},"properties":{"stopId":"osm:10881867449","name":"Улица Металлургов","osmId":10881867449,"routeIds":["osm-rel:1284062"]}},{"type":"Feature","geometry":{"type":"Point","coordinates":[37.7891758,55.7564232]},"properties":{"stopId":"osm:255743892","name":"Федеративный проспект","osmId":255743892,"routeIds":["osm-rel:1284062"]}},{"type":"Feature","geometry":{"type":"Point","coordinates":[37.7891479,55.7564184]},"properties":{"stopId":"osm:1446946916","name":"Федеративный проспект","osmId":1446946916,"routeIds":["osm-rel:1284062"]}},{"type":"Feature","geometry":{"type":"Point","coordinates":[37.7926018,55.7521978]},"properties":{"stopId":"osm:496988723","name":"Перово Поле","osmId":496988723,"routeIds":["osm-rel:1284062"]}},{"type":"Feature","geometry":{"type":"Point","coordinates":[37.7926758,55.7521897]},"properties":{"stopId":"osm:10881867450","name":"Перово Поле","osmId":10881867450,"routeIds":["osm-rel:1284062"]}},{"type":"Feature","geometry":{"type":"Point","coordinates":[37.7976204,55.753192]},"properties":{"stopId":"osm:9429541815","name":"Новогиреевская улица, 37","osmId":9429541815,"routeIds":["osm-rel:1284062"]}},{"type":"Feature","geometry":{"type":"Point","coordinates":[37.7976425,55.7531596]},"properties":{"stopId":"osm:9429541814","name":"Новогиреевская улица, 37","osmId":9429541814,"routeIds":["osm-rel:1284062"]}},{"type":"Feature","geometry":{"type":"Point","coordinates":[37.8028828,55.7535471]},"properties":{"stopId":"osm:255740855","name":"Мартеновская улица","osmId":255740855,"routeIds":["osm-rel:1284062"]}},{"type":"Feature","geometry":{"type":"Point","coordinates":[37.8028581,55.7535]},"properties":{"stopId":"osm:10881867455","name":"Мартеновская улица","osmId":10881867455,"routeIds":["osm-rel:1284062"]}},{"type":"Feature","geometry":{"type":"Point","coordinates":[37.8076199,55.7528688]},"properties":{"stopId":"osm:60906314","name":"Зелёный проспект, 65","osmId":60906314,"routeIds":["osm-rel:1284062"]}},{"type":"Feature","geometry":{"type":"Point","coordinates":[37.8075387,55.7528474]},"properties":{"stopId":"osm:10881867462","name":"Зелёный проспект, 65","osmId":10881867462,"routeIds":["osm-rel:1284062"]}},{"type":"Feature","geometry":{"type":"Point","coordinates":[37.813052,55.7520869]},"properties":{"stopId":"osm:10881867470","name":"Метро «Новогиреево»","osmId":10881867470,"routeIds":["osm-rel:1284062"]}},{"type":"Feature","geometry":{"type":"Point","coordinates":[37.8130397,55.7520585]},"properties":{"stopId":"osm:10881867471","name":"Метро «Новогиреево»","osmId":10881867471,"routeIds":["osm-rel:1284062"]}},{"type":"Feature","geometry":{"type":"Point","coordinates":[37.818264,55.751362]},"properties":{"stopId":"osm:255589067","name":"Метро «Новогиреево»","osmId":255589067,"routeIds":["osm-rel:1284062"]}},{"type":"Feature","geometry":{"type":"Point","coordinates":[37.818241,55.7513055]},"properties":{"stopId":"osm:5506761036","name":"Метро «Новогиреево»","osmId":5506761036,"routeIds":["osm-rel:1284062"]}},{"type":"Feature","geometry":{"type":"Point","coordinates":[37.8174153,55.7470862]},"properties":{"stopId":"osm:726648668","name":"Улица Алексея Дикого","osmId":726648668,"routeIds":["osm-rel:1284062"]}},{"type":"Feature","geometry":{"type":"Point","coordinates":[37.8173839,55.747265760000005]},"properties":{"stopId":"osm:way:1170990485","name":"Улица Алексея Дикого","osmId":1170990485,"routeIds":["osm-rel:1284062"]}},{"type":"Feature","geometry":{"type":"Point","coordinates":[37.8162498,55.7451905]},"properties":{"stopId":"osm:705055793","name":"МЦД Новогиреево","osmId":705055793,"routeIds":["osm-rel:1284062"]}},{"type":"Feature","geometry":{"type":"Point","coordinates":[37.816267100000005,55.7452188]},"properties":{"stopId":"osm:way:1150757493","name":"МЦД Новогиреево","osmId":1150757493,"routeIds":["osm-rel:1284062"]}},{"type":"Feature","geometry":{"type":"Point","coordinates":[37.8167798,55.7454178]},"properties":{"stopId":"osm:705055372","name":"МЦД Новогиреево","osmId":705055372,"routeIds":["osm-rel:1343391"]}},{"type":"Feature","geometry":{"type":"Point","coordinates":[37.816811200000004,55.74542185]},"properties":{"stopId":"osm:way:1150757494","name":"МЦД Новогиреево","osmId":1150757494,"routeIds":["osm-rel:1343391"]}},{"type":"Feature","geometry":{"type":"Point","coordinates":[37.817602,55.7473746]},"properties":{"stopId":"osm:705056453","name":"Улица Алексея Дикого","osmId":705056453,"routeIds":["osm-rel:1343391"]}},{"type":"Feature","geometry":{"type":"Point","coordinates":[37.817577,55.747211199999995]},"properties":{"stopId":"osm:way:1170990484","name":"Улица Алексея Дикого","osmId":1170990484,"routeIds":["osm-rel:1343391"]}},{"type":"Feature","geometry":{"type":"Point","coordinates":[37.818079,55.7514209]},"properties":{"stopId":"osm:5506761046","name":"Метро «Новогиреево»","osmId":5506761046,"routeIds":["osm-rel:1343391"]}},{"type":"Feature","geometry":{"type":"Point","coordinates":[37.8180896,55.7514544]},"properties":{"stopId":"osm:5506761045","name":"Метро «Новогиреево»","osmId":5506761045,"routeIds":["osm-rel:1343391"]}},{"type":"Feature","geometry":{"type":"Point","coordinates":[37.8135257,55.7520578]},"properties":{"stopId":"osm:255740854","name":"Метро «Новогиреево»","osmId":255740854,"routeIds":["osm-rel:1343391"]}},{"type":"Feature","geometry":{"type":"Point","coordinates":[37.813544,55.7521141]},"properties":{"stopId":"osm:1447886395","name":"Метро «Новогиреево»","osmId":1447886395,"routeIds":["osm-rel:1343391"]}},{"type":"Feature","geometry":{"type":"Point","coordinates":[37.8081168,55.7528262]},"properties":{"stopId":"osm:936862418","name":"Зелёный проспект, 65","osmId":936862418,"routeIds":["osm-rel:1343391"]}},{"type":"Feature","geometry":{"type":"Point","coordinates":[37.8081326,55.7528585]},"properties":{"stopId":"osm:10881867469","name":"Зелёный проспект, 65","osmId":10881867469,"routeIds":["osm-rel:1343391"]}},{"type":"Feature","geometry":{"type":"Point","coordinates":[37.8038276,55.7534462]},"properties":{"stopId":"osm:3446041579","name":"Мартеновская улица","osmId":3446041579,"routeIds":["osm-rel:1343391"]}},{"type":"Feature","geometry":{"type":"Point","coordinates":[37.8038532,55.7534758]},"properties":{"stopId":"osm:10881867456","name":"Мартеновская улица","osmId":10881867456,"routeIds":["osm-rel:1343391"]}},{"type":"Feature","geometry":{"type":"Point","coordinates":[37.7987192,55.7534456]},"properties":{"stopId":"osm:9423699867","name":"Новогиреевская улица, 37","osmId":9423699867,"routeIds":["osm-rel:1343391"]}},{"type":"Feature","geometry":{"type":"Point","coordinates":[37.7987053,55.7534656]},"properties":{"stopId":"osm:9429551118","name":"Новогиреевская улица, 37","osmId":9429551118,"routeIds":["osm-rel:1343391"]}},{"type":"Feature","geometry":{"type":"Point","coordinates":[37.792581,55.752229]},"properties":{"stopId":"osm:255743891","name":"Перово Поле","osmId":255743891,"routeIds":["osm-rel:1343391"]}},{"type":"Feature","geometry":{"type":"Point","coordinates":[37.79261855,55.7522596]},"properties":{"stopId":"osm:way:1170990479","name":"Перово Поле","osmId":1170990479,"routeIds":["osm-rel:1343391"]}},{"type":"Feature","geometry":{"type":"Point","coordinates":[37.7894501,55.7560757]},"properties":{"stopId":"osm:936862421","name":"Федеративный проспект","osmId":936862421,"routeIds":["osm-rel:1343391"]}},{"type":"Feature","geometry":{"type":"Point","coordinates":[37.7895108,55.7560498]},"properties":{"stopId":"osm:1446946917","name":"Федеративный проспект","osmId":1446946917,"routeIds":["osm-rel:1343391"]}},{"type":"Feature","geometry":{"type":"Point","coordinates":[37.7881329,55.7583771]},"properties":{"stopId":"osm:936862413","name":"Улица Металлургов","osmId":936862413,"routeIds":["osm-rel:1343391"]}},{"type":"Feature","geometry":{"type":"Point","coordinates":[37.7883201,55.7583992]},"properties":{"stopId":"osm:2314135533","name":"Улица Металлургов","osmId":2314135533,"routeIds":["osm-rel:1343391"]}},{"type":"Feature","geometry":{"type":"Point","coordinates":[37.7863963,55.7612107]},"properties":{"stopId":"osm:13240581661","name":"МФЦ Перово","osmId":13240581661,"routeIds":["osm-rel:1343391"]}},{"type":"Feature","geometry":{"type":"Point","coordinates":[37.786514249999996,55.7610706]},"properties":{"stopId":"osm:way:1498779382","name":"МФЦ Перово","osmId":1498779382,"routeIds":["osm-rel:1343391"]}},{"type":"Feature","geometry":{"type":"Point","coordinates":[37.7849942,55.7635225]},"properties":{"stopId":"osm:255743894","name":"Шоссе Энтузиастов","osmId":255743894,"routeIds":["osm-rel:1343391"]}},{"type":"Feature","geometry":{"type":"Point","coordinates":[37.785012,55.7635273]},"properties":{"stopId":"osm:10881867448","name":"Шоссе Энтузиастов","osmId":10881867448,"routeIds":["osm-rel:1343391"]}},{"type":"Feature","geometry":{"type":"Point","coordinates":[37.7780738,55.7636124]},"properties":{"stopId":"osm:936862439","name":"2-я Владимирская улица","osmId":936862439,"routeIds":["osm-rel:1343391"]}},{"type":"Feature","geometry":{"type":"Point","coordinates":[37.7782629,55.76366745]},"properties":{"stopId":"osm:way:1313577105","name":"2-я Владимирская улица","osmId":1313577105,"routeIds":["osm-rel:1343391"]}},{"type":"Feature","geometry":{"type":"Point","coordinates":[37.7736182,55.7627183]},"properties":{"stopId":"osm:496984841","name":"Кинотеатр «Слава»","osmId":496984841,"routeIds":["osm-rel:1343391"]}},{"type":"Feature","geometry":{"type":"Point","coordinates":[37.7734503,55.7627615]},"properties":{"stopId":"osm:10881867445","name":"Кинотеатр «Слава»","osmId":10881867445,"routeIds":["osm-rel:1343391"]}},{"type":"Feature","geometry":{"type":"Point","coordinates":[37.7689284,55.7617984]},"properties":{"stopId":"osm:10881867444","name":"Главная аллея","osmId":10881867444,"routeIds":["osm-rel:1343391"]}},{"type":"Feature","geometry":{"type":"Point","coordinates":[37.7688959,55.7618417]},"properties":{"stopId":"osm:10881867443","name":"Главная аллея","osmId":10881867443,"routeIds":["osm-rel:1343391"]}},{"type":"Feature","geometry":{"type":"Point","coordinates":[37.7566912,55.7594667]},"properties":{"stopId":"osm:695657537","name":"Улица Плеханова","osmId":695657537,"routeIds":["osm-rel:1343391"]}},{"type":"Feature","geometry":{"type":"Point","coordinates":[37.7565899,55.7594768]},"properties":{"stopId":"osm:10881867442","name":"Улица Плеханова","osmId":10881867442,"routeIds":["osm-rel:1343391"]}},{"type":"Feature","geometry":{"type":"Point","coordinates":[37.7520138,55.7585703]},"properties":{"stopId":"osm:695657536","name":"Метро «Шоссе Энтузиастов»","osmId":695657536,"routeIds":["osm-rel:1343391"]}},{"type":"Feature","geometry":{"type":"Point","coordinates":[37.7519948,55.7586013]},"properties":{"stopId":"osm:9450316044","name":"Метро «Шоссе Энтузиастов»","osmId":9450316044,"routeIds":["osm-rel:1343391"]}},{"type":"Feature","geometry":{"type":"Point","coordinates":[37.7484119,55.7590199]},"properties":{"stopId":"osm:4394189537","name":"МЦК «Шоссе Энтузиастов»","osmId":4394189537,"routeIds":["osm-rel:1343391"]}},{"type":"Feature","geometry":{"type":"Point","coordinates":[37.7484655,55.759015]},"properties":{"stopId":"osm:10881867438","name":"МЦК «Шоссе Энтузиастов»","osmId":10881867438,"routeIds":["osm-rel:1343391"]}},{"type":"Feature","geometry":{"type":"Point","coordinates":[37.7423794,55.7567591]},"properties":{"stopId":"osm:3446041502","name":"Проспект Будённого","osmId":3446041502,"routeIds":["osm-rel:1343391"]}},{"type":"Feature","geometry":{"type":"Point","coordinates":[37.7423127,55.7567834]},"properties":{"stopId":"osm:10881867436","name":"Проспект Будённого","osmId":10881867436,"routeIds":["osm-rel:1343391"]}},{"type":"Feature","geometry":{"type":"Point","coordinates":[37.7375763,55.7557358]},"properties":{"stopId":"osm:4886738301","name":"Улица Буракова","osmId":4886738301,"routeIds":["osm-rel:1343391"]}},{"type":"Feature","geometry":{"type":"Point","coordinates":[37.7375505,55.7557691]},"properties":{"stopId":"osm:4081348990","name":"Улица Буракова","osmId":4081348990,"routeIds":["osm-rel:1343391"]}},{"type":"Feature","geometry":{"type":"Point","coordinates":[37.7238732,55.7530488]},"properties":{"stopId":"osm:800886899","name":"Дом культуры «Компрессор»","osmId":800886899,"routeIds":["osm-rel:1343391","osm-rel:1690015"]}},{"type":"Feature","geometry":{"type":"Point","coordinates":[37.7238013,55.7531158]},"properties":{"stopId":"osm:10881866062","name":"Дом культуры «Компрессор»","osmId":10881866062,"routeIds":["osm-rel:1343391","osm-rel:1690015"]}},{"type":"Feature","geometry":{"type":"Point","coordinates":[37.7205977,55.7524097]},"properties":{"stopId":"osm:7618078829","name":"Метро «Авиамоторная»","osmId":7618078829,"routeIds":["osm-rel:1343391","osm-rel:1690015"]}},{"type":"Feature","geometry":{"type":"Point","coordinates":[37.7205837,55.7524349]},"properties":{"stopId":"osm:10881866061","name":"Метро «Авиамоторная»","osmId":10881866061,"routeIds":["osm-rel:1343391","osm-rel:1690015"]}},{"type":"Feature","geometry":{"type":"Point","coordinates":[37.7157334,55.7515035]},"properties":{"stopId":"osm:800886916","name":"Метро «Авиамоторная»","osmId":800886916,"routeIds":["osm-rel:1343391","osm-rel:1690015"]}},{"type":"Feature","geometry":{"type":"Point","coordinates":[37.7156433,55.7515354]},"properties":{"stopId":"osm:10881866058","name":"Метро «Авиамоторная»","osmId":10881866058,"routeIds":["osm-rel:1343391","osm-rel:1690015"]}},{"type":"Feature","geometry":{"type":"Point","coordinates":[37.7087173,55.7542282]},"properties":{"stopId":"osm:1507754589","name":"МЭИ","osmId":1507754589,"routeIds":["osm-rel:1343391"]}},{"type":"Feature","geometry":{"type":"Point","coordinates":[37.7087495,55.7543132]},"properties":{"stopId":"osm:3780805419","name":"МЭИ","osmId":3780805419,"routeIds":["osm-rel:1343391"]}},{"type":"Feature","geometry":{"type":"Point","coordinates":[37.6987546,55.7575325]},"properties":{"stopId":"osm:1507754571","name":"Улица Лефортовский Вал","osmId":1507754571,"routeIds":["osm-rel:1343391"]}},{"type":"Feature","geometry":{"type":"Point","coordinates":[37.6988326,55.7576175]},"properties":{"stopId":"osm:10707838187","name":"Улица Лефортовский Вал","osmId":10707838187,"routeIds":["osm-rel:1343391"]}},{"type":"Feature","geometry":{"type":"Point","coordinates":[37.6932552,55.7593737]},"properties":{"stopId":"osm:1507754852","name":"1-й Краснокурсантский проезд","osmId":1507754852,"routeIds":["osm-rel:1343391"]}},{"type":"Feature","geometry":{"type":"Point","coordinates":[37.6933419,55.759461]},"properties":{"stopId":"osm:10707838191","name":"1-й Краснокурсантский проезд","osmId":10707838191,"routeIds":["osm-rel:1343391"]}},{"type":"Feature","geometry":{"type":"Point","coordinates":[37.6880219,55.7612358]},"properties":{"stopId":"osm:1507754587","name":"Лефортовский мост","osmId":1507754587,"routeIds":["osm-rel:1343391"]}},{"type":"Feature","geometry":{"type":"Point","coordinates":[37.6881333,55.7613286]},"properties":{"stopId":"osm:10707838195","name":"Лефортовский мост","osmId":10707838195,"routeIds":["osm-rel:1343391"]}},{"type":"Feature","geometry":{"type":"Point","coordinates":[37.682302,55.7628491]},"properties":{"stopId":"osm:2360761231","name":"Лефортовская набережная","osmId":2360761231,"routeIds":["osm-rel:1343391"]}},{"type":"Feature","geometry":{"type":"Point","coordinates":[37.6826188,55.7628918]},"properties":{"stopId":"osm:10707838200","name":"Лефортовская набережная","osmId":10707838200,"routeIds":["osm-rel:1343391"]}},{"type":"Feature","geometry":{"type":"Point","coordinates":[37.6801524,55.7652335]},"properties":{"stopId":"osm:2360708033","name":"МГТУ имени Баумана","osmId":2360708033,"routeIds":["osm-rel:1343391"]}},{"type":"Feature","geometry":{"type":"Point","coordinates":[37.6802257,55.7652358]},"properties":{"stopId":"osm:10881866054","name":"МГТУ имени Баумана","osmId":10881866054,"routeIds":["osm-rel:1343391"]}},{"type":"Feature","geometry":{"type":"Point","coordinates":[37.6798643,55.7668566]},"properties":{"stopId":"osm:13725188935","name":"Денисовский переулок","osmId":13725188935,"routeIds":["osm-rel:1343391"]}},{"type":"Feature","geometry":{"type":"Point","coordinates":[37.6799231,55.7668599]},"properties":{"stopId":"osm:13725188936","name":"Денисовский переулок","osmId":13725188936,"routeIds":["osm-rel:1343391"]}},{"type":"Feature","geometry":{"type":"Point","coordinates":[37.6796233,55.768105]},"properties":{"stopId":"osm:2360708026","name":"Аптекарский переулок","osmId":2360708026,"routeIds":["osm-rel:1343391"]}},{"type":"Feature","geometry":{"type":"Point","coordinates":[37.6796958,55.7681098]},"properties":{"stopId":"osm:3652633568","name":"Аптекарский переулок","osmId":3652633568,"routeIds":["osm-rel:1343391"]}},{"type":"Feature","geometry":{"type":"Point","coordinates":[37.6786612,55.772195]},"properties":{"stopId":"osm:2360708034","name":"Метро «Бауманская»","osmId":2360708034,"routeIds":["osm-rel:1343391"]}},{"type":"Feature","geometry":{"type":"Point","coordinates":[37.6788101,55.7721064]},"properties":{"stopId":"osm:3338239939","name":"Метро «Бауманская»","osmId":3338239939,"routeIds":["osm-rel:1343391"]}},{"type":"Feature","geometry":{"type":"Point","coordinates":[37.6778637,55.7751735]},"properties":{"stopId":"osm:2358271807","name":"Басманный двор","osmId":2358271807,"routeIds":["osm-rel:1343391"]}},{"type":"Feature","geometry":{"type":"Point","coordinates":[37.6779655,55.7751744]},"properties":{"stopId":"osm:10776604073","name":"Басманный двор","osmId":10776604073,"routeIds":["osm-rel:1343391"]}},{"type":"Feature","geometry":{"type":"Point","coordinates":[37.6734216,55.777094]},"properties":{"stopId":"osm:2358271811","name":"Поликлиника","osmId":2358271811,"routeIds":["osm-rel:1343391"]}},{"type":"Feature","geometry":{"type":"Point","coordinates":[37.6733573,55.7771506]},"properties":{"stopId":"osm:10776604079","name":"Поликлиника","osmId":10776604079,"routeIds":["osm-rel:1343391"]}},{"type":"Feature","geometry":{"type":"Point","coordinates":[37.6703821,55.7763944]},"properties":{"stopId":"osm:2358271809","name":"Ольховская улица","osmId":2358271809,"routeIds":["osm-rel:1343391"]}},{"type":"Feature","geometry":{"type":"Point","coordinates":[37.6705247,55.7764171]},"properties":{"stopId":"osm:4886738299","name":"Ольховская улица","osmId":4886738299,"routeIds":["osm-rel:1343391"]}},{"type":"Feature","geometry":{"type":"Point","coordinates":[37.6668325,55.7790764]},"properties":{"stopId":"osm:2358271813","name":"Метро «Красносельская»","osmId":2358271813,"routeIds":["osm-rel:1343391"]}},{"type":"Feature","geometry":{"type":"Point","coordinates":[37.6669923,55.7791436]},"properties":{"stopId":"osm:4886738296","name":"Метро «Красносельская»","osmId":4886738296,"routeIds":["osm-rel:1343391"]}},{"type":"Feature","geometry":{"type":"Point","coordinates":[37.6563076,55.7754616]},"properties":{"stopId":"osm:387747233","name":"Метро «Комсомольская»","osmId":387747233,"routeIds":["osm-rel:1343391"]}},{"type":"Feature","geometry":{"type":"Point","coordinates":[37.6528508,55.7745787]},"properties":{"stopId":"osm:13134322143","name":"МЦД Площадь трёх вокзалов","osmId":13134322143,"routeIds":["osm-rel:1343391"]}},{"type":"Feature","geometry":{"type":"Point","coordinates":[37.6528408,55.7745983]},"properties":{"stopId":"osm:13125509305","name":"МЦД Площадь трёх вокзалов","osmId":13125509305,"routeIds":["osm-rel:1343391"]}},{"type":"Feature","geometry":{"type":"Point","coordinates":[37.6476499,55.7732228]},"properties":{"stopId":"osm:13134322138","name":"Улица Маши Порываевой","osmId":13134322138,"routeIds":["osm-rel:1343391"]}},{"type":"Feature","geometry":{"type":"Point","coordinates":[37.6476041,55.7732148]},"properties":{"stopId":"osm:way:1429240872","name":"Улица Маши Порываевой","osmId":1429240872,"routeIds":["osm-rel:1343391"]}},{"type":"Feature","geometry":{"type":"Point","coordinates":[37.644509,55.7709456]},"properties":{"stopId":"osm:13134322146","name":"Проспект Академика Сахарова","osmId":13134322146,"routeIds":["osm-rel:1343391"]}},{"type":"Feature","geometry":{"type":"Point","coordinates":[37.64462655,55.77106315]},"properties":{"stopId":"osm:way:1465585294","name":"Проспект Академика Сахарова","osmId":1465585294,"routeIds":["osm-rel:1343391"]}},{"type":"Feature","geometry":{"type":"Point","coordinates":[37.6370034,55.7662956]},"properties":{"stopId":"osm:13134322148","name":"Лукойл Москва","osmId":13134322148,"routeIds":["osm-rel:1343391"]}},{"type":"Feature","geometry":{"type":"Point","coordinates":[37.637183,55.76642135]},"properties":{"stopId":"osm:way:1465585295","name":"Лукойл Москва","osmId":1465585295,"routeIds":["osm-rel:1343391"]}},{"type":"Feature","geometry":{"type":"Point","coordinates":[37.6380224,55.7648765]},"properties":{"stopId":"osm:13134322140","name":"Метро «Чистые пруды»","osmId":13134322140,"routeIds":["osm-rel:1343391"]}},{"type":"Feature","geometry":{"type":"Point","coordinates":[37.6379853,55.7648583]},"properties":{"stopId":"osm:13442295386","name":"Метро «Чистые пруды»","osmId":13442295386,"routeIds":["osm-rel:1343391"]}},{"type":"Feature","geometry":{"type":"Point","coordinates":[37.6414078,55.7630666]},"properties":{"stopId":"osm:1376965964","name":"Большой Харитоньевский переулок","osmId":1376965964,"routeIds":["osm-rel:1343391"]}},{"type":"Feature","geometry":{"type":"Point","coordinates":[37.641236750000004,55.76312575]},"properties":{"stopId":"osm:way:500290232","name":"Большой Харитоньевский переулок","osmId":500290232,"routeIds":["osm-rel:1343391"]}},{"type":"Feature","geometry":{"type":"Point","coordinates":[37.6451822,55.7595125]},"properties":{"stopId":"osm:1376965981","name":"Покровские Ворота","osmId":1376965981,"routeIds":["osm-rel:1343391"]}},{"type":"Feature","geometry":{"type":"Point","coordinates":[37.6450509,55.75963255]},"properties":{"stopId":"osm:way:250927412","name":"Покровские Ворота","osmId":250927412,"routeIds":["osm-rel:1343391"]}},{"type":"Feature","geometry":{"type":"Point","coordinates":[37.6479447,55.756174]},"properties":{"stopId":"osm:1376965977","name":"Казарменный переулок","osmId":1376965977,"routeIds":["osm-rel:1343391"]}},{"type":"Feature","geometry":{"type":"Point","coordinates":[37.64775470000001,55.756386299999996]},"properties":{"stopId":"osm:way:533065221","name":"Казарменный переулок","osmId":533065221,"routeIds":["osm-rel:1343391"]}},{"type":"Feature","geometry":{"type":"Point","coordinates":[37.6470423,55.7532041]},"properties":{"stopId":"osm:1376965973","name":"Воронцово Поле","osmId":1376965973,"routeIds":["osm-rel:1343391"]}},{"type":"Feature","geometry":{"type":"Point","coordinates":[37.64710725,55.75336905]},"properties":{"stopId":"osm:way:533065217","name":"Воронцово Поле","osmId":533065217,"routeIds":["osm-rel:1343391"]}},{"type":"Feature","geometry":{"type":"Point","coordinates":[37.6420034,55.750049]},"properties":{"stopId":"osm:1376698065","name":"Яузские Ворота","osmId":1376698065,"routeIds":["osm-rel:1343391"]}},{"type":"Feature","geometry":{"type":"Point","coordinates":[37.64213972499999,55.750223525]},"properties":{"stopId":"osm:way:1334335975","name":"Яузские Ворота","osmId":1334335975,"routeIds":["osm-rel:1343391"]}},{"type":"Feature","geometry":{"type":"Point","coordinates":[37.6341675,55.7442066]},"properties":{"stopId":"osm:1376698061","name":"Комиссариатский мост","osmId":1376698061,"routeIds":["osm-rel:1343391"]}},{"type":"Feature","geometry":{"type":"Point","coordinates":[37.63436636666666,55.7443335]},"properties":{"stopId":"osm:way:721162901","name":"Комиссариатский мост","osmId":721162901,"routeIds":["osm-rel:1343391"]}},{"type":"Feature","geometry":{"type":"Point","coordinates":[37.6303559,55.7425889]},"properties":{"stopId":"osm:1376698063","name":"Метро «Новокузнецкая»","osmId":1376698063,"routeIds":["osm-rel:1343391"]}},{"type":"Feature","geometry":{"type":"Point","coordinates":[37.6303028,55.7426251]},"properties":{"stopId":"osm:4983944950","name":"Метро «Новокузнецкая»","osmId":4983944950,"routeIds":["osm-rel:1343391"]}},{"type":"Feature","geometry":{"type":"Point","coordinates":[37.6297282,55.7403863]},"properties":{"stopId":"osm:1376698057","name":"Метро «Третьяковская»","osmId":1376698057,"routeIds":["osm-rel:1343391"]}},{"type":"Feature","geometry":{"type":"Point","coordinates":[37.6295944,55.7403777]},"properties":{"stopId":"osm:4986971157","name":"Метро «Третьяковская»","osmId":4986971157,"routeIds":["osm-rel:1343391"]}},{"type":"Feature","geometry":{"type":"Point","coordinates":[37.6320913,55.7359715]},"properties":{"stopId":"osm:1376698051","name":"Вишняковский переулок","osmId":1376698051,"routeIds":["osm-rel:1343391"]}},{"type":"Feature","geometry":{"type":"Point","coordinates":[37.6320048,55.7359477]},"properties":{"stopId":"osm:10788316656","name":"Вишняковский переулок","osmId":10788316656,"routeIds":["osm-rel:1343391"]}},{"type":"Feature","geometry":{"type":"Point","coordinates":[37.635273,55.7316009]},"properties":{"stopId":"osm:1376698055","name":"Метро «Павелецкая»","osmId":1376698055,"routeIds":["osm-rel:1343391"]}},{"type":"Feature","geometry":{"type":"Point","coordinates":[37.6351722,55.7315814]},"properties":{"stopId":"osm:5172107818","name":"Метро «Павелецкая»","osmId":5172107818,"routeIds":["osm-rel:1343391"]}},{"type":"Feature","geometry":{"type":"Point","coordinates":[37.6366602,55.7295122]},"properties":{"stopId":"osm:1376689644","name":"Павелецкий вокзал","osmId":1376689644,"routeIds":["osm-rel:1343391","osm-rel:1690015"]}},{"type":"Feature","geometry":{"type":"Point","coordinates":[37.6365817,55.72963325]},"properties":{"stopId":"osm:way:1168666603","name":"Павелецкий вокзал","osmId":1168666603,"routeIds":["osm-rel:1343391","osm-rel:1690015"]}},{"type":"Feature","geometry":{"type":"Point","coordinates":[37.6372403,55.726948]},"properties":{"stopId":"osm:1376689652","name":"Стремянный переулок","osmId":1376689652,"routeIds":["osm-rel:1343391","osm-rel:1690015"]}},{"type":"Feature","geometry":{"type":"Point","coordinates":[37.637194449999996,55.72708785]},"properties":{"stopId":"osm:way:1096896532","name":"Стремянный переулок","osmId":1096896532,"routeIds":["osm-rel:1343391","osm-rel:1690015"]}},{"type":"Feature","geometry":{"type":"Point","coordinates":[37.6364272,55.7236935]},"properties":{"stopId":"osm:1376689641","name":"Жуков проезд","osmId":1376689641,"routeIds":["osm-rel:1343391","osm-rel:1690015"]}},{"type":"Feature","geometry":{"type":"Point","coordinates":[37.636415825,55.723924475000004]},"properties":{"stopId":"osm:way:1096896535","name":"Жуков проезд","osmId":1096896535,"routeIds":["osm-rel:1343391","osm-rel:1690015"]}},{"type":"Feature","geometry":{"type":"Point","coordinates":[37.6346788,55.7195218]},"properties":{"stopId":"osm:1376689639","name":"Дубининская улица, 57","osmId":1376689639,"routeIds":["osm-rel:1343391","osm-rel:1690015"]}},{"type":"Feature","geometry":{"type":"Point","coordinates":[37.6346573,55.71966475]},"properties":{"stopId":"osm:way:1168587810","name":"Дубининская улица, 57","osmId":1168587810,"routeIds":["osm-rel:1343391","osm-rel:1690015"]}},{"type":"Feature","geometry":{"type":"Point","coordinates":[37.6333309,55.716406]},"properties":{"stopId":"osm:1376689766","name":"1-й Павловский переулок","osmId":1376689766,"routeIds":["osm-rel:1343391","osm-rel:1690015"]}},{"type":"Feature","geometry":{"type":"Point","coordinates":[37.63331456666666,55.71656503333333]},"properties":{"stopId":"osm:way:1168587841","name":"1-й Павловский переулок","osmId":1168587841,"routeIds":["osm-rel:1343391","osm-rel:1690015"]}},{"type":"Feature","geometry":{"type":"Point","coordinates":[37.6331976,55.7141004]},"properties":{"stopId":"osm:1376689637","name":"Улица Даниловский Вал","osmId":1376689637,"routeIds":["osm-rel:1343391","osm-rel:1690015"]}},{"type":"Feature","geometry":{"type":"Point","coordinates":[37.633137700000006,55.7141674]},"properties":{"stopId":"osm:way:1168587833","name":"Улица Даниловский Вал","osmId":1168587833,"routeIds":["osm-rel:1343391","osm-rel:1690015"]}},{"type":"Feature","geometry":{"type":"Point","coordinates":[37.6310805,55.711631]},"properties":{"stopId":"osm:1376689649","name":"Свято-Данилов монастырь","osmId":1376689649,"routeIds":["osm-rel:1343391","osm-rel:1690015"]}},{"type":"Feature","geometry":{"type":"Point","coordinates":[37.6311334,55.7116713]},"properties":{"stopId":"osm:way:1168587881","name":"Свято-Данилов монастырь","osmId":1168587881,"routeIds":["osm-rel:1343391","osm-rel:1690015"]}},{"type":"Feature","geometry":{"type":"Point","coordinates":[37.6245672,55.7109064]},"properties":{"stopId":"osm:10866606097","name":"Серпуховская Застава","osmId":10866606097,"routeIds":["osm-rel:1343391"]}},{"type":"Feature","geometry":{"type":"Point","coordinates":[37.62449553333333,55.71102496666666]},"properties":{"stopId":"osm:way:1168434495","name":"Серпуховская Застава","osmId":1168434495,"routeIds":["osm-rel:1343391"]}},{"type":"Feature","geometry":{"type":"Point","coordinates":[37.6244199,55.7084867]},"properties":{"stopId":"osm:3230415894","name":"Метро «Тульская»","osmId":3230415894,"routeIds":["osm-rel:1343391"]}},{"type":"Feature","geometry":{"type":"Point","coordinates":[37.62438775,55.7085181]},"properties":{"stopId":"osm:way:1168434496","name":"Метро «Тульская»","osmId":1168434496,"routeIds":["osm-rel:1343391"]}},{"type":"Feature","geometry":{"type":"Point","coordinates":[37.6228903,55.7044562]},"properties":{"stopId":"osm:1376637395","name":"Платформа Тульская","osmId":1376637395,"routeIds":["osm-rel:1343391"]}},{"type":"Feature","geometry":{"type":"Point","coordinates":[37.6230983,55.70460426666667]},"properties":{"stopId":"osm:way:1168434504","name":"Платформа Тульская","osmId":1168434504,"routeIds":["osm-rel:1343391"]}},{"type":"Feature","geometry":{"type":"Point","coordinates":[37.621494,55.7009595]},"properties":{"stopId":"osm:1377188043","name":"Даниловская мануфактура","osmId":1377188043,"routeIds":["osm-rel:1343391"]}},{"type":"Feature","geometry":{"type":"Point","coordinates":[37.621507199999996,55.7011014]},"properties":{"stopId":"osm:way:1168419428","name":"Даниловская мануфактура","osmId":1168419428,"routeIds":["osm-rel:1343391"]}},{"type":"Feature","geometry":{"type":"Point","coordinates":[37.6212538,55.6955304]},"properties":{"stopId":"osm:1377188053","name":"Стадион «Труд»","osmId":1377188053,"routeIds":["osm-rel:1343391"]}},{"type":"Feature","geometry":{"type":"Point","coordinates":[37.62120015,55.69558385]},"properties":{"stopId":"osm:way:1168419433","name":"Стадион «Труд»","osmId":1168419433,"routeIds":["osm-rel:1343391"]}},{"type":"Feature","geometry":{"type":"Point","coordinates":[37.622396,55.6896974]},"properties":{"stopId":"osm:1377188061","name":"МЦК Верхние Котлы","osmId":1377188061,"routeIds":["osm-rel:1343391"]}},{"type":"Feature","geometry":{"type":"Point","coordinates":[37.6223184,55.6898238]},"properties":{"stopId":"osm:way:1168419441","name":"МЦК Верхние Котлы","osmId":1168419441,"routeIds":["osm-rel:1343391"]}},{"type":"Feature","geometry":{"type":"Point","coordinates":[37.6236766,55.6842818]},"properties":{"stopId":"osm:1377188051","name":"Метро «Нагатинская»","osmId":1377188051,"routeIds":["osm-rel:1343391"]}},{"type":"Feature","geometry":{"type":"Point","coordinates":[37.623613399999996,55.684364099999996]},"properties":{"stopId":"osm:way:1168419443","name":"Метро «Нагатинская»","osmId":1168419443,"routeIds":["osm-rel:1343391"]}},{"type":"Feature","geometry":{"type":"Point","coordinates":[37.6247841,55.6803852]},"properties":{"stopId":"osm:1377334343","name":"Платформа Нагатинская","osmId":1377334343,"routeIds":["osm-rel:1343391"]}},{"type":"Feature","geometry":{"type":"Point","coordinates":[37.624676199999996,55.68055495]},"properties":{"stopId":"osm:way:1168419454","name":"Платформа Нагатинская","osmId":1168419454,"routeIds":["osm-rel:1343391"]}},{"type":"Feature","geometry":{"type":"Point","coordinates":[37.6255701,55.6781817]},"properties":{"stopId":"osm:1377334346","name":"Нижние Котлы","osmId":1377334346,"routeIds":["osm-rel:1343391"]}},{"type":"Feature","geometry":{"type":"Point","coordinates":[37.62547455,55.6783047]},"properties":{"stopId":"osm:way:1168419457","name":"Нижние Котлы","osmId":1168419457,"routeIds":["osm-rel:1343391"]}},{"type":"Feature","geometry":{"type":"Point","coordinates":[37.6265955,55.6753044]},"properties":{"stopId":"osm:1377334428","name":"1-й Нагатинский проезд","osmId":1377334428,"routeIds":["osm-rel:1343391"]}},{"type":"Feature","geometry":{"type":"Point","coordinates":[37.62653538,55.67532002]},"properties":{"stopId":"osm:way:1168419463","name":"1-й Нагатинский проезд","osmId":1168419463,"routeIds":["osm-rel:1343391"]}},{"type":"Feature","geometry":{"type":"Point","coordinates":[37.6254553,55.6693888]},"properties":{"stopId":"osm:1377334349","name":"Хлебозаводский проезд","osmId":1377334349,"routeIds":["osm-rel:1343391"]}},{"type":"Feature","geometry":{"type":"Point","coordinates":[37.625484400000005,55.66950115]},"properties":{"stopId":"osm:way:1168419468","name":"Хлебозаводский проезд","osmId":1168419468,"routeIds":["osm-rel:1343391"]}},{"type":"Feature","geometry":{"type":"Point","coordinates":[37.6151502,55.6641479]},"properties":{"stopId":"osm:1381710544","name":"Симферопольский бульвар","osmId":1381710544,"routeIds":["osm-rel:1343391"]}},{"type":"Feature","geometry":{"type":"Point","coordinates":[37.6151527,55.6641659]},"properties":{"stopId":"osm:10866445591","name":"Симферопольский бульвар","osmId":10866445591,"routeIds":["osm-rel:1343391"]}},{"type":"Feature","geometry":{"type":"Point","coordinates":[37.6128165,55.6629046]},"properties":{"stopId":"osm:1381710534","name":"Нахимовский проспект","osmId":1381710534,"routeIds":["osm-rel:1343391"]}},{"type":"Feature","geometry":{"type":"Point","coordinates":[37.6125553,55.6628709]},"properties":{"stopId":"osm:10788223302","name":"Нахимовский проспект","osmId":10788223302,"routeIds":["osm-rel:1343391"]}},{"type":"Feature","geometry":{"type":"Point","coordinates":[37.6101119,55.6606793]},"properties":{"stopId":"osm:1381710558","name":"Фруктовая улица","osmId":1381710558,"routeIds":["osm-rel:1343391"]}},{"type":"Feature","geometry":{"type":"Point","coordinates":[37.6099965,55.6607482]},"properties":{"stopId":"osm:10788316606","name":"Фруктовая улица","osmId":10788316606,"routeIds":["osm-rel:1343391"]}},{"type":"Feature","geometry":{"type":"Point","coordinates":[37.605352,55.655994]},"properties":{"stopId":"osm:1381710531","name":"Болотниковская улица","osmId":1381710531,"routeIds":["osm-rel:1343391"]}},{"type":"Feature","geometry":{"type":"Point","coordinates":[37.60530265,55.656162800000004]},"properties":{"stopId":"osm:way:1168300316","name":"Болотниковская улица","osmId":1168300316,"routeIds":["osm-rel:1343391"]}},{"type":"Feature","geometry":{"type":"Point","coordinates":[37.6054067,55.6536252]},"properties":{"stopId":"osm:1381710556","name":"Метро «Каховская»","osmId":1381710556,"routeIds":["osm-rel:1343391"]}},{"type":"Feature","geometry":{"type":"Point","coordinates":[37.605358949999996,55.6536773]},"properties":{"stopId":"osm:way:1168296274","name":"Метро «Каховская»","osmId":1168296274,"routeIds":["osm-rel:1343391"]}},{"type":"Feature","geometry":{"type":"Point","coordinates":[37.6054902,55.6491778]},"properties":{"stopId":"osm:1381710553","name":"Симферопольский бульвар, 20","osmId":1381710553,"routeIds":["osm-rel:1343391"]}},{"type":"Feature","geometry":{"type":"Point","coordinates":[37.6054374,55.64930215]},"properties":{"stopId":"osm:way:1168296276","name":"Симферопольский бульвар, 20","osmId":1168296276,"routeIds":["osm-rel:1343391"]}},{"type":"Feature","geometry":{"type":"Point","coordinates":[37.6055469,55.6455234]},"properties":{"stopId":"osm:1381710560","name":"Черноморский бульвар","osmId":1381710560,"routeIds":["osm-rel:1343391"]}},{"type":"Feature","geometry":{"type":"Point","coordinates":[37.60550655,55.64566875]},"properties":{"stopId":"osm:way:1168296278","name":"Черноморский бульвар","osmId":1168296278,"routeIds":["osm-rel:1343391"]}},{"type":"Feature","geometry":{"type":"Point","coordinates":[37.7090873,55.7501287]},"properties":{"stopId":"osm:12255909527","name":"Горбатый путепровод","osmId":12255909527,"routeIds":["osm-rel:1690015"]}},{"type":"Feature","geometry":{"type":"Point","coordinates":[37.7090722,55.7501584]},"properties":{"stopId":"osm:12255909524","name":"Горбатый путепровод","osmId":12255909524,"routeIds":["osm-rel:1690015"]}},{"type":"Feature","geometry":{"type":"Point","coordinates":[37.7011578,55.7486484]},"properties":{"stopId":"osm:3015998527","name":"Душинская улица","osmId":3015998527,"routeIds":["osm-rel:1690015"]}},{"type":"Feature","geometry":{"type":"Point","coordinates":[37.7011399,55.7486916]},"properties":{"stopId":"osm:12193557426","name":"Душинская улица","osmId":12193557426,"routeIds":["osm-rel:1690015"]}},{"type":"Feature","geometry":{"type":"Point","coordinates":[37.6950191,55.7479046]},"properties":{"stopId":"osm:1642037491","name":"Старообрядческая улица","osmId":1642037491,"routeIds":["osm-rel:1690015"]}},{"type":"Feature","geometry":{"type":"Point","coordinates":[37.69522555,55.747938]},"properties":{"stopId":"osm:way:1317476639","name":"Старообрядческая улица","osmId":1317476639,"routeIds":["osm-rel:1690015"]}},{"type":"Feature","geometry":{"type":"Point","coordinates":[37.6890012,55.7474223]},"properties":{"stopId":"osm:800893049","name":"МЦД Москва-Товарная","osmId":800893049,"routeIds":["osm-rel:1690015"]}},{"type":"Feature","geometry":{"type":"Point","coordinates":[37.6892122,55.7474584]},"properties":{"stopId":"osm:way:1317476640","name":"МЦД Москва-Товарная","osmId":1317476640,"routeIds":["osm-rel:1690015"]}},{"type":"Feature","geometry":{"type":"Point","coordinates":[37.6815721,55.7468677]},"properties":{"stopId":"osm:3006961598","name":"Метро «Площадь Ильича»","osmId":3006961598,"routeIds":["osm-rel:1690015"]}},{"type":"Feature","geometry":{"type":"Point","coordinates":[37.6817591,55.74690125]},"properties":{"stopId":"osm:way:1317476644","name":"Метро «Площадь Ильича»","osmId":1317476644,"routeIds":["osm-rel:1690015"]}},{"type":"Feature","geometry":{"type":"Point","coordinates":[37.6789019,55.745225]},"properties":{"stopId":"osm:4886738267","name":"Библиотечная улица","osmId":4886738267,"routeIds":["osm-rel:1690015"]}},{"type":"Feature","geometry":{"type":"Point","coordinates":[37.6786195,55.7452365]},"properties":{"stopId":"osm:10875882067","name":"Библиотечная улица","osmId":10875882067,"routeIds":["osm-rel:1690015"]}},{"type":"Feature","geometry":{"type":"Point","coordinates":[37.6765805,55.7429023]},"properties":{"stopId":"osm:2793196397","name":"Новорогожская улица","osmId":2793196397,"routeIds":["osm-rel:1690015"]}},{"type":"Feature","geometry":{"type":"Point","coordinates":[37.676448,55.7429155]},"properties":{"stopId":"osm:10875882064","name":"Новорогожская улица","osmId":10875882064,"routeIds":["osm-rel:1690015"]}},{"type":"Feature","geometry":{"type":"Point","coordinates":[37.6743521,55.74053]},"properties":{"stopId":"osm:472373351","name":"Малая Андроньевская улица","osmId":472373351,"routeIds":["osm-rel:1690015"]}},{"type":"Feature","geometry":{"type":"Point","coordinates":[37.6742512,55.7405754]},"properties":{"stopId":"osm:10875882062","name":"Малая Андроньевская улица","osmId":10875882062,"routeIds":["osm-rel:1690015"]}},{"type":"Feature","geometry":{"type":"Point","coordinates":[37.6724428,55.7379807]},"properties":{"stopId":"osm:13596692006","name":"Абельмановская Застава","osmId":13596692006,"routeIds":["osm-rel:1690015"]}},{"type":"Feature","geometry":{"type":"Point","coordinates":[37.6724108,55.7379864]},"properties":{"stopId":"osm:13596692005","name":"Абельмановская Застава","osmId":13596692005,"routeIds":["osm-rel:1690015"]}},{"type":"Feature","geometry":{"type":"Point","coordinates":[37.6705882,55.7354342]},"properties":{"stopId":"osm:472383741","name":"Кинотеатр «Победа»","osmId":472383741,"routeIds":["osm-rel:1690015"]}},{"type":"Feature","geometry":{"type":"Point","coordinates":[37.6703395,55.735498]},"properties":{"stopId":"osm:10875882055","name":"Кинотеатр «Победа»","osmId":10875882055,"routeIds":["osm-rel:1690015"]}},{"type":"Feature","geometry":{"type":"Point","coordinates":[37.6629956,55.7312027]},"properties":{"stopId":"osm:1377604237","name":"Метро «Пролетарская»","osmId":1377604237,"routeIds":["osm-rel:1690015"]}},{"type":"Feature","geometry":{"type":"Point","coordinates":[37.663633272727274,55.731381109090904]},"properties":{"stopId":"osm:way:431068996","name":"Метро «Пролетарская»","osmId":431068996,"routeIds":["osm-rel:1690015"]}},{"type":"Feature","geometry":{"type":"Point","coordinates":[37.6595925,55.7304748]},"properties":{"stopId":"osm:1377604230","name":"Динамовская улица","osmId":1377604230,"routeIds":["osm-rel:1690015"]}},{"type":"Feature","geometry":{"type":"Point","coordinates":[37.65976382499999,55.73054588749999]},"properties":{"stopId":"osm:way:431068998","name":"Динамовская улица","osmId":431068998,"routeIds":["osm-rel:1690015"]}},{"type":"Feature","geometry":{"type":"Point","coordinates":[37.6499117,55.7285343]},"properties":{"stopId":"osm:1377604233","name":"Новоспасский мост","osmId":1377604233,"routeIds":["osm-rel:1690015"]}},{"type":"Feature","geometry":{"type":"Point","coordinates":[37.65010436666666,55.72850976666666]},"properties":{"stopId":"osm:way:1151372623","name":"Новоспасский мост","osmId":1151372623,"routeIds":["osm-rel:1690015"]}},{"type":"Feature","geometry":{"type":"Point","coordinates":[37.6450088,55.7297293]},"properties":{"stopId":"osm:1377604231","name":"Кожевническая улица","osmId":1377604231,"routeIds":["osm-rel:1690015"]}},{"type":"Feature","geometry":{"type":"Point","coordinates":[37.64525966666667,55.72969053333333]},"properties":{"stopId":"osm:way:1151372633","name":"Кожевническая улица","osmId":1151372633,"routeIds":["osm-rel:1690015"]}},{"type":"Feature","geometry":{"type":"Point","coordinates":[37.6393053,55.7302209]},"properties":{"stopId":"osm:7958582323","name":"Павелецкий вокзал","osmId":7958582323,"routeIds":["osm-rel:1690015"]}},{"type":"Feature","geometry":{"type":"Point","coordinates":[37.6392876,55.73026]},"properties":{"stopId":"osm:9168213688","name":"Павелецкий вокзал","osmId":9168213688,"routeIds":["osm-rel:1690015"]}},{"type":"Feature","geometry":{"type":"Point","coordinates":[37.6230857,55.7114607]},"properties":{"stopId":"osm:10866606066","name":"Серпуховская Застава","osmId":10866606066,"routeIds":["osm-rel:1690015"]}},{"type":"Feature","geometry":{"type":"Point","coordinates":[37.6232748,55.7114841]},"properties":{"stopId":"osm:way:1168434486","name":"Серпуховская Застава","osmId":1168434486,"routeIds":["osm-rel:1690015"]}},{"type":"Feature","geometry":{"type":"Point","coordinates":[37.6181969,55.7116564]},"properties":{"stopId":"osm:1376986172","name":"Даниловский рынок","osmId":1376986172,"routeIds":["osm-rel:1690015"]}},{"type":"Feature","geometry":{"type":"Point","coordinates":[37.6182085,55.7117601]},"properties":{"stopId":"osm:2176789722","name":"Даниловский рынок","osmId":2176789722,"routeIds":["osm-rel:1690015"]}},{"type":"Feature","geometry":{"type":"Point","coordinates":[37.6138175,55.7117778]},"properties":{"stopId":"osm:1376637399","name":"Хавская улица","osmId":1376637399,"routeIds":["osm-rel:1690015"]}},{"type":"Feature","geometry":{"type":"Point","coordinates":[37.6140333,55.711879]},"properties":{"stopId":"osm:2176789725","name":"Хавская улица","osmId":2176789725,"routeIds":["osm-rel:1690015"]}},{"type":"Feature","geometry":{"type":"Point","coordinates":[37.6061337,55.7106575]},"properties":{"stopId":"osm:1376500848","name":"Серпуховский Вал","osmId":1376500848,"routeIds":["osm-rel:1690015"]}},{"type":"Feature","geometry":{"type":"Point","coordinates":[37.6060791,55.7106579]},"properties":{"stopId":"osm:10862446714","name":"Серпуховский Вал","osmId":10862446714,"routeIds":["osm-rel:1690015"]}},{"type":"Feature","geometry":{"type":"Point","coordinates":[37.6091785,55.7083293]},"properties":{"stopId":"osm:1376500850","name":"3-я Рощинская улица","osmId":1376500850,"routeIds":["osm-rel:1690015"]}},{"type":"Feature","geometry":{"type":"Point","coordinates":[37.6091859,55.7082956]},"properties":{"stopId":"osm:10873192092","name":"3-я Рощинская улица","osmId":10873192092,"routeIds":["osm-rel:1690015"]}},{"type":"Feature","geometry":{"type":"Point","coordinates":[37.6120453,55.7046676]},"properties":{"stopId":"osm:1376500695","name":"Духовской переулок","osmId":1376500695,"routeIds":["osm-rel:1690015"]}},{"type":"Feature","geometry":{"type":"Point","coordinates":[37.61198396666667,55.7046895]},"properties":{"stopId":"osm:way:294075038","name":"Духовской переулок","osmId":294075038,"routeIds":["osm-rel:1690015"]}},{"type":"Feature","geometry":{"type":"Point","coordinates":[37.6145911,55.7003102]},"properties":{"stopId":"osm:1376500709","name":"Спортивная школа «Тринта»","osmId":1376500709,"routeIds":["osm-rel:1690015"]}},{"type":"Feature","geometry":{"type":"Point","coordinates":[37.61461665,55.70040245]},"properties":{"stopId":"osm:way:1169294420","name":"Спортивная школа «Тринта»","osmId":1169294420,"routeIds":["osm-rel:1690015"]}},{"type":"Feature","geometry":{"type":"Point","coordinates":[37.6121834,55.6977119]},"properties":{"stopId":"osm:1376500648","name":"Больница имени Алексеева","osmId":1376500648,"routeIds":["osm-rel:1690015"]}},{"type":"Feature","geometry":{"type":"Point","coordinates":[37.612148166666664,55.69773406666667]},"properties":{"stopId":"osm:way:1169294418","name":"Больница имени Алексеева","osmId":1169294418,"routeIds":["osm-rel:1690015"]}},{"type":"Feature","geometry":{"type":"Point","coordinates":[37.6066745,55.6936589]},"properties":{"stopId":"osm:1376500704","name":"Севастопольский проспект, 1","osmId":1376500704,"routeIds":["osm-rel:1690015"]}},{"type":"Feature","geometry":{"type":"Point","coordinates":[37.6067557,55.693720033333335]},"properties":{"stopId":"osm:way:1169442108","name":"Севастопольский проспект, 1","osmId":1169442108,"routeIds":["osm-rel:1690015"]}},{"type":"Feature","geometry":{"type":"Point","coordinates":[37.6021874,55.6919581]},"properties":{"stopId":"osm:1376500698","name":"Загородное шоссе","osmId":1376500698,"routeIds":["osm-rel:1690015"]}},{"type":"Feature","geometry":{"type":"Point","coordinates":[37.60241725,55.6920762]},"properties":{"stopId":"osm:way:1154282926","name":"Загородное шоссе","osmId":1154282926,"routeIds":["osm-rel:1690015"]}},{"type":"Feature","geometry":{"type":"Point","coordinates":[37.5965512,55.6890945]},"properties":{"stopId":"osm:1376500846","name":"Улица Шверника","osmId":1376500846,"routeIds":["osm-rel:1690015"]}},{"type":"Feature","geometry":{"type":"Point","coordinates":[37.59657643333333,55.689163433333334]},"properties":{"stopId":"osm:way:1154282931","name":"Улица Шверника","osmId":1154282931,"routeIds":["osm-rel:1690015"]}},{"type":"Feature","geometry":{"type":"Point","coordinates":[37.593587,55.6862682]},"properties":{"stopId":"osm:1376500684","name":"Улица Винокурова","osmId":1376500684,"routeIds":["osm-rel:1690015"]}},{"type":"Feature","geometry":{"type":"Point","coordinates":[37.5936801,55.68640533333333]},"properties":{"stopId":"osm:way:1154282935","name":"Улица Винокурова","osmId":1154282935,"routeIds":["osm-rel:1690015"]}},{"type":"Feature","geometry":{"type":"Point","coordinates":[37.589751,55.6827554]},"properties":{"stopId":"osm:1376500692","name":"Улица Дмитрия Ульянова","osmId":1376500692,"routeIds":["osm-rel:1690015"]}},{"type":"Feature","geometry":{"type":"Point","coordinates":[37.58974593333333,55.68281553333333]},"properties":{"stopId":"osm:way:1336392615","name":"Улица Дмитрия Ульянова","osmId":1336392615,"routeIds":["osm-rel:1690015"]}},{"type":"Feature","geometry":{"type":"Point","coordinates":[37.5855868,55.6801383]},"properties":{"stopId":"osm:10874281006","name":"Черёмушки","osmId":10874281006,"routeIds":["osm-rel:1690015","osm-rel:1690016"]}},{"type":"Feature","geometry":{"type":"Point","coordinates":[37.5855052,55.6801168]},"properties":{"stopId":"osm:10874259404","name":"Черёмушки","osmId":10874259404,"routeIds":["osm-rel:1690015","osm-rel:1690016"]}},{"type":"Feature","geometry":{"type":"Point","coordinates":[37.5899901,55.6829072]},"properties":{"stopId":"osm:1376500685","name":"Улица Дмитрия Ульянова","osmId":1376500685,"routeIds":["osm-rel:1690016"]}},{"type":"Feature","geometry":{"type":"Point","coordinates":[37.589866099999995,55.682752550000004]},"properties":{"stopId":"osm:way:1167965123","name":"Улица Дмитрия Ульянова","osmId":1167965123,"routeIds":["osm-rel:1690016"]}},{"type":"Feature","geometry":{"type":"Point","coordinates":[37.5938583,55.6864645]},"properties":{"stopId":"osm:1376500650","name":"Улица Винокурова","osmId":1376500650,"routeIds":["osm-rel:1690016"]}},{"type":"Feature","geometry":{"type":"Point","coordinates":[37.5937854,55.686352]},"properties":{"stopId":"osm:way:1154282932","name":"Улица Винокурова","osmId":1154282932,"routeIds":["osm-rel:1690016"]}},{"type":"Feature","geometry":{"type":"Point","coordinates":[37.5960594,55.6885939]},"properties":{"stopId":"osm:1376500843","name":"Улица Шверника","osmId":1376500843,"routeIds":["osm-rel:1690016"]}},{"type":"Feature","geometry":{"type":"Point","coordinates":[37.5961157,55.6885717]},"properties":{"stopId":"osm:1819416134","name":"Улица Шверника","osmId":1819416134,"routeIds":["osm-rel:1690016"]}},{"type":"Feature","geometry":{"type":"Point","coordinates":[37.6026133,55.6920783]},"properties":{"stopId":"osm:10735066095","name":"Загородное шоссе","osmId":10735066095,"routeIds":["osm-rel:1690016"]}},{"type":"Feature","geometry":{"type":"Point","coordinates":[37.6026355,55.692059]},"properties":{"stopId":"osm:4290479209","name":"Загородное шоссе","osmId":4290479209,"routeIds":["osm-rel:1690016"]}},{"type":"Feature","geometry":{"type":"Point","coordinates":[37.6075406,55.6939474]},"properties":{"stopId":"osm:1376500701","name":"Севастопольский проспект, 1","osmId":1376500701,"routeIds":["osm-rel:1690016"]}},{"type":"Feature","geometry":{"type":"Point","coordinates":[37.6075617,55.693927]},"properties":{"stopId":"osm:10874259403","name":"Севастопольский проспект, 1","osmId":10874259403,"routeIds":["osm-rel:1690016"]}},{"type":"Feature","geometry":{"type":"Point","coordinates":[37.6116657,55.6970517]},"properties":{"stopId":"osm:1376500632","name":"Больница имени Алексеева","osmId":1376500632,"routeIds":["osm-rel:1690016"]}},{"type":"Feature","geometry":{"type":"Point","coordinates":[37.6116516,55.6969797]},"properties":{"stopId":"osm:way:1169294417","name":"Больница имени Алексеева","osmId":1169294417,"routeIds":["osm-rel:1690016"]}},{"type":"Feature","geometry":{"type":"Point","coordinates":[37.6143137,55.6999147]},"properties":{"stopId":"osm:1376500706","name":"Спортивная школа «Тринта»","osmId":1376500706,"routeIds":["osm-rel:1690016"]}},{"type":"Feature","geometry":{"type":"Point","coordinates":[37.614315366666666,55.69985903333333]},"properties":{"stopId":"osm:way:1169294422","name":"Спортивная школа «Тринта»","osmId":1169294422,"routeIds":["osm-rel:1690016"]}},{"type":"Feature","geometry":{"type":"Point","coordinates":[37.6125254,55.7042387]},"properties":{"stopId":"osm:1376500694","name":"Духовской переулок","osmId":1376500694,"routeIds":["osm-rel:1690016"]}},{"type":"Feature","geometry":{"type":"Point","coordinates":[37.6125553,55.704276066666665]},"properties":{"stopId":"osm:way:1169294423","name":"Духовской переулок","osmId":1169294423,"routeIds":["osm-rel:1690016"]}},{"type":"Feature","geometry":{"type":"Point","coordinates":[37.6106132,55.7078634]},"properties":{"stopId":"osm:1376500849","name":"3-я Рощинская улица","osmId":1376500849,"routeIds":["osm-rel:1690016"]}},{"type":"Feature","geometry":{"type":"Point","coordinates":[37.6106609,55.70783005]},"properties":{"stopId":"osm:way:1169294426","name":"3-я Рощинская улица","osmId":1169294426,"routeIds":["osm-rel:1690016"]}},{"type":"Feature","geometry":{"type":"Point","coordinates":[37.606892,55.7087395]},"properties":{"stopId":"osm:1376500847","name":"3-й Верхний Михайловский проезд","osmId":1376500847,"routeIds":["osm-rel:1690016"]}},{"type":"Feature","geometry":{"type":"Point","coordinates":[37.6069363,55.7087462]},"properties":{"stopId":"osm:10862446713","name":"3-й Верхний Михайловский проезд","osmId":10862446713,"routeIds":["osm-rel:1690016"]}},{"type":"Feature","geometry":{"type":"Point","coordinates":[37.6082643,55.7115824]},"properties":{"stopId":"osm:10870541529","name":"Серпуховский Вал","osmId":10870541529,"routeIds":["osm-rel:1690016"]}},{"type":"Feature","geometry":{"type":"Point","coordinates":[37.6082584,55.7114844]},"properties":{"stopId":"osm:10719762330","name":"Серпуховский Вал","osmId":10719762330,"routeIds":["osm-rel:1690016"]}},{"type":"Feature","geometry":{"type":"Point","coordinates":[37.6131642,55.7114462]},"properties":{"stopId":"osm:1376637398","name":"Хавская улица","osmId":1376637398,"routeIds":["osm-rel:1690016"]}},{"type":"Feature","geometry":{"type":"Point","coordinates":[37.6131557,55.7113313]},"properties":{"stopId":"osm:10866606065","name":"Хавская улица","osmId":10866606065,"routeIds":["osm-rel:1690016"]}},{"type":"Feature","geometry":{"type":"Point","coordinates":[37.6197275,55.7112639]},"properties":{"stopId":"osm:1377322858","name":"Даниловский рынок","osmId":1377322858,"routeIds":["osm-rel:1690016"]}},{"type":"Feature","geometry":{"type":"Point","coordinates":[37.6198335,55.7111436]},"properties":{"stopId":"osm:333733868","name":"Даниловский рынок","osmId":333733868,"routeIds":["osm-rel:1690016"]}},{"type":"Feature","geometry":{"type":"Point","coordinates":[37.6393099,55.7301883]},"properties":{"stopId":"osm:7958582324","name":"Павелецкий вокзал","osmId":7958582324,"routeIds":["osm-rel:1690016"]}},{"type":"Feature","geometry":{"type":"Point","coordinates":[37.6393202,55.7301484]},"properties":{"stopId":"osm:292141167","name":"Павелецкий вокзал","osmId":292141167,"routeIds":["osm-rel:1690016"]}},{"type":"Feature","geometry":{"type":"Point","coordinates":[37.6466378,55.729292]},"properties":{"stopId":"osm:7902510033","name":"Кожевническая улица","osmId":7902510033,"routeIds":["osm-rel:1690016"]}},{"type":"Feature","geometry":{"type":"Point","coordinates":[37.646509466666664,55.72930503333333]},"properties":{"stopId":"osm:way:1151372626","name":"Кожевническая улица","osmId":1151372626,"routeIds":["osm-rel:1690016"]}},{"type":"Feature","geometry":{"type":"Point","coordinates":[37.6504003,55.728374]},"properties":{"stopId":"osm:1377604234","name":"Новоспасский мост","osmId":1377604234,"routeIds":["osm-rel:1690016"]}},{"type":"Feature","geometry":{"type":"Point","coordinates":[37.65022093333334,55.7283995]},"properties":{"stopId":"osm:way:1151372622","name":"Новоспасский мост","osmId":1151372622,"routeIds":["osm-rel:1690016"]}},{"type":"Feature","geometry":{"type":"Point","coordinates":[37.6601141,55.7305597]},"properties":{"stopId":"osm:1377604227","name":"Динамовская улица","osmId":1377604227,"routeIds":["osm-rel:1690016"]}},{"type":"Feature","geometry":{"type":"Point","coordinates":[37.659823775,55.7304577375]},"properties":{"stopId":"osm:way:1169208229","name":"Динамовская улица","osmId":1169208229,"routeIds":["osm-rel:1690016"]}},{"type":"Feature","geometry":{"type":"Point","coordinates":[37.6640683,55.7314086]},"properties":{"stopId":"osm:1377604239","name":"Метро «Пролетарская»","osmId":1377604239,"routeIds":["osm-rel:1690016"]}},{"type":"Feature","geometry":{"type":"Point","coordinates":[37.66400463333334,55.73137259999999]},"properties":{"stopId":"osm:way:431068997","name":"Метро «Пролетарская»","osmId":431068997,"routeIds":["osm-rel:1690016"]}},{"type":"Feature","geometry":{"type":"Point","coordinates":[37.6701423,55.7347509]},"properties":{"stopId":"osm:476918452","name":"Кинотеатр «Победа»","osmId":476918452,"routeIds":["osm-rel:1690016"]}},{"type":"Feature","geometry":{"type":"Point","coordinates":[37.6704039,55.7347046]},"properties":{"stopId":"osm:10875296088","name":"Кинотеатр «Победа»","osmId":10875296088,"routeIds":["osm-rel:1690016"]}},{"type":"Feature","geometry":{"type":"Point","coordinates":[37.6726175,55.7381139]},"properties":{"stopId":"osm:477335826","name":"Абельмановская Застава","osmId":477335826,"routeIds":["osm-rel:1690016"]}},{"type":"Feature","geometry":{"type":"Point","coordinates":[37.6726565,55.7381033]},"properties":{"stopId":"osm:10875296033","name":"Абельмановская Застава","osmId":10875296033,"routeIds":["osm-rel:1690016"]}},{"type":"Feature","geometry":{"type":"Point","coordinates":[37.6772973,55.7436048]},"properties":{"stopId":"osm:801201701","name":"Новорогожская улица","osmId":801201701,"routeIds":["osm-rel:1690016"]}},{"type":"Feature","geometry":{"type":"Point","coordinates":[37.677446,55.7435743]},"properties":{"stopId":"osm:12222120888","name":"Новорогожская улица","osmId":12222120888,"routeIds":["osm-rel:1690016"]}},{"type":"Feature","geometry":{"type":"Point","coordinates":[37.6789495,55.7452034]},"properties":{"stopId":"osm:472373349","name":"Библиотечная улица","osmId":472373349,"routeIds":["osm-rel:1690016"]}},{"type":"Feature","geometry":{"type":"Point","coordinates":[37.6791449,55.7451414]},"properties":{"stopId":"osm:10776523816","name":"Библиотечная улица","osmId":10776523816,"routeIds":["osm-rel:1690016"]}},{"type":"Feature","geometry":{"type":"Point","coordinates":[37.6819477,55.746866]},"properties":{"stopId":"osm:846185163","name":"Метро «Площадь Ильича»","osmId":846185163,"routeIds":["osm-rel:1690016"]}},{"type":"Feature","geometry":{"type":"Point","coordinates":[37.6817764,55.74683005]},"properties":{"stopId":"osm:way:1317476645","name":"Метро «Площадь Ильича»","osmId":1317476645,"routeIds":["osm-rel:1690016"]}},{"type":"Feature","geometry":{"type":"Point","coordinates":[37.6883945,55.7473516]},"properties":{"stopId":"osm:846185156","name":"МЦД Москва-Товарная","osmId":846185156,"routeIds":["osm-rel:1690016"]}},{"type":"Feature","geometry":{"type":"Point","coordinates":[37.68821675,55.74731665]},"properties":{"stopId":"osm:way:1317476641","name":"МЦД Москва-Товарная","osmId":1317476641,"routeIds":["osm-rel:1690016"]}},{"type":"Feature","geometry":{"type":"Point","coordinates":[37.6927756,55.7476718]},"properties":{"stopId":"osm:846185158","name":"Старообрядческая улица","osmId":846185158,"routeIds":["osm-rel:1690016"]}},{"type":"Feature","geometry":{"type":"Point","coordinates":[37.6929634,55.7476615]},"properties":{"stopId":"osm:1448713874","name":"Старообрядческая улица","osmId":1448713874,"routeIds":["osm-rel:1690016"]}},{"type":"Feature","geometry":{"type":"Point","coordinates":[37.7021017,55.7487951]},"properties":{"stopId":"osm:471763710","name":"Душинская улица","osmId":471763710,"routeIds":["osm-rel:1690016"]}},{"type":"Feature","geometry":{"type":"Point","coordinates":[37.702133,55.7487381]},"properties":{"stopId":"osm:1179866596","name":"Душинская улица","osmId":1179866596,"routeIds":["osm-rel:1690016"]}},{"type":"Feature","geometry":{"type":"Point","coordinates":[37.7088491,55.7500504]},"properties":{"stopId":"osm:12255909526","name":"Горбатый путепровод","osmId":12255909526,"routeIds":["osm-rel:1690016"]}},{"type":"Feature","geometry":{"type":"Point","coordinates":[37.7088671,55.7500205]},"properties":{"stopId":"osm:12255909525","name":"Горбатый путепровод","osmId":12255909525,"routeIds":["osm-rel:1690016"]}},{"type":"Feature","geometry":{"type":"Point","coordinates":[37.7130022,55.7514294]},"properties":{"stopId":"osm:12199138415","name":"Метро «Авиамоторная»","osmId":12199138415,"routeIds":[]}},{"type":"Feature","geometry":{"type":"Point","coordinates":[37.7128773,55.7517277]},"properties":{"stopId":"osm:12199138416","name":"Метро «Авиамоторная»","osmId":12199138416,"routeIds":[]}}]}