{"type":"FeatureCollection","features":[{"type":"Feature","geometry":{"type":"LineString","coordinates":[[37.6152831,55.8238406],[37.6158793,55.8235065]]},"properties":{"segmentId":"osm-rel:540033:way:1170822754:0","routeId":"osm-rel:540033","routeName":"Трамвай 17: Усадьба Останкино => Медведково","routeRef":"17","relationId":540033,"fromStopId":"osm:10881000147","toStopId":"osm:10881000146","sequence":0,"osmWayId":1170822754}},{"type":"Feature","geometry":{"type":"LineString","coordinates":[[37.6157775,55.8235904],[37.6161024,55.8234051],[37.6161286,55.8233705],[37.6161504,55.8233339],[37.6161623,55.8232943],[37.6161643,55.823251],[37.616159,55.8229922],[37.616161,55.822978],[37.6161644,55.8229633],[37.6161677,55.8229495],[37.6161722,55.8229361],[37.616178,55.8229224],[37.6161839,55.82291],[37.6161938,55.8228957],[37.6162032,55.8228819],[37.6162138,55.8228689],[37.6162257,55.8228552],[37.6162379,55.8228436],[37.6162504,55.8228331],[37.6162683,55.8228207],[37.6162837,55.8228106],[37.6163029,55.822801],[37.6163239,55.822792],[37.6163465,55.8227842],[37.6163687,55.8227774],[37.6163887,55.822772],[37.6164093,55.8227668],[37.6164286,55.8227622],[37.6164478,55.8227581],[37.6164683,55.822754],[37.61649,55.8227503],[37.616511,55.8227471],[37.6165325,55.8227448],[37.616572,55.8227415],[37.6166112,55.8227389],[37.6167583,55.8227297]]},"properties":{"segmentId":"osm-rel:540033:way:90263253:1","routeId":"osm-rel:540033","routeName":"Трамвай 17: Усадьба Останкино => Медведково","routeRef":"17","relationId":540033,"fromStopId":"osm:444863659","toStopId":"osm:2630837819","sequence":1,"osmWayId":90263253}},{"type":"Feature","geometry":{"type":"LineString","coordinates":[[37.6167583,55.8227297],[37.6169106,55.8227225],[37.6184454,55.8226463],[37.6187994,55.8226269]]},"properties":{"segmentId":"osm-rel:540033:way:519300244:2","routeId":"osm-rel:540033","routeName":"Трамвай 17: Усадьба Останкино => Медведково","routeRef":"17","relationId":540033,"fromStopId":"osm:2630837819","toStopId":"osm:444863674","sequence":2,"osmWayId":519300244}},{"type":"Feature","geometry":{"type":"LineString","coordinates":[[37.6187994,55.8226269],[37.6188309,55.8226249],[37.6188598,55.8226222],[37.6188898,55.8226184],[37.6189187,55.8226134],[37.6189473,55.8226067],[37.6189744,55.8225983],[37.6189976,55.8225892],[37.6190178,55.8225782],[37.6190363,55.8225672],[37.6190529,55.8225546],[37.6190646,55.8225412],[37.6190733,55.8225269],[37.6190803,55.822512],[37.6190868,55.8224954],[37.6190921,55.8224794],[37.6190955,55.8224621],[37.6190984,55.8224429],[37.6191004,55.8224238],[37.6191016,55.8224054],[37.6191028,55.8223864],[37.619111,55.8221299],[37.6191115,55.8221165],[37.6191124,55.8221011],[37.6191142,55.8220858],[37.6191171,55.8220703],[37.6191226,55.8220546],[37.6191293,55.8220384],[37.6191372,55.8220218],[37.6191484,55.8220046],[37.6191639,55.8219897],[37.6191815,55.8219757],[37.6191992,55.821963],[37.6192196,55.8219498],[37.6192379,55.8219385],[37.6192575,55.8219276],[37.6192787,55.8219172],[37.6193008,55.8219077],[37.6193291,55.8218981],[37.6193549,55.8218911],[37.6193824,55.8218841],[37.6194141,55.8218777],[37.6194444,55.8218733],[37.619474,55.8218698],[37.6195035,55.8218669],[37.6195329,55.8218648],[37.6195617,55.8218631],[37.6195904,55.8218619]]},"properties":{"segmentId":"osm-rel:540033:way:373901082:3","routeId":"osm-rel:540033","routeName":"Трамвай 17: Усадьба Останкино => Медведково","routeRef":"17","relationId":540033,"fromStopId":"osm:444863674","toStopId":"osm:5063946158","sequence":3,"osmWayId":373901082}},{"type":"Feature","geometry":{"type":"LineString","coordinates":[[37.6195904,55.8218619],[37.6196411,55.8218613],[37.6197215,55.82186],[37.6199601,55.8218596],[37.6213391,55.8218598],[37.6216494,55.8218581],[37.6225746,55.8218533],[37.6232309,55.8218498],[37.6248767,55.8218382],[37.6251321,55.8218364],[37.6257419,55.8218361],[37.628137,55.821823],[37.628395,55.8218218],[37.6286167,55.8218207],[37.6293166,55.8218181]]},"properties":{"segmentId":"osm-rel:540033:way:519300246:4","routeId":"osm-rel:540033","routeName":"Трамвай 17: Усадьба Останкино => Медведково","routeRef":"17","relationId":540033,"fromStopId":"osm:5063946158","toStopId":"osm:639572176","sequence":4,"osmWayId":519300246}},{"type":"Feature","geometry":{"type":"LineString","coordinates":[[37.6293166,55.8218181],[37.6297555,55.8218737]]},"properties":{"segmentId":"osm-rel:540033:way:1288358341:5","routeId":"osm-rel:540033","routeName":"Трамвай 17: Усадьба Останкино => Медведково","routeRef":"17","relationId":540033,"fromStopId":"osm:639572176","toStopId":"osm:639572177","sequence":5,"osmWayId":1288358341}},{"type":"Feature","geometry":{"type":"LineString","coordinates":[[37.6297555,55.8218737],[37.6308429,55.8220841]]},"properties":{"segmentId":"osm-rel:540033:way:1288358339:6","routeId":"osm-rel:540033","routeName":"Трамвай 17: Усадьба Останкино => Медведково","routeRef":"17","relationId":540033,"fromStopId":"osm:639572177","toStopId":"osm:3736338566","sequence":6,"osmWayId":1288358339}},{"type":"Feature","geometry":{"type":"LineString","coordinates":[[37.6308429,55.8220841],[37.6309151,55.8220987],[37.6309732,55.8221096],[37.631359,55.8221376]]},"properties":{"segmentId":"osm-rel:540033:way:1288358336:7","routeId":"osm-rel:540033","routeName":"Трамвай 17: Усадьба Останкино => Медведково","routeRef":"17","relationId":540033,"fromStopId":"osm:3736338566","toStopId":"osm:10881000166","sequence":7,"osmWayId":1288358336}},{"type":"Feature","geometry":{"type":"LineString","coordinates":[[37.631359,55.8221376],[37.6322135,55.8221247],[37.6336906,55.8220741],[37.6341742,55.8220599],[37.634611,55.8220488],[37.6348512,55.82204]]},"properties":{"segmentId":"osm-rel:540033:way:1288358334:8","routeId":"osm-rel:540033","routeName":"Трамвай 17: Усадьба Останкино => Медведково","routeRef":"17","relationId":540033,"fromStopId":"osm:10881000166","toStopId":"osm:7059557001","sequence":8,"osmWayId":1288358334}},{"type":"Feature","geometry":{"type":"LineString","coordinates":[[37.6348512,55.82204],[37.6349103,55.8220404],[37.6349645,55.8220408],[37.6350573,55.8220626],[37.6350957,55.8220752],[37.6351948,55.8221196]]},"properties":{"segmentId":"osm-rel:540033:way:1288358333:9","routeId":"osm-rel:540033","routeName":"Трамвай 17: Усадьба Останкино => Медведково","routeRef":"17","relationId":540033,"fromStopId":"osm:7059557001","toStopId":"osm:2721772418","sequence":9,"osmWayId":1288358333}},{"type":"Feature","geometry":{"type":"LineString","coordinates":[[37.6351948,55.8221196],[37.6352872,55.8221685],[37.6352984,55.8221732],[37.6354016,55.8222273],[37.6355549,55.8223225]]},"properties":{"segmentId":"osm-rel:540033:way:1288358331:10","routeId":"osm-rel:540033","routeName":"Трамвай 17: Усадьба Останкино => Медведково","routeRef":"17","relationId":540033,"fromStopId":"osm:2721772418","toStopId":"osm:4234840209","sequence":10,"osmWayId":1288358331}},{"type":"Feature","geometry":{"type":"LineString","coordinates":[[37.6355549,55.8223225],[37.6358671,55.8225022],[37.6362515,55.8227165],[37.6365254,55.8228662]]},"properties":{"segmentId":"osm-rel:540033:way:1288358328:11","routeId":"osm-rel:540033","routeName":"Трамвай 17: Усадьба Останкино => Медведково","routeRef":"17","relationId":540033,"fromStopId":"osm:4234840209","toStopId":"osm:3392783223","sequence":11,"osmWayId":1288358328}},{"type":"Feature","geometry":{"type":"LineString","coordinates":[[37.6365254,55.8228662],[37.6368124,55.8230171],[37.6376169,55.823421],[37.6378156,55.82353]]},"properties":{"segmentId":"osm-rel:540033:way:423987258:12","routeId":"osm-rel:540033","routeName":"Трамвай 17: Усадьба Останкино => Медведково","routeRef":"17","relationId":540033,"fromStopId":"osm:3392783223","toStopId":"osm:4234840212","sequence":12,"osmWayId":423987258}},{"type":"Feature","geometry":{"type":"LineString","coordinates":[[37.6378156,55.82353],[37.6378652,55.8235545],[37.6379857,55.8236157],[37.6387399,55.8240069],[37.6393533,55.8243166],[37.6395005,55.8243951],[37.640992,55.825164],[37.6422676,55.8258303],[37.6425047,55.825945],[37.6439343,55.8266629],[37.6449118,55.8271784],[37.6450162,55.8272334],[37.6451337,55.8272974]]},"properties":{"segmentId":"osm-rel:540033:way:1050138225:13","routeId":"osm-rel:540033","routeName":"Трамвай 17: Усадьба Останкино => Медведково","routeRef":"17","relationId":540033,"fromStopId":"osm:4234840212","toStopId":"osm:311976395","sequence":13,"osmWayId":1050138225}},{"type":"Feature","geometry":{"type":"LineString","coordinates":[[37.6451337,55.8272974],[37.6451732,55.8273176],[37.6452128,55.8273351],[37.6452492,55.8273483],[37.6452899,55.8273583],[37.6453307,55.8273635],[37.6453694,55.8273656],[37.6454079,55.8273663],[37.6454452,55.827366],[37.6454894,55.8273644],[37.6455328,55.82736],[37.6455727,55.8273548],[37.6456111,55.8273481],[37.6456912,55.8273294]]},"properties":{"segmentId":"osm-rel:540033:way:1288358327:14","routeId":"osm-rel:540033","routeName":"Трамвай 17: Усадьба Останкино => Медведково","routeRef":"17","relationId":540033,"fromStopId":"osm:311976395","toStopId":"osm:5165207400","sequence":14,"osmWayId":1288358327}},{"type":"Feature","geometry":{"type":"LineString","coordinates":[[37.6456912,55.8273294],[37.645764,55.8273078],[37.6458887,55.8272703],[37.6460711,55.8272146],[37.646509,55.8270846]]},"properties":{"segmentId":"osm-rel:540033:way:423987222:15","routeId":"osm-rel:540033","routeName":"Трамвай 17: Усадьба Останкино => Медведково","routeRef":"17","relationId":540033,"fromStopId":"osm:5165207400","toStopId":"osm:243892586","sequence":15,"osmWayId":423987222}},{"type":"Feature","geometry":{"type":"LineString","coordinates":[[37.646509,55.8270846],[37.6466173,55.8270669],[37.6467201,55.8270603],[37.6468074,55.8270637],[37.6468805,55.8270778],[37.6469338,55.8270976],[37.6469488,55.8271056],[37.6469778,55.8271186],[37.6470189,55.8271533]]},"properties":{"segmentId":"osm-rel:540033:way:53848892:16","routeId":"osm-rel:540033","routeName":"Трамвай 17: Усадьба Останкино => Медведково","routeRef":"17","relationId":540033,"fromStopId":"osm:243892586","toStopId":"osm:1046561734","sequence":16,"osmWayId":53848892}},{"type":"Feature","geometry":{"type":"LineString","coordinates":[[37.6470189,55.8271533],[37.6473318,55.8274636],[37.6478176,55.8279586],[37.6483574,55.8285029],[37.6488419,55.8289817],[37.6489721,55.82912],[37.6490715,55.8292109],[37.6492256,55.8293659]]},"properties":{"segmentId":"osm-rel:540033:way:90263247:17","routeId":"osm-rel:540033","routeName":"Трамвай 17: Усадьба Останкино => Медведково","routeRef":"17","relationId":540033,"fromStopId":"osm:1046561734","toStopId":"osm:11945138398","sequence":17,"osmWayId":90263247}},{"type":"Feature","geometry":{"type":"LineString","coordinates":[[37.6492256,55.8293659],[37.6493124,55.8294536],[37.6494107,55.8295432]]},"properties":{"segmentId":"osm-rel:540033:way:1288057111:18","routeId":"osm-rel:540033","routeName":"Трамвай 17: Усадьба Останкино => Медведково","routeRef":"17","relationId":540033,"fromStopId":"osm:11945138398","toStopId":"osm:11945138399","sequence":18,"osmWayId":1288057111}},{"type":"Feature","geometry":{"type":"LineString","coordinates":[[37.6494107,55.8295432],[37.6496715,55.8297808]]},"properties":{"segmentId":"osm-rel:540033:way:1288057110:19","routeId":"osm-rel:540033","routeName":"Трамвай 17: Усадьба Останкино => Медведково","routeRef":"17","relationId":540033,"fromStopId":"osm:11945138399","toStopId":"osm:11945138395","sequence":19,"osmWayId":1288057110}},{"type":"Feature","geometry":{"type":"LineString","coordinates":[[37.6496715,55.8297808],[37.6510813,55.8310939],[37.6513586,55.8312831]]},"properties":{"segmentId":"osm-rel:540033:way:1288057107:20","routeId":"osm-rel:540033","routeName":"Трамвай 17: Усадьба Останкино => Медведково","routeRef":"17","relationId":540033,"fromStopId":"osm:11945138395","toStopId":"osm:1098430844","sequence":20,"osmWayId":1288057107}},{"type":"Feature","geometry":{"type":"LineString","coordinates":[[37.6513586,55.8312831],[37.6515016,55.8313613],[37.6516383,55.8314702]]},"properties":{"segmentId":"osm-rel:540033:way:1288057106:21","routeId":"osm-rel:540033","routeName":"Трамвай 17: Усадьба Останкино => Медведково","routeRef":"17","relationId":540033,"fromStopId":"osm:1098430844","toStopId":"osm:1098430597","sequence":21,"osmWayId":1288057106}},{"type":"Feature","geometry":{"type":"LineString","coordinates":[[37.6516383,55.8314702],[37.6519639,55.8318212],[37.6521102,55.8319672]]},"properties":{"segmentId":"osm-rel:540033:way:1288057104:22","routeId":"osm-rel:540033","routeName":"Трамвай 17: Усадьба Останкино => Медведково","routeRef":"17","relationId":540033,"fromStopId":"osm:1098430597","toStopId":"osm:11945138394","sequence":22,"osmWayId":1288057104}},{"type":"Feature","geometry":{"type":"LineString","coordinates":[[37.6521102,55.8319672],[37.6521947,55.8320515]]},"properties":{"segmentId":"osm-rel:540033:way:1288057102:23","routeId":"osm-rel:540033","routeName":"Трамвай 17: Усадьба Останкино => Медведково","routeRef":"17","relationId":540033,"fromStopId":"osm:11945138394","toStopId":"osm:1098430616","sequence":23,"osmWayId":1288057102}},{"type":"Feature","geometry":{"type":"LineString","coordinates":[[37.6521947,55.8320515],[37.6526717,55.832537],[37.6534088,55.8332601]]},"properties":{"segmentId":"osm-rel:540033:way:449222132:24","routeId":"osm-rel:540033","routeName":"Трамвай 17: Усадьба Останкино => Медведково","routeRef":"17","relationId":540033,"fromStopId":"osm:1098430616","toStopId":"osm:11945138393","sequence":24,"osmWayId":449222132}},{"type":"Feature","geometry":{"type":"LineString","coordinates":[[37.6534088,55.8332601],[37.6535365,55.8333825],[37.6536044,55.8334512],[37.6536979,55.8335335]]},"properties":{"segmentId":"osm-rel:540033:way:1288057099:25","routeId":"osm-rel:540033","routeName":"Трамвай 17: Усадьба Останкино => Медведково","routeRef":"17","relationId":540033,"fromStopId":"osm:11945138393","toStopId":"osm:564978472","sequence":25,"osmWayId":1288057099}},{"type":"Feature","geometry":{"type":"LineString","coordinates":[[37.6536979,55.8335335],[37.653967,55.8337869]]},"properties":{"segmentId":"osm-rel:540033:way:44454822:26","routeId":"osm-rel:540033","routeName":"Трамвай 17: Усадьба Останкино => Медведково","routeRef":"17","relationId":540033,"fromStopId":"osm:564978472","toStopId":"osm:564978473","sequence":26,"osmWayId":44454822}},{"type":"Feature","geometry":{"type":"LineString","coordinates":[[37.653967,55.8337869],[37.653988,55.8338062],[37.6543403,55.834112]]},"properties":{"segmentId":"osm-rel:540033:way:423987249:27","routeId":"osm-rel:540033","routeName":"Трамвай 17: Усадьба Останкино => Медведково","routeRef":"17","relationId":540033,"fromStopId":"osm:564978473","toStopId":"osm:1098430663","sequence":27,"osmWayId":423987249}},{"type":"Feature","geometry":{"type":"LineString","coordinates":[[37.6543403,55.834112],[37.6548887,55.8346357]]},"properties":{"segmentId":"osm-rel:540033:way:1288057097:28","routeId":"osm-rel:540033","routeName":"Трамвай 17: Усадьба Останкино => Медведково","routeRef":"17","relationId":540033,"fromStopId":"osm:1098430663","toStopId":"osm:11945138391","sequence":28,"osmWayId":1288057097}},{"type":"Feature","geometry":{"type":"LineString","coordinates":[[37.6548887,55.8346357],[37.655072,55.8348224],[37.6556561,55.8354123]]},"properties":{"segmentId":"osm-rel:540033:way:423987253:29","routeId":"osm-rel:540033","routeName":"Трамвай 17: Усадьба Останкино => Медведково","routeRef":"17","relationId":540033,"fromStopId":"osm:11945138391","toStopId":"osm:4234840233","sequence":29,"osmWayId":423987253}},{"type":"Feature","geometry":{"type":"LineString","coordinates":[[37.6556561,55.8354123],[37.6556905,55.8354462],[37.6557293,55.8354846]]},"properties":{"segmentId":"osm-rel:540033:way:423987237:30","routeId":"osm-rel:540033","routeName":"Трамвай 17: Усадьба Останкино => Медведково","routeRef":"17","relationId":540033,"fromStopId":"osm:4234840233","toStopId":"osm:4234840238","sequence":30,"osmWayId":423987237}},{"type":"Feature","geometry":{"type":"LineString","coordinates":[[37.6557293,55.8354846],[37.6561635,55.8359217]]},"properties":{"segmentId":"osm-rel:540033:way:423987220:31","routeId":"osm-rel:540033","routeName":"Трамвай 17: Усадьба Останкино => Медведково","routeRef":"17","relationId":540033,"fromStopId":"osm:4234840238","toStopId":"osm:4234840240","sequence":31,"osmWayId":423987220}},{"type":"Feature","geometry":{"type":"LineString","coordinates":[[37.6561635,55.8359217],[37.6562219,55.835979],[37.6563005,55.8360574],[37.6563919,55.8361255],[37.656509,55.8361954],[37.6566515,55.8362666],[37.6571226,55.8364344],[37.6574309,55.836539],[37.6575827,55.8366015],[37.6577242,55.8366681],[37.6578523,55.8367654]]},"properties":{"segmentId":"osm-rel:540033:way:423987259:32","routeId":"osm-rel:540033","routeName":"Трамвай 17: Усадьба Останкино => Медведково","routeRef":"17","relationId":540033,"fromStopId":"osm:4234840240","toStopId":"osm:4261845915","sequence":32,"osmWayId":423987259}},{"type":"Feature","geometry":{"type":"LineString","coordinates":[[37.6578523,55.8367654],[37.6582215,55.8370466],[37.6584199,55.8371939],[37.6587547,55.8374442]]},"properties":{"segmentId":"osm-rel:540033:way:1288057094:33","routeId":"osm-rel:540033","routeName":"Трамвай 17: Усадьба Останкино => Медведково","routeRef":"17","relationId":540033,"fromStopId":"osm:4261845915","toStopId":"osm:4234840243","sequence":33,"osmWayId":1288057094}},{"type":"Feature","geometry":{"type":"LineString","coordinates":[[37.6587547,55.8374442],[37.6590313,55.8376437],[37.6591476,55.8377314]]},"properties":{"segmentId":"osm-rel:540033:way:1288057093:34","routeId":"osm-rel:540033","routeName":"Трамвай 17: Усадьба Останкино => Медведково","routeRef":"17","relationId":540033,"fromStopId":"osm:4234840243","toStopId":"osm:11945138389","sequence":34,"osmWayId":1288057093}},{"type":"Feature","geometry":{"type":"LineString","coordinates":[[37.6591476,55.8377314],[37.6605695,55.8388037],[37.6616658,55.8396259],[37.6623714,55.8402084]]},"properties":{"segmentId":"osm-rel:540033:way:423987254:35","routeId":"osm-rel:540033","routeName":"Трамвай 17: Усадьба Останкино => Медведково","routeRef":"17","relationId":540033,"fromStopId":"osm:11945138389","toStopId":"osm:4234840245","sequence":35,"osmWayId":423987254}},{"type":"Feature","geometry":{"type":"LineString","coordinates":[[37.6623714,55.8402084],[37.6626285,55.8404175],[37.6627786,55.8405396]]},"properties":{"segmentId":"osm-rel:540033:way:426929335:36","routeId":"osm-rel:540033","routeName":"Трамвай 17: Усадьба Останкино => Медведково","routeRef":"17","relationId":540033,"fromStopId":"osm:4234840245","toStopId":"osm:4261845953","sequence":36,"osmWayId":426929335}},{"type":"Feature","geometry":{"type":"LineString","coordinates":[[37.6627786,55.8405396],[37.6635749,55.8411622],[37.6640072,55.8415235],[37.6642063,55.8416836]]},"properties":{"segmentId":"osm-rel:540033:way:426929339:37","routeId":"osm-rel:540033","routeName":"Трамвай 17: Усадьба Останкино => Медведково","routeRef":"17","relationId":540033,"fromStopId":"osm:4261845953","toStopId":"osm:4261845964","sequence":37,"osmWayId":426929339}},{"type":"Feature","geometry":{"type":"LineString","coordinates":[[37.6642063,55.8416836],[37.6643785,55.8418434],[37.664507,55.8419748],[37.6645418,55.8420468],[37.6645508,55.842116],[37.664562,55.8422907],[37.6645759,55.8423603],[37.6646009,55.8424214],[37.6646352,55.8424702],[37.66468,55.8425143],[37.6648027,55.842613]]},"properties":{"segmentId":"osm-rel:540033:way:426929332:38","routeId":"osm-rel:540033","routeName":"Трамвай 17: Усадьба Останкино => Медведково","routeRef":"17","relationId":540033,"fromStopId":"osm:4261845964","toStopId":"osm:1098430734","sequence":38,"osmWayId":426929332}},{"type":"Feature","geometry":{"type":"LineString","coordinates":[[37.6648027,55.842613],[37.6652471,55.842943],[37.6653327,55.8430081],[37.6654477,55.8430957],[37.6656518,55.8432383],[37.6657776,55.8433305]]},"properties":{"segmentId":"osm-rel:540033:way:1288057091:39","routeId":"osm-rel:540033","routeName":"Трамвай 17: Усадьба Останкино => Медведково","routeRef":"17","relationId":540033,"fromStopId":"osm:1098430734","toStopId":"osm:4261846138","sequence":39,"osmWayId":1288057091}},{"type":"Feature","geometry":{"type":"LineString","coordinates":[[37.6657776,55.8433305],[37.6658529,55.8433929],[37.665913,55.8434396],[37.6659548,55.8434678]]},"properties":{"segmentId":"osm-rel:540033:way:426929341:40","routeId":"osm-rel:540033","routeName":"Трамвай 17: Усадьба Останкино => Медведково","routeRef":"17","relationId":540033,"fromStopId":"osm:4261846138","toStopId":"osm:4261846148","sequence":40,"osmWayId":426929341}},{"type":"Feature","geometry":{"type":"LineString","coordinates":[[37.6659548,55.8434678],[37.6660297,55.8435223],[37.6660829,55.8435606],[37.6661727,55.8436146],[37.666463,55.8437798],[37.6667238,55.8439392],[37.6668423,55.844031]]},"properties":{"segmentId":"osm-rel:540033:way:426929350:41","routeId":"osm-rel:540033","routeName":"Трамвай 17: Усадьба Останкино => Медведково","routeRef":"17","relationId":540033,"fromStopId":"osm:4261846148","toStopId":"osm:4261846155","sequence":41,"osmWayId":426929350}},{"type":"Feature","geometry":{"type":"LineString","coordinates":[[37.6668423,55.844031],[37.6683789,55.8451638]]},"properties":{"segmentId":"osm-rel:540033:way:426929333:42","routeId":"osm-rel:540033","routeName":"Трамвай 17: Усадьба Останкино => Медведково","routeRef":"17","relationId":540033,"fromStopId":"osm:4261846155","toStopId":"osm:4261846166","sequence":42,"osmWayId":426929333}},{"type":"Feature","geometry":{"type":"LineString","coordinates":[[37.6683789,55.8451638],[37.6685073,55.8452567],[37.6685445,55.8452828],[37.6685773,55.8453058]]},"properties":{"segmentId":"osm-rel:540033:way:426929338:43","routeId":"osm-rel:540033","routeName":"Трамвай 17: Усадьба Останкино => Медведково","routeRef":"17","relationId":540033,"fromStopId":"osm:4261846166","toStopId":"osm:4261846174","sequence":43,"osmWayId":426929338}},{"type":"Feature","geometry":{"type":"LineString","coordinates":[[37.6685773,55.8453058],[37.6690302,55.8456395],[37.6692223,55.845779],[37.6694964,55.8459816],[37.6696425,55.8460883]]},"properties":{"segmentId":"osm-rel:540033:way:426929348:44","routeId":"osm-rel:540033","routeName":"Трамвай 17: Усадьба Останкино => Медведково","routeRef":"17","relationId":540033,"fromStopId":"osm:4261846174","toStopId":"osm:1098430679","sequence":44,"osmWayId":426929348}},{"type":"Feature","geometry":{"type":"LineString","coordinates":[[37.6696425,55.8460883],[37.669738,55.8461689],[37.6698059,55.846228],[37.6698729,55.846293],[37.6699268,55.846355],[37.6699762,55.8464179],[37.6700435,55.8465106],[37.6700851,55.8465799],[37.6701237,55.8466461],[37.6701279,55.8466576],[37.6701785,55.8467648]]},"properties":{"segmentId":"osm-rel:540033:way:1288057088:45","routeId":"osm-rel:540033","routeName":"Трамвай 17: Усадьба Останкино => Медведково","routeRef":"17","relationId":540033,"fromStopId":"osm:1098430679","toStopId":"osm:1597494717","sequence":45,"osmWayId":1288057088}},{"type":"Feature","geometry":{"type":"LineString","coordinates":[[37.6701785,55.8467648],[37.6703335,55.847216],[37.6706273,55.847849],[37.6707424,55.8481591],[37.6708012,55.8484216],[37.6708525,55.8486606],[37.6708837,55.849157],[37.6708403,55.8495331],[37.6707806,55.849874],[37.6707494,55.8500133],[37.6706813,55.8503485],[37.6706063,55.8507675]]},"properties":{"segmentId":"osm-rel:540033:way:1288057085:46","routeId":"osm-rel:540033","routeName":"Трамвай 17: Усадьба Останкино => Медведково","routeRef":"17","relationId":540033,"fromStopId":"osm:1597494717","toStopId":"osm:535844774","sequence":46,"osmWayId":1288057085}},{"type":"Feature","geometry":{"type":"LineString","coordinates":[[37.6706063,55.8507675],[37.6705844,55.8508303],[37.6705556,55.8509043],[37.6704456,55.8510549],[37.6702593,55.8511991]]},"properties":{"segmentId":"osm-rel:540033:way:1288057087:47","routeId":"osm-rel:540033","routeName":"Трамвай 17: Усадьба Останкино => Медведково","routeRef":"17","relationId":540033,"fromStopId":"osm:535844774","toStopId":"osm:1098498145","sequence":47,"osmWayId":1288057087}},{"type":"Feature","geometry":{"type":"LineString","coordinates":[[37.6702593,55.8511991],[37.6698148,55.8514912],[37.6680008,55.8526829],[37.6669835,55.8533339],[37.6662528,55.8538044],[37.6652632,55.8544358],[37.6647293,55.8547765],[37.6646373,55.8548309],[37.6644367,55.8549497],[37.6642204,55.8550844],[37.664088,55.8551669],[37.6628227,55.8559888],[37.662296,55.8564121],[37.6619052,55.8567262],[37.66184,55.8567844],[37.6617193,55.8568895],[37.6613808,55.8572319],[37.6610796,55.8576023],[37.6608091,55.8580167],[37.660551,55.8585019],[37.660529,55.8585432],[37.6603118,55.8590801],[37.6602088,55.8594542],[37.6601795,55.8595638],[37.6601566,55.8596503],[37.6601191,55.8598248]]},"properties":{"segmentId":"osm-rel:540033:way:44454821:48","routeId":"osm-rel:540033","routeName":"Трамвай 17: Усадьба Останкино => Медведково","routeRef":"17","relationId":540033,"fromStopId":"osm:1098498145","toStopId":"osm:4234840248","sequence":48,"osmWayId":44454821}},{"type":"Feature","geometry":{"type":"LineString","coordinates":[[37.6601191,55.8598248],[37.6601112,55.8598618],[37.6600696,55.8601659],[37.6600601,55.8604205],[37.6600774,55.8607638],[37.6601157,55.8610318],[37.6602824,55.8616518],[37.6606836,55.8625395]]},"properties":{"segmentId":"osm-rel:540033:way:423987257:49","routeId":"osm-rel:540033","routeName":"Трамвай 17: Усадьба Останкино => Медведково","routeRef":"17","relationId":540033,"fromStopId":"osm:4234840248","toStopId":"osm:1135544587","sequence":49,"osmWayId":423987257}},{"type":"Feature","geometry":{"type":"LineString","coordinates":[[37.6606836,55.8625395],[37.6609334,55.8630554]]},"properties":{"segmentId":"osm-rel:540033:way:423987247:50","routeId":"osm-rel:540033","routeName":"Трамвай 17: Усадьба Останкино => Медведково","routeRef":"17","relationId":540033,"fromStopId":"osm:1135544587","toStopId":"osm:4234840268","sequence":50,"osmWayId":423987247}},{"type":"Feature","geometry":{"type":"LineString","coordinates":[[37.6609334,55.8630554],[37.6609691,55.8631297],[37.6609942,55.8631818],[37.6613235,55.8638544],[37.6616972,55.8645961],[37.6617375,55.8646752],[37.6617428,55.8646855],[37.6617936,55.8647804],[37.6630165,55.8671601],[37.663058,55.8672438],[37.6635791,55.8682878],[37.6636014,55.8683389],[37.6638045,55.8687537],[37.6638224,55.8687887],[37.6638401,55.8688328]]},"properties":{"segmentId":"osm-rel:540033:way:423987232:51","routeId":"osm-rel:540033","routeName":"Трамвай 17: Усадьба Останкино => Медведково","routeRef":"17","relationId":540033,"fromStopId":"osm:4234840268","toStopId":"osm:1418007752","sequence":51,"osmWayId":423987232}},{"type":"Feature","geometry":{"type":"LineString","coordinates":[[37.6638401,55.8688328],[37.6638463,55.8688805],[37.6638456,55.8689057],[37.6638436,55.8689708],[37.6638125,55.8690861],[37.6637898,55.8691195],[37.6637677,55.8691615],[37.6637375,55.8692105],[37.6637305,55.8692318],[37.6636798,55.8692856],[37.6636483,55.8693225],[37.6635277,55.8694371],[37.6634525,55.8694949],[37.663372,55.8695467],[37.6632087,55.869637],[37.6630854,55.8696876],[37.6629946,55.8697192],[37.6629224,55.8697409],[37.6628319,55.8697658],[37.6627458,55.8697877],[37.6626198,55.8698163],[37.6624892,55.8698419]]},"properties":{"segmentId":"osm-rel:540033:way:1288057082:52","routeId":"osm-rel:540033","routeName":"Трамвай 17: Усадьба Останкино => Медведково","routeRef":"17","relationId":540033,"fromStopId":"osm:1418007752","toStopId":"osm:527735766","sequence":52,"osmWayId":1288057082}},{"type":"Feature","geometry":{"type":"LineString","coordinates":[[37.6624892,55.8698419],[37.6623662,55.8698645],[37.6622139,55.8698911],[37.6596176,55.8702948],[37.6587104,55.8704391],[37.6571094,55.8706938],[37.6569094,55.8707256]]},"properties":{"segmentId":"osm-rel:540033:way:1288057080:53","routeId":"osm-rel:540033","routeName":"Трамвай 17: Усадьба Останкино => Медведково","routeRef":"17","relationId":540033,"fromStopId":"osm:527735766","toStopId":"osm:11945138386","sequence":53,"osmWayId":1288057080}},{"type":"Feature","geometry":{"type":"LineString","coordinates":[[37.6569094,55.8707256],[37.6556496,55.8709247],[37.6554966,55.8709486]]},"properties":{"segmentId":"osm-rel:540033:way:1288057079:54","routeId":"osm-rel:540033","routeName":"Трамвай 17: Усадьба Останкино => Медведково","routeRef":"17","relationId":540033,"fromStopId":"osm:11945138386","toStopId":"osm:518258119","sequence":54,"osmWayId":1288057079}},{"type":"Feature","geometry":{"type":"LineString","coordinates":[[37.6554966,55.8709486],[37.6540847,55.8711661]]},"properties":{"segmentId":"osm-rel:540033:way:41887886:55","routeId":"osm-rel:540033","routeName":"Трамвай 17: Усадьба Останкино => Медведково","routeRef":"17","relationId":540033,"fromStopId":"osm:518258119","toStopId":"osm:429673463","sequence":55,"osmWayId":41887886}},{"type":"Feature","geometry":{"type":"LineString","coordinates":[[37.6540847,55.8711661],[37.6524715,55.8713951],[37.6523153,55.8714122],[37.6521872,55.8714263],[37.6517412,55.8714753],[37.650602,55.8715998],[37.6505223,55.8716049],[37.6493947,55.8716765],[37.649303,55.8716771],[37.6488588,55.8716798],[37.6481314,55.8716849],[37.6477798,55.8716874],[37.6470982,55.8716572],[37.6469464,55.8716463],[37.6467347,55.8716311],[37.646464,55.8716101],[37.646391,55.8716045],[37.6451271,55.871486],[37.6445527,55.8714322],[37.6420031,55.8711896],[37.6393373,55.870936],[37.6389016,55.8708917]]},"properties":{"segmentId":"osm-rel:540033:way:48904612:56","routeId":"osm-rel:540033","routeName":"Трамвай 17: Усадьба Останкино => Медведково","routeRef":"17","relationId":540033,"fromStopId":"osm:429673463","toStopId":"osm:60668711","sequence":56,"osmWayId":48904612}},{"type":"Feature","geometry":{"type":"LineString","coordinates":[[37.6389016,55.8708917],[37.6387909,55.8708933],[37.638631,55.8708957],[37.6385064,55.8709201],[37.6384059,55.8709397],[37.6383849,55.8709457],[37.6383067,55.8709755],[37.6382007,55.8710255],[37.6380772,55.871111],[37.6380276,55.8711946],[37.638019,55.8712091]]},"properties":{"segmentId":"osm-rel:540033:way:1288057076:57","routeId":"osm-rel:540033","routeName":"Трамвай 17: Усадьба Останкино => Медведково","routeRef":"17","relationId":540033,"fromStopId":"osm:60668711","toStopId":"osm:530628041","sequence":57,"osmWayId":1288057076}},{"type":"Feature","geometry":{"type":"LineString","coordinates":[[37.638019,55.8712091],[37.6378787,55.8716961],[37.6378601,55.8717588],[37.6374451,55.8731573],[37.6370817,55.8743664],[37.6370669,55.8744172],[37.636673,55.8757719],[37.6360426,55.8779406],[37.6360129,55.8780374],[37.6359606,55.8782075]]},"properties":{"segmentId":"osm-rel:540033:way:1288057075:58","routeId":"osm-rel:540033","routeName":"Трамвай 17: Усадьба Останкино => Медведково","routeRef":"17","relationId":540033,"fromStopId":"osm:530628041","toStopId":"osm:525865642","sequence":58,"osmWayId":1288057075}},{"type":"Feature","geometry":{"type":"LineString","coordinates":[[37.6359606,55.8782075],[37.6359575,55.8782279],[37.6359519,55.8783779],[37.636017,55.8785491],[37.6360803,55.8786376],[37.636123,55.8786974],[37.6361565,55.8787375]]},"properties":{"segmentId":"osm-rel:540033:way:1288057072:59","routeId":"osm-rel:540033","routeName":"Трамвай 17: Усадьба Останкино => Медведково","routeRef":"17","relationId":540033,"fromStopId":"osm:525865642","toStopId":"osm:3986043063","sequence":59,"osmWayId":1288057072}},{"type":"Feature","geometry":{"type":"LineString","coordinates":[[37.6361565,55.8787375],[37.636263,55.878839],[37.6388938,55.8815736],[37.6389947,55.8816795],[37.6393888,55.8820745],[37.6412091,55.8839975],[37.6413755,55.8841738],[37.6418655,55.8846928],[37.642734,55.8856073],[37.6430122,55.8859019],[37.6430233,55.8859136],[37.6432114,55.8861057]]},"properties":{"segmentId":"osm-rel:540033:way:1288057071:60","routeId":"osm-rel:540033","routeName":"Трамвай 17: Усадьба Останкино => Медведково","routeRef":"17","relationId":540033,"fromStopId":"osm:3986043063","toStopId":"osm:7282154464","sequence":60,"osmWayId":1288057071}},{"type":"Feature","geometry":{"type":"LineString","coordinates":[[37.6432114,55.8861057],[37.6433917,55.8862975]]},"properties":{"segmentId":"osm-rel:540033:way:1288057069:61","routeId":"osm-rel:540033","routeName":"Трамвай 17: Усадьба Останкино => Медведково","routeRef":"17","relationId":540033,"fromStopId":"osm:7282154464","toStopId":"osm:60668757","sequence":61,"osmWayId":1288057069}},{"type":"Feature","geometry":{"type":"LineString","coordinates":[[37.6433917,55.8862975],[37.6440118,55.8869342],[37.6441976,55.8871441],[37.644195,55.8872436],[37.6441068,55.8873266],[37.6440834,55.8873486],[37.6438796,55.8874129],[37.6429789,55.8875052]]},"properties":{"segmentId":"osm-rel:540033:way:42830979:62","routeId":"osm-rel:540033","routeName":"Трамвай 17: Усадьба Останкино => Медведково","routeRef":"17","relationId":540033,"fromStopId":"osm:60668757","toStopId":"osm:535844808","sequence":62,"osmWayId":42830979}},{"type":"Feature","geometry":{"type":"LineString","coordinates":[[37.642558,55.8868808],[37.6426098,55.8868951],[37.6430028,55.8864574],[37.642951,55.8864431],[37.642558,55.8868808]]},"properties":{"segmentId":"osm-rel:540139:way:175071626:0","routeId":"osm-rel:540139","routeName":"Трамвай 17: Медведково => Усадьба Останкино","routeRef":"17","relationId":540139,"fromStopId":"osm:1857159387","toStopId":"osm:1857159387","sequence":0,"osmWayId":175071626}},{"type":"Feature","geometry":{"type":"LineString","coordinates":[[37.6178396,55.8227455],[37.6169164,55.8227754]]},"properties":{"segmentId":"osm-rel:540139:way:662847918:1","routeId":"osm-rel:540139","routeName":"Трамвай 17: Медведково => Усадьба Останкино","routeRef":"17","relationId":540139,"fromStopId":"osm:10881000150","toStopId":"osm:2994833735","sequence":1,"osmWayId":662847918}},{"type":"Feature","geometry":{"type":"LineString","coordinates":[[37.6429552,55.8865575],[37.6430444,55.886462],[37.643174,55.8863233],[37.6431981,55.8862369],[37.6431847,55.8861666],[37.6431735,55.8861498]]},"properties":{"segmentId":"osm-rel:540139:way:1288057068:2","routeId":"osm-rel:540139","routeName":"Трамвай 17: Медведково => Усадьба Останкино","routeRef":"17","relationId":540139,"fromStopId":"osm:534957385","toStopId":"osm:7282154474","sequence":2,"osmWayId":1288057068}},{"type":"Feature","geometry":{"type":"LineString","coordinates":[[37.6431735,55.8861498],[37.6431488,55.8861125],[37.6429652,55.8859174],[37.6426737,55.8856248],[37.6418096,55.8847048],[37.6413151,55.8841812],[37.6411592,55.8840161],[37.6393216,55.8820907],[37.6390216,55.8817849],[37.6389401,55.8816972],[37.636213,55.8788513],[37.6361045,55.8787438]]},"properties":{"segmentId":"osm-rel:540139:way:1288057070:3","routeId":"osm-rel:540139","routeName":"Трамвай 17: Медведково => Усадьба Останкино","routeRef":"17","relationId":540139,"fromStopId":"osm:7282154474","toStopId":"osm:3986043064","sequence":3,"osmWayId":1288057070}},{"type":"Feature","geometry":{"type":"LineString","coordinates":[[37.6361045,55.8787438],[37.6360718,55.8787097],[37.6360265,55.8786442],[37.635963,55.8785525],[37.6359013,55.8783781],[37.6358951,55.8782338],[37.6358985,55.8782068]]},"properties":{"segmentId":"osm-rel:540139:way:1288057073:4","routeId":"osm-rel:540139","routeName":"Трамвай 17: Медведково => Усадьба Останкино","routeRef":"17","relationId":540139,"fromStopId":"osm:3986043064","toStopId":"osm:1098654009","sequence":4,"osmWayId":1288057073}},{"type":"Feature","geometry":{"type":"LineString","coordinates":[[37.6358985,55.8782068],[37.6359456,55.8780335],[37.6359714,55.8779396],[37.6366143,55.8757662],[37.6369974,55.8744708],[37.637015,55.8744122],[37.6373902,55.8731515],[37.6377818,55.8718418],[37.6378072,55.8717546],[37.6379686,55.8712012]]},"properties":{"segmentId":"osm-rel:540139:way:1288057074:5","routeId":"osm-rel:540139","routeName":"Трамвай 17: Медведково => Усадьба Останкино","routeRef":"17","relationId":540139,"fromStopId":"osm:1098654009","toStopId":"osm:1098591646","sequence":5,"osmWayId":1288057074}},{"type":"Feature","geometry":{"type":"LineString","coordinates":[[37.6379686,55.8712012],[37.637975,55.8711899],[37.6380249,55.871102],[37.6381296,55.8710181],[37.6382545,55.8709515],[37.6383075,55.8709304],[37.6383654,55.8709074],[37.6383989,55.8708995],[37.6384874,55.8708785],[37.638624,55.8708641],[37.6387486,55.8708637],[37.6389099,55.8708632]]},"properties":{"segmentId":"osm-rel:540139:way:1288057077:6","routeId":"osm-rel:540139","routeName":"Трамвай 17: Медведково => Усадьба Останкино","routeRef":"17","relationId":540139,"fromStopId":"osm:1098591646","toStopId":"osm:1098591503","sequence":6,"osmWayId":1288057077}},{"type":"Feature","geometry":{"type":"LineString","coordinates":[[37.6389099,55.8708632],[37.639361,55.8709148],[37.6420126,55.8711637],[37.6445656,55.8714033],[37.6451612,55.8714608],[37.6462401,55.8715629],[37.6464747,55.8715837],[37.6467406,55.8716072],[37.6469492,55.871622],[37.6471018,55.8716329],[37.6477786,55.8716599],[37.6488568,55.8716497],[37.6492998,55.871646],[37.6493908,55.8716452],[37.6505165,55.8715733],[37.6505894,55.8715686],[37.6515958,55.8714629],[37.6521765,55.8713971],[37.652462,55.8713648],[37.654027,55.8711387]]},"properties":{"segmentId":"osm-rel:540139:way:94593938:7","routeId":"osm-rel:540139","routeName":"Трамвай 17: Медведково => Усадьба Останкино","routeRef":"17","relationId":540139,"fromStopId":"osm:1098591503","toStopId":"osm:1098544419","sequence":7,"osmWayId":94593938}},{"type":"Feature","geometry":{"type":"LineString","coordinates":[[37.654027,55.8711387],[37.6554328,55.870922]]},"properties":{"segmentId":"osm-rel:540139:way:94576126:8","routeId":"osm-rel:540139","routeName":"Трамвай 17: Медведково => Усадьба Останкино","routeRef":"17","relationId":540139,"fromStopId":"osm:1098544419","toStopId":"osm:1098544452","sequence":8,"osmWayId":94576126}},{"type":"Feature","geometry":{"type":"LineString","coordinates":[[37.6554328,55.870922],[37.6555958,55.8708999],[37.6569015,55.8706937]]},"properties":{"segmentId":"osm-rel:540139:way:1288057078:9","routeId":"osm-rel:540139","routeName":"Трамвай 17: Медведково => Усадьба Останкино","routeRef":"17","relationId":540139,"fromStopId":"osm:1098544452","toStopId":"osm:11945138385","sequence":9,"osmWayId":1288057078}},{"type":"Feature","geometry":{"type":"LineString","coordinates":[[37.6569015,55.8706937],[37.6571134,55.8706599],[37.6586348,55.8704168],[37.6586972,55.8704071],[37.6622002,55.8698629],[37.6623425,55.8698396],[37.6624608,55.8698178]]},"properties":{"segmentId":"osm-rel:540139:way:1288057081:10","routeId":"osm-rel:540139","routeName":"Трамвай 17: Медведково => Усадьба Останкино","routeRef":"17","relationId":540139,"fromStopId":"osm:11945138385","toStopId":"osm:11945138387","sequence":10,"osmWayId":1288057081}},{"type":"Feature","geometry":{"type":"LineString","coordinates":[[37.6624608,55.8698178],[37.6625879,55.8697915],[37.6627078,55.8697652],[37.662821,55.8697357],[37.662898,55.8697137],[37.6629227,55.8697067],[37.6630393,55.8696678],[37.6631771,55.8696139],[37.6632667,55.8695656],[37.6633457,55.8695174],[37.6634168,55.8694707],[37.6634809,55.8694211],[37.6636061,55.8693035],[37.6636561,55.8692448],[37.6636902,55.8691995],[37.6637241,55.8691361],[37.663748,55.8690959],[37.6637679,55.8690519],[37.6637991,55.8689359],[37.663802,55.8688923],[37.6637986,55.8688446]]},"properties":{"segmentId":"osm-rel:540139:way:1288057083:11","routeId":"osm-rel:540139","routeName":"Трамвай 17: Медведково => Усадьба Останкино","routeRef":"17","relationId":540139,"fromStopId":"osm:11945138387","toStopId":"osm:1098513889","sequence":11,"osmWayId":1288057083}},{"type":"Feature","geometry":{"type":"LineString","coordinates":[[37.6637986,55.8688446],[37.6637824,55.8687946],[37.6636701,55.8685516],[37.6635686,55.8683441],[37.663503,55.8682098],[37.6634259,55.8680484],[37.6630178,55.8672516],[37.6629735,55.8671651],[37.661749,55.8647868],[37.6617,55.8646934],[37.6616944,55.8646829],[37.6616525,55.8646028],[37.66147,55.8642419],[37.6612824,55.8638593],[37.6609607,55.8631861],[37.6609352,55.8631342],[37.6608987,55.8630603]]},"properties":{"segmentId":"osm-rel:540139:way:423987251:12","routeId":"osm-rel:540139","routeName":"Трамвай 17: Медведково => Усадьба Останкино","routeRef":"17","relationId":540139,"fromStopId":"osm:1098513889","toStopId":"osm:4234840267","sequence":12,"osmWayId":423987251}},{"type":"Feature","geometry":{"type":"LineString","coordinates":[[37.6608987,55.8630603],[37.6606402,55.8625487]]},"properties":{"segmentId":"osm-rel:540139:way:423987245:13","routeId":"osm-rel:540139","routeName":"Трамвай 17: Медведково => Усадьба Останкино","routeRef":"17","relationId":540139,"fromStopId":"osm:4234840267","toStopId":"osm:1135544596","sequence":13,"osmWayId":423987245}},{"type":"Feature","geometry":{"type":"LineString","coordinates":[[37.6606402,55.8625487],[37.6602336,55.8616533],[37.6600746,55.8610462],[37.6600277,55.8607642],[37.6600207,55.8604227],[37.6600247,55.8601664],[37.6600682,55.859861],[37.660077,55.859821]]},"properties":{"segmentId":"osm-rel:540139:way:423987256:14","routeId":"osm-rel:540139","routeName":"Трамвай 17: Медведково => Усадьба Останкино","routeRef":"17","relationId":540139,"fromStopId":"osm:1135544596","toStopId":"osm:4234840247","sequence":14,"osmWayId":423987256}},{"type":"Feature","geometry":{"type":"LineString","coordinates":[[37.660077,55.859821],[37.6601151,55.8596489],[37.6601376,55.8595616],[37.6601664,55.8594504],[37.6602749,55.8590751],[37.6604864,55.8585397],[37.6605092,55.8584966],[37.6607662,55.8580094],[37.6610408,55.8575955],[37.661334,55.8572246],[37.6614864,55.857058],[37.6616733,55.856879],[37.661781,55.8567775],[37.661861,55.8567104],[37.6622614,55.8563943],[37.6627971,55.8559715],[37.6640763,55.8551301],[37.6641826,55.8550658],[37.664362,55.8549574],[37.6645522,55.8548433],[37.6646951,55.8547576],[37.6650967,55.8545022],[37.6652291,55.8544171],[37.6662074,55.8537887],[37.6668675,55.8533618],[37.6678495,55.8527267],[37.669762,55.8514667],[37.6703976,55.8510479]]},"properties":{"segmentId":"osm-rel:540139:way:94586605:15","routeId":"osm-rel:540139","routeName":"Трамвай 17: Медведково => Усадьба Останкино","routeRef":"17","relationId":540139,"fromStopId":"osm:4234840247","toStopId":"osm:1098498043","sequence":15,"osmWayId":94586605}},{"type":"Feature","geometry":{"type":"LineString","coordinates":[[37.6703976,55.8510479],[37.6705098,55.8509018],[37.6705414,55.8508104],[37.6705541,55.8507667]]},"properties":{"segmentId":"osm-rel:540139:way:1288057086:16","routeId":"osm-rel:540139","routeName":"Трамвай 17: Медведково => Усадьба Останкино","routeRef":"17","relationId":540139,"fromStopId":"osm:1098498043","toStopId":"osm:1098498083","sequence":16,"osmWayId":1288057086}},{"type":"Feature","geometry":{"type":"LineString","coordinates":[[37.6705541,55.8507667],[37.670591,55.8505492],[37.6706252,55.8503476],[37.6706945,55.8500133],[37.6707228,55.8498701],[37.6707881,55.8495259],[37.6708282,55.8491541],[37.6707923,55.848665],[37.6707504,55.8484223],[37.6706822,55.8481589],[37.6705748,55.8478632],[37.6702817,55.8472203],[37.670127,55.8467721]]},"properties":{"segmentId":"osm-rel:540139:way:1288057084:17","routeId":"osm-rel:540139","routeName":"Трамвай 17: Медведково => Усадьба Останкино","routeRef":"17","relationId":540139,"fromStopId":"osm:1098498083","toStopId":"osm:1597493908","sequence":17,"osmWayId":1288057084}},{"type":"Feature","geometry":{"type":"LineString","coordinates":[[37.670127,55.8467721],[37.6700877,55.846686],[37.6700704,55.8466549],[37.6700331,55.8465896],[37.6699951,55.8465207],[37.6699269,55.8464308],[37.6698763,55.8463682],[37.669822,55.8463064],[37.6697579,55.8462444],[37.6696908,55.8461863],[37.6695975,55.8461083]]},"properties":{"segmentId":"osm-rel:540139:way:1288057089:18","routeId":"osm-rel:540139","routeName":"Трамвай 17: Медведково => Усадьба Останкино","routeRef":"17","relationId":540139,"fromStopId":"osm:1597493908","toStopId":"osm:1098430869","sequence":18,"osmWayId":1288057089}},{"type":"Feature","geometry":{"type":"LineString","coordinates":[[37.6695975,55.8461083],[37.6691771,55.8457985],[37.6690538,55.8457135],[37.6689878,55.8456581],[37.6685335,55.8453236]]},"properties":{"segmentId":"osm-rel:540139:way:426929347:19","routeId":"osm-rel:540139","routeName":"Трамвай 17: Медведково => Усадьба Останкино","routeRef":"17","relationId":540139,"fromStopId":"osm:1098430869","toStopId":"osm:4261846176","sequence":19,"osmWayId":426929347}},{"type":"Feature","geometry":{"type":"LineString","coordinates":[[37.6685335,55.8453236],[37.6684649,55.8452745],[37.6683394,55.8451808]]},"properties":{"segmentId":"osm-rel:540139:way:426929336:20","routeId":"osm-rel:540139","routeName":"Трамвай 17: Медведково => Усадьба Останкино","routeRef":"17","relationId":540139,"fromStopId":"osm:4261846176","toStopId":"osm:4261846167","sequence":20,"osmWayId":426929336}},{"type":"Feature","geometry":{"type":"LineString","coordinates":[[37.6683394,55.8451808],[37.6668008,55.8440474]]},"properties":{"segmentId":"osm-rel:540139:way:426929334:21","routeId":"osm-rel:540139","routeName":"Трамвай 17: Медведково => Усадьба Останкино","routeRef":"17","relationId":540139,"fromStopId":"osm:4261846167","toStopId":"osm:4261846156","sequence":21,"osmWayId":426929334}},{"type":"Feature","geometry":{"type":"LineString","coordinates":[[37.6668008,55.8440474],[37.6666819,55.8439569],[37.6664228,55.8438008],[37.6661334,55.8436352],[37.6660408,55.8435802],[37.665988,55.8435423],[37.6659129,55.8434849]]},"properties":{"segmentId":"osm-rel:540139:way:426929353:22","routeId":"osm-rel:540139","routeName":"Трамвай 17: Медведково => Усадьба Останкино","routeRef":"17","relationId":540139,"fromStopId":"osm:4261846156","toStopId":"osm:4261846150","sequence":22,"osmWayId":426929353}},{"type":"Feature","geometry":{"type":"LineString","coordinates":[[37.6659129,55.8434849],[37.6658733,55.8434552],[37.6658127,55.8434084],[37.6657338,55.8433474]]},"properties":{"segmentId":"osm-rel:540139:way:426929344:23","routeId":"osm-rel:540139","routeName":"Трамвай 17: Медведково => Усадьба Останкино","routeRef":"17","relationId":540139,"fromStopId":"osm:4261846150","toStopId":"osm:4261846142","sequence":23,"osmWayId":426929344}},{"type":"Feature","geometry":{"type":"LineString","coordinates":[[37.6657338,55.8433474],[37.6656297,55.8432693],[37.6652879,55.8430273],[37.6652301,55.8429843],[37.6647619,55.8426302]]},"properties":{"segmentId":"osm-rel:540139:way:1288057090:24","routeId":"osm-rel:540139","routeName":"Трамвай 17: Медведково => Усадьба Останкино","routeRef":"17","relationId":540139,"fromStopId":"osm:4261846142","toStopId":"osm:1098430682","sequence":24,"osmWayId":1288057090}},{"type":"Feature","geometry":{"type":"LineString","coordinates":[[37.6647619,55.8426302],[37.6646439,55.8425273],[37.6645985,55.8424812],[37.6645601,55.8424298],[37.6645296,55.8423666],[37.6645142,55.8422933],[37.6645011,55.8421169],[37.6644896,55.8420495],[37.6644575,55.8419841],[37.6643269,55.8418609],[37.6641646,55.8417021]]},"properties":{"segmentId":"osm-rel:540139:way:426929331:25","routeId":"osm-rel:540139","routeName":"Трамвай 17: Медведково => Усадьба Останкино","routeRef":"17","relationId":540139,"fromStopId":"osm:1098430682","toStopId":"osm:4261845965","sequence":25,"osmWayId":426929331}},{"type":"Feature","geometry":{"type":"LineString","coordinates":[[37.6641646,55.8417021],[37.6639607,55.8415424],[37.6635242,55.8411769],[37.6627243,55.8405555]]},"properties":{"segmentId":"osm-rel:540139:way:426929343:26","routeId":"osm-rel:540139","routeName":"Трамвай 17: Медведково => Усадьба Останкино","routeRef":"17","relationId":540139,"fromStopId":"osm:4261845965","toStopId":"osm:4261845954","sequence":26,"osmWayId":426929343}},{"type":"Feature","geometry":{"type":"LineString","coordinates":[[37.6627243,55.8405555],[37.662578,55.840435],[37.6623241,55.8402257]]},"properties":{"segmentId":"osm-rel:540139:way:426929337:27","routeId":"osm-rel:540139","routeName":"Трамвай 17: Медведково => Усадьба Останкино","routeRef":"17","relationId":540139,"fromStopId":"osm:4261845954","toStopId":"osm:4234840246","sequence":27,"osmWayId":426929337}},{"type":"Feature","geometry":{"type":"LineString","coordinates":[[37.6623241,55.8402257],[37.6616207,55.8396423],[37.6605287,55.838822],[37.6591034,55.8377493]]},"properties":{"segmentId":"osm-rel:540139:way:423987255:28","routeId":"osm-rel:540139","routeName":"Трамвай 17: Медведково => Усадьба Останкино","routeRef":"17","relationId":540139,"fromStopId":"osm:4234840246","toStopId":"osm:11945138388","sequence":28,"osmWayId":423987255}},{"type":"Feature","geometry":{"type":"LineString","coordinates":[[37.6591034,55.8377493],[37.6589881,55.8376625],[37.6587122,55.8374639]]},"properties":{"segmentId":"osm-rel:540139:way:1288057092:29","routeId":"osm-rel:540139","routeName":"Трамвай 17: Медведково => Усадьба Останкино","routeRef":"17","relationId":540139,"fromStopId":"osm:11945138388","toStopId":"osm:4234840242","sequence":29,"osmWayId":1288057092}},{"type":"Feature","geometry":{"type":"LineString","coordinates":[[37.6587122,55.8374639],[37.6583777,55.8372115],[37.657987,55.8369197],[37.6578075,55.8367831]]},"properties":{"segmentId":"osm-rel:540139:way:1288057095:30","routeId":"osm-rel:540139","routeName":"Трамвай 17: Медведково => Усадьба Останкино","routeRef":"17","relationId":540139,"fromStopId":"osm:4234840242","toStopId":"osm:4261845914","sequence":30,"osmWayId":1288057095}},{"type":"Feature","geometry":{"type":"LineString","coordinates":[[37.6578075,55.8367831],[37.6576836,55.836691],[37.6575489,55.8366283],[37.6573995,55.8365709],[37.6570944,55.8364626],[37.656628,55.8362948],[37.6564776,55.8362215],[37.6563612,55.8361546],[37.6562598,55.8360724],[37.6561764,55.8359938],[37.6561171,55.8359356]]},"properties":{"segmentId":"osm-rel:540139:way:423987260:31","routeId":"osm-rel:540139","routeName":"Трамвай 17: Медведково => Усадьба Останкино","routeRef":"17","relationId":540139,"fromStopId":"osm:4261845914","toStopId":"osm:4234840239","sequence":31,"osmWayId":423987260}},{"type":"Feature","geometry":{"type":"LineString","coordinates":[[37.6561171,55.8359356],[37.655683,55.8355003]]},"properties":{"segmentId":"osm-rel:540139:way:423987218:32","routeId":"osm-rel:540139","routeName":"Трамвай 17: Медведково => Усадьба Останкино","routeRef":"17","relationId":540139,"fromStopId":"osm:4234840239","toStopId":"osm:4234840237","sequence":32,"osmWayId":423987218}},{"type":"Feature","geometry":{"type":"LineString","coordinates":[[37.655683,55.8355003],[37.6556426,55.8354613],[37.655607,55.835427]]},"properties":{"segmentId":"osm-rel:540139:way:423987250:33","routeId":"osm-rel:540139","routeName":"Трамвай 17: Медведково => Усадьба Останкино","routeRef":"17","relationId":540139,"fromStopId":"osm:4234840237","toStopId":"osm:4234840234","sequence":33,"osmWayId":423987250}},{"type":"Feature","geometry":{"type":"LineString","coordinates":[[37.655607,55.835427],[37.6550246,55.8348389],[37.6548395,55.8346533]]},"properties":{"segmentId":"osm-rel:540139:way:423987252:34","routeId":"osm-rel:540139","routeName":"Трамвай 17: Медведково => Усадьба Останкино","routeRef":"17","relationId":540139,"fromStopId":"osm:4234840234","toStopId":"osm:11945138390","sequence":34,"osmWayId":423987252}},{"type":"Feature","geometry":{"type":"LineString","coordinates":[[37.6548395,55.8346533],[37.6542978,55.8341225]]},"properties":{"segmentId":"osm-rel:540139:way:1288057096:35","routeId":"osm-rel:540139","routeName":"Трамвай 17: Медведково => Усадьба Останкино","routeRef":"17","relationId":540139,"fromStopId":"osm:11945138390","toStopId":"osm:1098430636","sequence":35,"osmWayId":1288057096}},{"type":"Feature","geometry":{"type":"LineString","coordinates":[[37.6542978,55.8341225],[37.6539554,55.8338328],[37.6539344,55.8338118]]},"properties":{"segmentId":"osm-rel:540139:way:423987239:36","routeId":"osm-rel:540139","routeName":"Трамвай 17: Медведково => Усадьба Останкино","routeRef":"17","relationId":540139,"fromStopId":"osm:1098430636","toStopId":"osm:1098430608","sequence":36,"osmWayId":423987239}},{"type":"Feature","geometry":{"type":"LineString","coordinates":[[37.6539344,55.8338118],[37.6536602,55.8335622]]},"properties":{"segmentId":"osm-rel:540139:way:94576128:37","routeId":"osm-rel:540139","routeName":"Трамвай 17: Медведково => Усадьба Останкино","routeRef":"17","relationId":540139,"fromStopId":"osm:1098430608","toStopId":"osm:1098430828","sequence":37,"osmWayId":94576128}},{"type":"Feature","geometry":{"type":"LineString","coordinates":[[37.6536602,55.8335622],[37.6535588,55.8334665],[37.6534614,55.8333723],[37.6533689,55.8332796]]},"properties":{"segmentId":"osm-rel:540139:way:1288057098:38","routeId":"osm-rel:540139","routeName":"Трамвай 17: Медведково => Усадьба Останкино","routeRef":"17","relationId":540139,"fromStopId":"osm:1098430828","toStopId":"osm:11945138392","sequence":38,"osmWayId":1288057098}},{"type":"Feature","geometry":{"type":"LineString","coordinates":[[37.6533689,55.8332796],[37.6528158,55.8327291],[37.6526297,55.8325513]]},"properties":{"segmentId":"osm-rel:540139:way:1288057100:39","routeId":"osm-rel:540139","routeName":"Трамвай 17: Медведково => Усадьба Останкино","routeRef":"17","relationId":540139,"fromStopId":"osm:11945138392","toStopId":"osm:4261845876","sequence":39,"osmWayId":1288057100}},{"type":"Feature","geometry":{"type":"LineString","coordinates":[[37.6526297,55.8325513],[37.6525491,55.8324654],[37.6522099,55.8321294],[37.6520706,55.8319832]]},"properties":{"segmentId":"osm-rel:540139:way:1288057101:40","routeId":"osm-rel:540139","routeName":"Трамвай 17: Медведково => Усадьба Останкино","routeRef":"17","relationId":540139,"fromStopId":"osm:4261845876","toStopId":"osm:1098430625","sequence":40,"osmWayId":1288057101}},{"type":"Feature","geometry":{"type":"LineString","coordinates":[[37.6520706,55.8319832],[37.6515831,55.8314846]]},"properties":{"segmentId":"osm-rel:540139:way:1288057103:41","routeId":"osm-rel:540139","routeName":"Трамвай 17: Медведково => Усадьба Останкино","routeRef":"17","relationId":540139,"fromStopId":"osm:1098430625","toStopId":"osm:1098430596","sequence":41,"osmWayId":1288057103}},{"type":"Feature","geometry":{"type":"LineString","coordinates":[[37.6515831,55.8314846],[37.6514648,55.8313791],[37.6513165,55.8312897]]},"properties":{"segmentId":"osm-rel:540139:way:1288057105:42","routeId":"osm-rel:540139","routeName":"Трамвай 17: Медведково => Усадьба Останкино","routeRef":"17","relationId":540139,"fromStopId":"osm:1098430596","toStopId":"osm:1098430730","sequence":42,"osmWayId":1288057105}},{"type":"Feature","geometry":{"type":"LineString","coordinates":[[37.6513165,55.8312897],[37.65104,55.8311126],[37.6509595,55.8310365]]},"properties":{"segmentId":"osm-rel:540139:way:1288057108:43","routeId":"osm-rel:540139","routeName":"Трамвай 17: Медведково => Усадьба Останкино","routeRef":"17","relationId":540139,"fromStopId":"osm:1098430730","toStopId":"osm:11945138396","sequence":43,"osmWayId":1288057108}},{"type":"Feature","geometry":{"type":"LineString","coordinates":[[37.6509595,55.8310365],[37.6494839,55.8296408],[37.6493889,55.829554]]},"properties":{"segmentId":"osm-rel:540139:way:94576136:44","routeId":"osm-rel:540139","routeName":"Трамвай 17: Медведково => Усадьба Останкино","routeRef":"17","relationId":540139,"fromStopId":"osm:11945138396","toStopId":"osm:11945138397","sequence":44,"osmWayId":94576136}},{"type":"Feature","geometry":{"type":"LineString","coordinates":[[37.6493889,55.829554],[37.6492179,55.829402],[37.649042,55.829221],[37.6489459,55.8291307],[37.6489298,55.829106]]},"properties":{"segmentId":"osm-rel:540139:way:1288057109:45","routeId":"osm-rel:540139","routeName":"Трамвай 17: Медведково => Усадьба Останкино","routeRef":"17","relationId":540139,"fromStopId":"osm:11945138397","toStopId":"osm:1098430698","sequence":45,"osmWayId":1288057109}},{"type":"Feature","geometry":{"type":"LineString","coordinates":[[37.6489298,55.829106],[37.6483222,55.8285126],[37.6477715,55.8279726],[37.6472808,55.8274808],[37.646976,55.8271688]]},"properties":{"segmentId":"osm-rel:540139:way:449222462:46","routeId":"osm-rel:540139","routeName":"Трамвай 17: Медведково => Усадьба Останкино","routeRef":"17","relationId":540139,"fromStopId":"osm:1098430698","toStopId":"osm:1046561909","sequence":46,"osmWayId":449222462}},{"type":"Feature","geometry":{"type":"LineString","coordinates":[[37.646976,55.8271688],[37.6469397,55.827138],[37.6469053,55.8271195],[37.6468603,55.8271035],[37.646797,55.827092],[37.6467111,55.8270905],[37.646625,55.8270961],[37.6465431,55.8271112]]},"properties":{"segmentId":"osm-rel:540139:way:53848891:47","routeId":"osm-rel:540139","routeName":"Трамвай 17: Медведково => Усадьба Останкино","routeRef":"17","relationId":540139,"fromStopId":"osm:1046561909","toStopId":"osm:1046562029","sequence":47,"osmWayId":53848891}},{"type":"Feature","geometry":{"type":"LineString","coordinates":[[37.6465431,55.8271112],[37.6460967,55.8272421],[37.645915,55.8272976],[37.64579,55.8273352],[37.6457148,55.8273575]]},"properties":{"segmentId":"osm-rel:540139:way:423987225:48","routeId":"osm-rel:540139","routeName":"Трамвай 17: Медведково => Усадьба Останкино","routeRef":"17","relationId":540139,"fromStopId":"osm:1046562029","toStopId":"osm:1046561811","sequence":48,"osmWayId":423987225}},{"type":"Feature","geometry":{"type":"LineString","coordinates":[[37.6457148,55.8273575],[37.6456299,55.8273773],[37.6455873,55.8273847],[37.645544,55.8273904],[37.645496,55.8273952],[37.6454474,55.827397],[37.6454075,55.8273974],[37.6453658,55.8273966],[37.6453218,55.8273942],[37.6452725,55.8273878],[37.645223,55.8273757],[37.6451806,55.8273603],[37.6451594,55.827351],[37.6451376,55.8273413],[37.6450816,55.8273132]]},"properties":{"segmentId":"osm-rel:540139:way:1288358326:49","routeId":"osm-rel:540139","routeName":"Трамвай 17: Медведково => Усадьба Останкино","routeRef":"17","relationId":540139,"fromStopId":"osm:1046561811","toStopId":"osm:1046561871","sequence":49,"osmWayId":1288358326}},{"type":"Feature","geometry":{"type":"LineString","coordinates":[[37.6450816,55.8273132],[37.6449611,55.8272486],[37.6448634,55.827197],[37.6438898,55.8266829],[37.6424669,55.825969],[37.6422645,55.8258729],[37.640954,55.8251882],[37.6394613,55.8244197],[37.6393153,55.8243398],[37.6382716,55.8238048],[37.6379487,55.8236393],[37.6378267,55.8235775],[37.6377757,55.8235523]]},"properties":{"segmentId":"osm-rel:540139:way:1050138224:50","routeId":"osm-rel:540139","routeName":"Трамвай 17: Медведково => Усадьба Останкино","routeRef":"17","relationId":540139,"fromStopId":"osm:1046561871","toStopId":"osm:4234840213","sequence":50,"osmWayId":1050138224}},{"type":"Feature","geometry":{"type":"LineString","coordinates":[[37.6377757,55.8235523],[37.6375808,55.8234443],[37.6367828,55.8230383],[37.6364987,55.8228891]]},"properties":{"segmentId":"osm-rel:540139:way:423987261:51","routeId":"osm-rel:540139","routeName":"Трамвай 17: Медведково => Усадьба Останкино","routeRef":"17","relationId":540139,"fromStopId":"osm:4234840213","toStopId":"osm:3392783225","sequence":51,"osmWayId":423987261}},{"type":"Feature","geometry":{"type":"LineString","coordinates":[[37.6364987,55.8228891],[37.6362269,55.8227372],[37.6358411,55.8225203],[37.6355305,55.8223414]]},"properties":{"segmentId":"osm-rel:540139:way:1288358329:52","routeId":"osm-rel:540139","routeName":"Трамвай 17: Медведково => Усадьба Останкино","routeRef":"17","relationId":540139,"fromStopId":"osm:3392783225","toStopId":"osm:4234840210","sequence":52,"osmWayId":1288358329}},{"type":"Feature","geometry":{"type":"LineString","coordinates":[[37.6355305,55.8223414],[37.6353817,55.8222477],[37.6352778,55.8221929],[37.6352701,55.8221889],[37.6351747,55.8221411]]},"properties":{"segmentId":"osm-rel:540139:way:1288358330:53","routeId":"osm-rel:540139","routeName":"Трамвай 17: Медведково => Усадьба Останкино","routeRef":"17","relationId":540139,"fromStopId":"osm:4234840210","toStopId":"osm:2721772439","sequence":53,"osmWayId":1288358330}},{"type":"Feature","geometry":{"type":"LineString","coordinates":[[37.6351747,55.8221411],[37.6350787,55.8220934],[37.6350392,55.8220779],[37.6349545,55.8220596],[37.634895,55.8220612],[37.6348418,55.8220626]]},"properties":{"segmentId":"osm-rel:540139:way:1288358332:54","routeId":"osm-rel:540139","routeName":"Трамвай 17: Медведково => Усадьба Останкино","routeRef":"17","relationId":540139,"fromStopId":"osm:2721772439","toStopId":"osm:7059557000","sequence":54,"osmWayId":1288358332}},{"type":"Feature","geometry":{"type":"LineString","coordinates":[[37.6348418,55.8220626],[37.6346094,55.8220703],[37.6341704,55.8220839],[37.6339085,55.822092],[37.6322627,55.8221416],[37.6314423,55.8221685]]},"properties":{"segmentId":"osm-rel:540139:way:1288358335:55","routeId":"osm-rel:540139","routeName":"Трамвай 17: Медведково => Усадьба Останкино","routeRef":"17","relationId":540139,"fromStopId":"osm:7059557000","toStopId":"osm:1046562025","sequence":55,"osmWayId":1288358335}},{"type":"Feature","geometry":{"type":"LineString","coordinates":[[37.6314423,55.8221685],[37.6311844,55.8221579],[37.630943,55.8221282],[37.630911,55.822122]]},"properties":{"segmentId":"osm-rel:540139:way:1288358337:56","routeId":"osm-rel:540139","routeName":"Трамвай 17: Медведково => Усадьба Останкино","routeRef":"17","relationId":540139,"fromStopId":"osm:1046562025","toStopId":"osm:3736338581","sequence":56,"osmWayId":1288358337}},{"type":"Feature","geometry":{"type":"LineString","coordinates":[[37.630911,55.822122],[37.63084,55.8221086],[37.6297488,55.8218981]]},"properties":{"segmentId":"osm-rel:540139:way:1288358338:57","routeId":"osm-rel:540139","routeName":"Трамвай 17: Медведково => Усадьба Останкино","routeRef":"17","relationId":540139,"fromStopId":"osm:3736338581","toStopId":"osm:60662583","sequence":57,"osmWayId":1288358338}},{"type":"Feature","geometry":{"type":"LineString","coordinates":[[37.6297488,55.8218981],[37.62929,55.8218369]]},"properties":{"segmentId":"osm-rel:540139:way:1288358340:58","routeId":"osm-rel:540139","routeName":"Трамвай 17: Медведково => Усадьба Останкино","routeRef":"17","relationId":540139,"fromStopId":"osm:60662583","toStopId":"osm:60662584","sequence":58,"osmWayId":1288358340}},{"type":"Feature","geometry":{"type":"LineString","coordinates":[[37.62929,55.8218369],[37.6286054,55.8218406],[37.6283954,55.8218427],[37.6257074,55.8218574],[37.6251319,55.8218585],[37.6248787,55.8218607],[37.6232206,55.8218809],[37.6225747,55.8218839],[37.6221282,55.8218859],[37.62165,55.821888],[37.6199602,55.8218893],[37.6197228,55.8218894],[37.6196422,55.8218905],[37.6195926,55.8218914]]},"properties":{"segmentId":"osm-rel:540139:way:519300247:59","routeId":"osm-rel:540139","routeName":"Трамвай 17: Медведково => Усадьба Останкино","routeRef":"17","relationId":540139,"fromStopId":"osm:60662584","toStopId":"osm:5063946159","sequence":59,"osmWayId":519300247}},{"type":"Feature","geometry":{"type":"LineString","coordinates":[[37.6195926,55.8218914],[37.6195652,55.8218921],[37.6195378,55.8218934],[37.6195101,55.8218949],[37.6194828,55.8218973],[37.6194539,55.8219004],[37.6194271,55.8219041],[37.6194009,55.8219091],[37.6193765,55.8219155],[37.6193526,55.8219223],[37.61933,55.8219306],[37.6193083,55.8219389],[37.6192898,55.8219471],[37.6192706,55.8219568],[37.6192532,55.8219668],[37.6192365,55.8219792],[37.6192216,55.8219917],[37.6192085,55.8220044],[37.6191986,55.8220169],[37.6191887,55.822031],[37.6191814,55.822046],[37.6191753,55.8220605],[37.6191703,55.8220747],[37.6191678,55.8220889],[37.6191662,55.8221031],[37.6191655,55.8221174],[37.6191652,55.8221304],[37.6191539,55.8223868],[37.6191526,55.8224065],[37.6191514,55.8224252],[37.6191493,55.8224446],[37.6191463,55.8224656],[37.6191426,55.822483],[37.6191362,55.822502],[37.6191296,55.8225195],[37.6191223,55.8225361],[37.6191111,55.8225529],[37.6190965,55.8225692],[37.6190778,55.8225848],[37.6190558,55.8225995],[37.6190286,55.8226123],[37.6190002,55.8226228],[37.6189704,55.8226324],[37.6189366,55.8226409],[37.6189037,55.8226466],[37.6188718,55.8226509],[37.6188391,55.8226543],[37.6188066,55.8226567]]},"properties":{"segmentId":"osm-rel:540139:way:90263249:60","routeId":"osm-rel:540139","routeName":"Трамвай 17: Медведково => Усадьба Останкино","routeRef":"17","relationId":540139,"fromStopId":"osm:5063946159","toStopId":"osm:1046561728","sequence":60,"osmWayId":90263249}},{"type":"Feature","geometry":{"type":"LineString","coordinates":[[37.6188066,55.8226567],[37.6184513,55.8226763],[37.6178431,55.8227071],[37.6172291,55.8227374]]},"properties":{"segmentId":"osm-rel:540139:way:519300245:61","routeId":"osm-rel:540139","routeName":"Трамвай 17: Медведково => Усадьба Останкино","routeRef":"17","relationId":540139,"fromStopId":"osm:1046561728","toStopId":"osm:3236023227","sequence":61,"osmWayId":519300245}},{"type":"Feature","geometry":{"type":"LineString","coordinates":[[37.5085795,55.8059473],[37.5089328,55.8057503],[37.5088847,55.805723],[37.5085314,55.8059201],[37.5085795,55.8059473]]},"properties":{"segmentId":"osm-rel:1225388:way:236632716:0","routeId":"osm-rel:1225388","routeName":"Трамвай 6: Метро «Сокол» => Братцево","routeRef":"6","relationId":1225388,"fromStopId":"osm:2446413962","toStopId":"osm:2446413962","sequence":0,"osmWayId":236632716}},{"type":"Feature","geometry":{"type":"LineString","coordinates":[[37.508751,55.80587],[37.5090264,55.8057138],[37.5091967,55.8056191],[37.5092493,55.8055872]]},"properties":{"segmentId":"osm-rel:1225388:way:234236733:1","routeId":"osm-rel:1225388","routeName":"Трамвай 6: Метро «Сокол» => Братцево","routeRef":"6","relationId":1225388,"fromStopId":"osm:2424418102","toStopId":"osm:2425127107","sequence":1,"osmWayId":234236733}},{"type":"Feature","geometry":{"type":"LineString","coordinates":[[37.5092493,55.8055872],[37.5093733,55.8055071],[37.5094486,55.8054772],[37.509503,55.8054678],[37.5095322,55.8054627],[37.5095648,55.8054578],[37.5095981,55.8054545],[37.5096319,55.8054527],[37.5096656,55.8054526],[37.5096994,55.8054542],[37.5097327,55.8054575],[37.5097655,55.8054623],[37.5097973,55.8054687],[37.509828,55.8054766],[37.5098575,55.8054859],[37.5098853,55.8054967],[37.5099115,55.8055088],[37.5099356,55.8055221],[37.5099577,55.8055364],[37.5099775,55.8055519],[37.5099947,55.8055682],[37.5100095,55.8055853],[37.5100215,55.8056031],[37.5100308,55.8056214],[37.5100372,55.8056401],[37.5100407,55.805659],[37.5100413,55.8056779],[37.510039,55.805697],[37.5100338,55.8057157],[37.5100257,55.8057342],[37.5100148,55.8057521],[37.5100013,55.8057696],[37.509985,55.8057862],[37.5099663,55.805802],[37.5099452,55.805817],[37.5099219,55.8058307],[37.5098966,55.8058433],[37.5098694,55.8058546],[37.5098406,55.8058646],[37.5098103,55.8058731]]},"properties":{"segmentId":"osm-rel:1225388:way:234103135:2","routeId":"osm-rel:1225388","routeName":"Трамвай 6: Метро «Сокол» => Братцево","routeRef":"6","relationId":1225388,"fromStopId":"osm:2425127107","toStopId":"osm:2355714663","sequence":2,"osmWayId":234103135}},{"type":"Feature","geometry":{"type":"LineString","coordinates":[[37.5098103,55.8058731],[37.5097113,55.8059023],[37.5095869,55.8059258],[37.5095037,55.8059391],[37.5094395,55.8059464],[37.5093744,55.8059506],[37.509309,55.8059516],[37.5091032,55.8059498]]},"properties":{"segmentId":"osm-rel:1225388:way:234236730:3","routeId":"osm-rel:1225388","routeName":"Трамвай 6: Метро «Сокол» => Братцево","routeRef":"6","relationId":1225388,"fromStopId":"osm:2355714663","toStopId":"osm:2355714674","sequence":3,"osmWayId":234236730}},{"type":"Feature","geometry":{"type":"LineString","coordinates":[[37.5091032,55.8059498],[37.5089368,55.805946],[37.5088279,55.805953],[37.508713,55.8059695],[37.5083569,55.806049]]},"properties":{"segmentId":"osm-rel:1225388:way:1302485545:4","routeId":"osm-rel:1225388","routeName":"Трамвай 6: Метро «Сокол» => Братцево","routeRef":"6","relationId":1225388,"fromStopId":"osm:2355714674","toStopId":"osm:10581176427","sequence":4,"osmWayId":1302485545}},{"type":"Feature","geometry":{"type":"LineString","coordinates":[[37.5083569,55.806049],[37.5078646,55.8061687],[37.5074351,55.8062722],[37.5063477,55.8065328]]},"properties":{"segmentId":"osm-rel:1225388:way:1302485546:5","routeId":"osm-rel:1225388","routeName":"Трамвай 6: Метро «Сокол» => Братцево","routeRef":"6","relationId":1225388,"fromStopId":"osm:10581176427","toStopId":"osm:12062991748","sequence":5,"osmWayId":1302485546}},{"type":"Feature","geometry":{"type":"LineString","coordinates":[[37.5063477,55.8065328],[37.5061776,55.8065736],[37.5061108,55.8065892],[37.5059133,55.8066256],[37.5052959,55.8067505]]},"properties":{"segmentId":"osm-rel:1225388:way:1302485549:6","routeId":"osm-rel:1225388","routeName":"Трамвай 6: Метро «Сокол» => Братцево","routeRef":"6","relationId":1225388,"fromStopId":"osm:12062991748","toStopId":"osm:2424327579","sequence":6,"osmWayId":1302485549}},{"type":"Feature","geometry":{"type":"LineString","coordinates":[[37.5052959,55.8067505],[37.5051269,55.8067804],[37.5039279,55.8070167],[37.5017551,55.807426],[37.4999085,55.8077605],[37.4988346,55.8079649],[37.4974546,55.8082334],[37.4959005,55.8085496],[37.4949346,55.80876],[37.4939005,55.8089822],[37.4928327,55.8092156],[37.4926999,55.8092456]]},"properties":{"segmentId":"osm-rel:1225388:way:234266488:7","routeId":"osm-rel:1225388","routeName":"Трамвай 6: Метро «Сокол» => Братцево","routeRef":"6","relationId":1225388,"fromStopId":"osm:2424327579","toStopId":"osm:2425353197","sequence":7,"osmWayId":234266488}},{"type":"Feature","geometry":{"type":"LineString","coordinates":[[37.4926999,55.8092456],[37.4921228,55.8093754],[37.4919794,55.8094077]]},"properties":{"segmentId":"osm-rel:1225388:way:234103139:8","routeId":"osm-rel:1225388","routeName":"Трамвай 6: Метро «Сокол» => Братцево","routeRef":"6","relationId":1225388,"fromStopId":"osm:2425353197","toStopId":"osm:2424050186","sequence":8,"osmWayId":234103139}},{"type":"Feature","geometry":{"type":"LineString","coordinates":[[37.4919794,55.8094077],[37.4917775,55.8094487]]},"properties":{"segmentId":"osm-rel:1225388:way:236632729:9","routeId":"osm-rel:1225388","routeName":"Трамвай 6: Метро «Сокол» => Братцево","routeRef":"6","relationId":1225388,"fromStopId":"osm:2424050186","toStopId":"osm:303290502","sequence":9,"osmWayId":236632729}},{"type":"Feature","geometry":{"type":"LineString","coordinates":[[37.4917775,55.8094487],[37.491394,55.8095233],[37.4913127,55.8095363],[37.4912285,55.8095412],[37.4911441,55.8095379],[37.491062,55.8095263],[37.4909848,55.8095069],[37.4909488,55.8094957]]},"properties":{"segmentId":"osm-rel:1225388:way:349837374:10","routeId":"osm-rel:1225388","routeName":"Трамвай 6: Метро «Сокол» => Братцево","routeRef":"6","relationId":1225388,"fromStopId":"osm:303290502","toStopId":"osm:3556281141","sequence":10,"osmWayId":349837374}},{"type":"Feature","geometry":{"type":"LineString","coordinates":[[37.4909488,55.8094957],[37.4895988,55.8091449]]},"properties":{"segmentId":"osm-rel:1225388:way:349837371:11","routeId":"osm-rel:1225388","routeName":"Трамвай 6: Метро «Сокол» => Братцево","routeRef":"6","relationId":1225388,"fromStopId":"osm:3556281141","toStopId":"osm:3556281135","sequence":11,"osmWayId":349837371}},{"type":"Feature","geometry":{"type":"LineString","coordinates":[[37.4895988,55.8091449],[37.4895817,55.80914],[37.4895218,55.8091265],[37.4894448,55.8091154],[37.4893685,55.8091101],[37.4892938,55.8091115],[37.4892128,55.8091207],[37.4891318,55.8091358],[37.4887758,55.8092267]]},"properties":{"segmentId":"osm-rel:1225388:way:1304432978:12","routeId":"osm-rel:1225388","routeName":"Трамвай 6: Метро «Сокол» => Братцево","routeRef":"6","relationId":1225388,"fromStopId":"osm:3556281135","toStopId":"osm:3782984949","sequence":12,"osmWayId":1304432978}},{"type":"Feature","geometry":{"type":"LineString","coordinates":[[37.4887758,55.8092267],[37.4872501,55.8096647],[37.4864206,55.8099359],[37.485552,55.810235],[37.4847153,55.8105264]]},"properties":{"segmentId":"osm-rel:1225388:way:1304432980:13","routeId":"osm-rel:1225388","routeName":"Трамвай 6: Метро «Сокол» => Братцево","routeRef":"6","relationId":1225388,"fromStopId":"osm:3782984949","toStopId":"osm:12079967307","sequence":13,"osmWayId":1304432980}},{"type":"Feature","geometry":{"type":"LineString","coordinates":[[37.4847153,55.8105264],[37.4845024,55.8106005],[37.4844102,55.8106254],[37.4842946,55.810647],[37.4841697,55.8106602],[37.4839875,55.8106726],[37.4838297,55.8106759]]},"properties":{"segmentId":"osm-rel:1225388:way:1304432982:14","routeId":"osm-rel:1225388","routeName":"Трамвай 6: Метро «Сокол» => Братцево","routeRef":"6","relationId":1225388,"fromStopId":"osm:12079967307","toStopId":"osm:4116180635","sequence":14,"osmWayId":1304432982}},{"type":"Feature","geometry":{"type":"LineString","coordinates":[[37.4838297,55.8106759],[37.4835714,55.8106693],[37.4825773,55.8106388],[37.4823566,55.810632],[37.4810723,55.8105854],[37.4798067,55.8105356],[37.4786412,55.8104901],[37.4781419,55.8104719],[37.4774425,55.8104456],[37.4770551,55.8104322],[37.4762634,55.8104056],[37.4761654,55.8104018],[37.4760127,55.8103983],[37.475894,55.8103968],[37.4755533,55.8103872]]},"properties":{"segmentId":"osm-rel:1225388:way:349837376:15","routeId":"osm-rel:1225388","routeName":"Трамвай 6: Метро «Сокол» => Братцево","routeRef":"6","relationId":1225388,"fromStopId":"osm:4116180635","toStopId":"osm:4116180649","sequence":15,"osmWayId":349837376}},{"type":"Feature","geometry":{"type":"LineString","coordinates":[[37.4755533,55.8103872],[37.475411,55.8104139],[37.4753236,55.8104359],[37.4752439,55.8104681],[37.4751791,55.8105264],[37.4751313,55.8106344]]},"properties":{"segmentId":"osm-rel:1225388:way:1199722902:16","routeId":"osm-rel:1225388","routeName":"Трамвай 6: Метро «Сокол» => Братцево","routeRef":"6","relationId":1225388,"fromStopId":"osm:4116180649","toStopId":"osm:6847312884","sequence":16,"osmWayId":1199722902}},{"type":"Feature","geometry":{"type":"LineString","coordinates":[[37.4751313,55.8106344],[37.4751273,55.8106881],[37.4751242,55.8107237],[37.4750585,55.8114685],[37.4750537,55.8115223]]},"properties":{"segmentId":"osm-rel:1225388:way:1304432986:17","routeId":"osm-rel:1225388","routeName":"Трамвай 6: Метро «Сокол» => Братцево","routeRef":"6","relationId":1225388,"fromStopId":"osm:6847312884","toStopId":"osm:12079967309","sequence":17,"osmWayId":1304432986}},{"type":"Feature","geometry":{"type":"LineString","coordinates":[[37.4750537,55.8115223],[37.4750422,55.8116531],[37.4749533,55.811891],[37.4748206,55.8120447],[37.4746308,55.8121649],[37.4744195,55.8122707]]},"properties":{"segmentId":"osm-rel:1225388:way:29463145:18","routeId":"osm-rel:1225388","routeName":"Трамвай 6: Метро «Сокол» => Братцево","routeRef":"6","relationId":1225388,"fromStopId":"osm:12079967309","toStopId":"osm:303594448","sequence":18,"osmWayId":29463145}},{"type":"Feature","geometry":{"type":"LineString","coordinates":[[37.4744195,55.8122707],[37.4739766,55.8124985],[37.4739382,55.8125229],[37.4738141,55.8126018],[37.4736383,55.8127172],[37.473446,55.8128663]]},"properties":{"segmentId":"osm-rel:1225388:way:1304432989:19","routeId":"osm-rel:1225388","routeName":"Трамвай 6: Метро «Сокол» => Братцево","routeRef":"6","relationId":1225388,"fromStopId":"osm:303594448","toStopId":"osm:324714430","sequence":19,"osmWayId":1304432989}},{"type":"Feature","geometry":{"type":"LineString","coordinates":[[37.473446,55.8128663],[37.4729248,55.8133613]]},"properties":{"segmentId":"osm-rel:1225388:way:29463144:20","routeId":"osm-rel:1225388","routeName":"Трамвай 6: Метро «Сокол» => Братцево","routeRef":"6","relationId":1225388,"fromStopId":"osm:324714430","toStopId":"osm:324714433","sequence":20,"osmWayId":29463144}},{"type":"Feature","geometry":{"type":"LineString","coordinates":[[37.4729248,55.8133613],[37.4728599,55.8134076],[37.4728196,55.8134275],[37.472776,55.813449],[37.472636,55.8134958],[37.4722913,55.8135855]]},"properties":{"segmentId":"osm-rel:1225388:way:1304432991:21","routeId":"osm-rel:1225388","routeName":"Трамвай 6: Метро «Сокол» => Братцево","routeRef":"6","relationId":1225388,"fromStopId":"osm:324714433","toStopId":"osm:4116180672","sequence":21,"osmWayId":1304432991}},{"type":"Feature","geometry":{"type":"LineString","coordinates":[[37.4722913,55.8135855],[37.4700917,55.8141889],[37.4696324,55.8143148],[37.4682579,55.8146977],[37.4681554,55.8147262],[37.4646154,55.8156998],[37.4616663,55.8165128],[37.4608115,55.8167674],[37.4598409,55.8170584]]},"properties":{"segmentId":"osm-rel:1225388:way:1499528661:22","routeId":"osm-rel:1225388","routeName":"Трамвай 6: Метро «Сокол» => Братцево","routeRef":"6","relationId":1225388,"fromStopId":"osm:4116180672","toStopId":"osm:4116180677","sequence":22,"osmWayId":1499528661}},{"type":"Feature","geometry":{"type":"LineString","coordinates":[[37.4598409,55.8170584],[37.4591539,55.8172573],[37.4588052,55.8173417],[37.4581387,55.8174864]]},"properties":{"segmentId":"osm-rel:1225388:way:1304432995:23","routeId":"osm-rel:1225388","routeName":"Трамвай 6: Метро «Сокол» => Братцево","routeRef":"6","relationId":1225388,"fromStopId":"osm:4116180677","toStopId":"osm:4116180680","sequence":23,"osmWayId":1304432995}},{"type":"Feature","geometry":{"type":"LineString","coordinates":[[37.4581387,55.8174864],[37.45652,55.8178646]]},"properties":{"segmentId":"osm-rel:1225388:way:1304432999:24","routeId":"osm-rel:1225388","routeName":"Трамвай 6: Метро «Сокол» => Братцево","routeRef":"6","relationId":1225388,"fromStopId":"osm:4116180680","toStopId":"osm:4116180681","sequence":24,"osmWayId":1304432999}},{"type":"Feature","geometry":{"type":"LineString","coordinates":[[37.45652,55.8178646],[37.4547524,55.8182992]]},"properties":{"segmentId":"osm-rel:1225388:way:1304432992:25","routeId":"osm-rel:1225388","routeName":"Трамвай 6: Метро «Сокол» => Братцево","routeRef":"6","relationId":1225388,"fromStopId":"osm:4116180681","toStopId":"osm:12079967311","sequence":25,"osmWayId":1304432992}},{"type":"Feature","geometry":{"type":"LineString","coordinates":[[37.4547524,55.8182992],[37.4546357,55.8183279],[37.4544708,55.8183837],[37.454338,55.8184485],[37.4541266,55.8185864],[37.4540054,55.8186391],[37.4538887,55.8186737],[37.4536802,55.8187238]]},"properties":{"segmentId":"osm-rel:1225388:way:1304432996:26","routeId":"osm-rel:1225388","routeName":"Трамвай 6: Метро «Сокол» => Братцево","routeRef":"6","relationId":1225388,"fromStopId":"osm:12079967311","toStopId":"osm:4116180688","sequence":26,"osmWayId":1304432996}},{"type":"Feature","geometry":{"type":"LineString","coordinates":[[37.4536802,55.8187238],[37.4514627,55.819246]]},"properties":{"segmentId":"osm-rel:1225388:way:409754699:27","routeId":"osm-rel:1225388","routeName":"Трамвай 6: Метро «Сокол» => Братцево","routeRef":"6","relationId":1225388,"fromStopId":"osm:4116180688","toStopId":"osm:4116181289","sequence":27,"osmWayId":409754699}},{"type":"Feature","geometry":{"type":"LineString","coordinates":[[37.4514627,55.819246],[37.4511931,55.8193059],[37.4510568,55.8193323],[37.450949,55.8193459],[37.4508403,55.8193511],[37.4506821,55.8193458],[37.4505669,55.819332],[37.4504735,55.8193164],[37.4503857,55.8192901]]},"properties":{"segmentId":"osm-rel:1225388:way:1304433001:28","routeId":"osm-rel:1225388","routeName":"Трамвай 6: Метро «Сокол» => Братцево","routeRef":"6","relationId":1225388,"fromStopId":"osm:4116181289","toStopId":"osm:4116181295","sequence":28,"osmWayId":1304433001}},{"type":"Feature","geometry":{"type":"LineString","coordinates":[[37.4503857,55.8192901],[37.4502401,55.8192419],[37.4501296,55.8192042],[37.45,55.8191688],[37.4498601,55.8191416],[37.4497044,55.8191251],[37.4495079,55.819119],[37.4493054,55.8191281],[37.4491747,55.8191462],[37.4490366,55.8191763],[37.4489191,55.8192125],[37.4488212,55.8192524],[37.4486919,55.819324],[37.4485879,55.8193993],[37.4485096,55.8194823],[37.4484452,55.8195779],[37.4484135,55.8196623],[37.4484022,55.8197768],[37.4484237,55.8198853],[37.4484752,55.8199832],[37.4485769,55.8201066]]},"properties":{"segmentId":"osm-rel:1225388:way:409754702:29","routeId":"osm-rel:1225388","routeName":"Трамвай 6: Метро «Сокол» => Братцево","routeRef":"6","relationId":1225388,"fromStopId":"osm:4116181295","toStopId":"osm:4116181306","sequence":29,"osmWayId":409754702}},{"type":"Feature","geometry":{"type":"LineString","coordinates":[[37.4485769,55.8201066],[37.4495462,55.8210601]]},"properties":{"segmentId":"osm-rel:1225388:way:409754704:30","routeId":"osm-rel:1225388","routeName":"Трамвай 6: Метро «Сокол» => Братцево","routeRef":"6","relationId":1225388,"fromStopId":"osm:4116181306","toStopId":"osm:4116181307","sequence":30,"osmWayId":409754704}},{"type":"Feature","geometry":{"type":"LineString","coordinates":[[37.4495462,55.8210601],[37.4496219,55.8211209],[37.4497058,55.8211752],[37.4500116,55.8213568],[37.4501127,55.8214305],[37.4501953,55.8215104],[37.450308,55.8216626]]},"properties":{"segmentId":"osm-rel:1225388:way:1304433003:31","routeId":"osm-rel:1225388","routeName":"Трамвай 6: Метро «Сокол» => Братцево","routeRef":"6","relationId":1225388,"fromStopId":"osm:4116181307","toStopId":"osm:4116181315","sequence":31,"osmWayId":1304433003}},{"type":"Feature","geometry":{"type":"LineString","coordinates":[[37.450308,55.8216626],[37.4507537,55.8226766],[37.450904,55.8230413],[37.4511059,55.8235031]]},"properties":{"segmentId":"osm-rel:1225388:way:1304433005:32","routeId":"osm-rel:1225388","routeName":"Трамвай 6: Метро «Сокол» => Братцево","routeRef":"6","relationId":1225388,"fromStopId":"osm:4116181315","toStopId":"osm:4116181317","sequence":32,"osmWayId":1304433005}},{"type":"Feature","geometry":{"type":"LineString","coordinates":[[37.4511059,55.8235031],[37.4513984,55.8242361]]},"properties":{"segmentId":"osm-rel:1225388:way:1304433006:33","routeId":"osm-rel:1225388","routeName":"Трамвай 6: Метро «Сокол» => Братцево","routeRef":"6","relationId":1225388,"fromStopId":"osm:4116181317","toStopId":"osm:899715503","sequence":33,"osmWayId":1304433006}},{"type":"Feature","geometry":{"type":"LineString","coordinates":[[37.4513984,55.8242361],[37.451754,55.8250998],[37.4519206,55.8255124],[37.4523258,55.826516],[37.4523608,55.826614],[37.4523711,55.8266444],[37.4523837,55.8266797],[37.4524482,55.8269318],[37.452745,55.8283932],[37.4527643,55.8284887],[37.4527879,55.8286012],[37.4528123,55.8287265],[37.4528569,55.8289494],[37.452925,55.82929],[37.4530701,55.8300107],[37.453081,55.8300849],[37.4531052,55.8301795]]},"properties":{"segmentId":"osm-rel:1225388:way:409754706:34","routeId":"osm-rel:1225388","routeName":"Трамвай 6: Метро «Сокол» => Братцево","routeRef":"6","relationId":1225388,"fromStopId":"osm:899715503","toStopId":"osm:6707839741","sequence":34,"osmWayId":409754706}},{"type":"Feature","geometry":{"type":"LineString","coordinates":[[37.4531052,55.8301795],[37.4532636,55.8309715],[37.4533422,55.8313422],[37.4535105,55.8322011],[37.453531,55.8323058],[37.4535562,55.8324199],[37.4535762,55.8325102],[37.4536037,55.8326466]]},"properties":{"segmentId":"osm-rel:1225388:way:1304433010:35","routeId":"osm-rel:1225388","routeName":"Трамвай 6: Метро «Сокол» => Братцево","routeRef":"6","relationId":1225388,"fromStopId":"osm:6707839741","toStopId":"osm:4116181330","sequence":35,"osmWayId":1304433010}},{"type":"Feature","geometry":{"type":"LineString","coordinates":[[37.4536037,55.8326466],[37.4537184,55.8332171],[37.4538619,55.833959],[37.4539374,55.8343287]]},"properties":{"segmentId":"osm-rel:1225388:way:1304433009:36","routeId":"osm-rel:1225388","routeName":"Трамвай 6: Метро «Сокол» => Братцево","routeRef":"6","relationId":1225388,"fromStopId":"osm:4116181330","toStopId":"osm:12079967314","sequence":36,"osmWayId":1304433009}},{"type":"Feature","geometry":{"type":"LineString","coordinates":[[37.4539374,55.8343287],[37.4540002,55.8346357],[37.4540219,55.8347439],[37.4540717,55.8349876]]},"properties":{"segmentId":"osm-rel:1225388:way:1304433013:37","routeId":"osm-rel:1225388","routeName":"Трамвай 6: Метро «Сокол» => Братцево","routeRef":"6","relationId":1225388,"fromStopId":"osm:12079967314","toStopId":"osm:4116181334","sequence":37,"osmWayId":1304433013}},{"type":"Feature","geometry":{"type":"LineString","coordinates":[[37.4540717,55.8349876],[37.4542017,55.8356067]]},"properties":{"segmentId":"osm-rel:1225388:way:409754707:38","routeId":"osm-rel:1225388","routeName":"Трамвай 6: Метро «Сокол» => Братцево","routeRef":"6","relationId":1225388,"fromStopId":"osm:4116181334","toStopId":"osm:4116181335","sequence":38,"osmWayId":409754707}},{"type":"Feature","geometry":{"type":"LineString","coordinates":[[37.4542017,55.8356067],[37.4542118,55.8356958],[37.4542111,55.8357496],[37.4541988,55.8358078],[37.4541789,55.8358471],[37.454151,55.8358818],[37.4540837,55.8359315],[37.4540053,55.8359664],[37.4539007,55.8360021],[37.4537397,55.8360475],[37.4536554,55.8360701],[37.4534908,55.8361142],[37.4531812,55.8361977],[37.4530478,55.8362343],[37.4528758,55.8362824],[37.4526088,55.8363562],[37.4524435,55.8363849],[37.4522856,55.8364053],[37.4514699,55.8364858],[37.450997,55.836522]]},"properties":{"segmentId":"osm-rel:1225388:way:1304433014:39","routeId":"osm-rel:1225388","routeName":"Трамвай 6: Метро «Сокол» => Братцево","routeRef":"6","relationId":1225388,"fromStopId":"osm:4116181335","toStopId":"osm:5302880831","sequence":39,"osmWayId":1304433014}},{"type":"Feature","geometry":{"type":"LineString","coordinates":[[37.450997,55.836522],[37.4468695,55.8368201],[37.4419954,55.8371774],[37.4419067,55.8371839],[37.4415575,55.8372095],[37.4386248,55.8374245]]},"properties":{"segmentId":"osm-rel:1225388:way:1304433016:40","routeId":"osm-rel:1225388","routeName":"Трамвай 6: Метро «Сокол» => Братцево","routeRef":"6","relationId":1225388,"fromStopId":"osm:5302880831","toStopId":"osm:10885460161","sequence":40,"osmWayId":1304433016}},{"type":"Feature","geometry":{"type":"LineString","coordinates":[[37.4386248,55.8374245],[37.4383266,55.8374499],[37.4382783,55.8374561],[37.4381919,55.8374672],[37.43816,55.837475],[37.4380943,55.8374911],[37.4380661,55.8375006],[37.43804,55.8375094],[37.437969,55.8375432],[37.4379328,55.8375736],[37.4379063,55.8376124],[37.4379018,55.8376463],[37.4378991,55.8376662],[37.4379035,55.8377171],[37.4379074,55.8377588],[37.4379135,55.8377904]]},"properties":{"segmentId":"osm-rel:1225388:way:1304433019:41","routeId":"osm-rel:1225388","routeName":"Трамвай 6: Метро «Сокол» => Братцево","routeRef":"6","relationId":1225388,"fromStopId":"osm:10885460161","toStopId":"osm:12079967316","sequence":41,"osmWayId":1304433019}},{"type":"Feature","geometry":{"type":"LineString","coordinates":[[37.4379135,55.8377904],[37.4379665,55.8380659],[37.43798,55.8381248],[37.4380748,55.8385088],[37.4381602,55.8389349],[37.4381899,55.8390709],[37.4382147,55.8391959],[37.4382483,55.8393545],[37.4383147,55.8396671],[37.4384402,55.840284],[37.4387026,55.8416017],[37.438844,55.8422438],[37.4388467,55.8422567],[37.4389116,55.8425642],[37.4390729,55.8433525],[37.4391052,55.8434924],[37.4392849,55.8443586],[37.4393613,55.8447389],[37.4395095,55.845496],[37.4396216,55.8460097],[37.4396508,55.8461422],[37.4396688,55.846231],[37.4396876,55.8463247],[37.4400559,55.8480878]]},"properties":{"segmentId":"osm-rel:1225388:way:1304433020:42","routeId":"osm-rel:1225388","routeName":"Трамвай 6: Метро «Сокол» => Братцево","routeRef":"6","relationId":1225388,"fromStopId":"osm:12079967316","toStopId":"osm:4116181378","sequence":42,"osmWayId":1304433020}},{"type":"Feature","geometry":{"type":"LineString","coordinates":[[37.4400559,55.8480878],[37.4400946,55.8483138],[37.4400933,55.8485231],[37.4400732,55.848712],[37.4400356,55.8488558],[37.4399281,55.8492124],[37.4398698,55.8493813]]},"properties":{"segmentId":"osm-rel:1225388:way:1304433022:43","routeId":"osm-rel:1225388","routeName":"Трамвай 6: Метро «Сокол» => Братцево","routeRef":"6","relationId":1225388,"fromStopId":"osm:4116181378","toStopId":"osm:6707839724","sequence":43,"osmWayId":1304433022}},{"type":"Feature","geometry":{"type":"LineString","coordinates":[[37.4398698,55.8493813],[37.4394046,55.8506639],[37.4391827,55.8513684],[37.4391316,55.8515047],[37.4389829,55.8519131],[37.4389062,55.8521322],[37.4385489,55.8531219],[37.438321,55.853708],[37.4383071,55.8537477],[37.438263,55.8538605],[37.4380642,55.85424],[37.4378188,55.8545772],[37.4376412,55.854793],[37.4375408,55.8549112],[37.4374434,55.8550219],[37.4372827,55.8551848],[37.4370601,55.8553868]]},"properties":{"segmentId":"osm-rel:1225388:way:1304433024:44","routeId":"osm-rel:1225388","routeName":"Трамвай 6: Метро «Сокол» => Братцево","routeRef":"6","relationId":1225388,"fromStopId":"osm:6707839724","toStopId":"osm:4116181493","sequence":44,"osmWayId":1304433024}},{"type":"Feature","geometry":{"type":"LineString","coordinates":[[37.4370601,55.8553868],[37.4369605,55.8554764],[37.436821,55.8555919],[37.4366728,55.8557135],[37.4364857,55.8558523],[37.436319,55.8559611],[37.4360187,55.8561464]]},"properties":{"segmentId":"osm-rel:1225388:way:1304433026:45","routeId":"osm-rel:1225388","routeName":"Трамвай 6: Метро «Сокол» => Братцево","routeRef":"6","relationId":1225388,"fromStopId":"osm:4116181493","toStopId":"osm:4116181496","sequence":45,"osmWayId":1304433026}},{"type":"Feature","geometry":{"type":"LineString","coordinates":[[37.4360187,55.8561464],[37.4356695,55.8563521],[37.4353471,55.8565283],[37.4350099,55.8566952],[37.434597,55.8568813],[37.4341693,55.8570621],[37.4338632,55.857179],[37.4335524,55.8572909],[37.4328803,55.8574985],[37.4324074,55.8576242],[37.4321885,55.857673],[37.4320144,55.8577152],[37.4315654,55.857811],[37.4310301,55.857905],[37.4306368,55.8579621],[37.429882,55.8580612],[37.429056,55.8581376],[37.4284995,55.8581775],[37.4282058,55.858194],[37.4272764,55.8582407],[37.4267098,55.858273],[37.4264674,55.8582819],[37.4262813,55.8582877],[37.4257582,55.8582972],[37.4251597,55.8582966],[37.4246894,55.8582949],[37.4235883,55.8582685],[37.4217443,55.8581933],[37.4210456,55.8581684],[37.4205777,55.8581427],[37.4203084,55.858127],[37.419919,55.858098],[37.4196247,55.8580728],[37.4193276,55.8580503],[37.4188113,55.8580055],[37.417993,55.8579526],[37.4173158,55.8578874],[37.4168105,55.8578356],[37.4160805,55.8577227],[37.4159056,55.8576913],[37.4156705,55.8576488],[37.4151434,55.8575452],[37.4148966,55.8574933],[37.4147819,55.8574658],[37.4145734,55.8574167],[37.4142656,55.8573337],[37.4138915,55.8572222],[37.413632,55.8571418],[37.4129619,55.8569182],[37.4127589,55.8568392],[37.4124508,55.8567133],[37.4118965,55.8564845],[37.4114909,55.8562817],[37.4111965,55.8561204],[37.4108602,55.8559179],[37.4107473,55.8558493],[37.4102124,55.8555048],[37.4098474,55.8552312],[37.4093676,55.8548384]]},"properties":{"segmentId":"osm-rel:1225388:way:409754708:46","routeId":"osm-rel:1225388","routeName":"Трамвай 6: Метро «Сокол» => Братцево","routeRef":"6","relationId":1225388,"fromStopId":"osm:4116181496","toStopId":"osm:777383416","sequence":46,"osmWayId":409754708}},{"type":"Feature","geometry":{"type":"LineString","coordinates":[[37.4093676,55.8548384],[37.4091806,55.8546684],[37.409075,55.8545612],[37.4089427,55.854421],[37.4086954,55.8541361]]},"properties":{"segmentId":"osm-rel:1225388:way:1304433031:47","routeId":"osm-rel:1225388","routeName":"Трамвай 6: Метро «Сокол» => Братцево","routeRef":"6","relationId":1225388,"fromStopId":"osm:777383416","toStopId":"osm:10884105642","sequence":47,"osmWayId":1304433031}},{"type":"Feature","geometry":{"type":"LineString","coordinates":[[37.4086954,55.8541361],[37.4084907,55.8538954],[37.4083708,55.8537356],[37.4080415,55.8532199],[37.4078024,55.8528532],[37.4077779,55.8528148]]},"properties":{"segmentId":"osm-rel:1225388:way:1304433032:48","routeId":"osm-rel:1225388","routeName":"Трамвай 6: Метро «Сокол» => Братцево","routeRef":"6","relationId":1225388,"fromStopId":"osm:10884105642","toStopId":"osm:12079967317","sequence":48,"osmWayId":1304433032}},{"type":"Feature","geometry":{"type":"LineString","coordinates":[[37.4077779,55.8528148],[37.4073274,55.8521083],[37.4072222,55.851955]]},"properties":{"segmentId":"osm-rel:1225388:way:1304433033:49","routeId":"osm-rel:1225388","routeName":"Трамвай 6: Метро «Сокол» => Братцево","routeRef":"6","relationId":1225388,"fromStopId":"osm:12079967317","toStopId":"osm:4116181543","sequence":49,"osmWayId":1304433033}},{"type":"Feature","geometry":{"type":"LineString","coordinates":[[37.4072222,55.851955],[37.4066098,55.8510904]]},"properties":{"segmentId":"osm-rel:1225388:way:1304433028:50","routeId":"osm-rel:1225388","routeName":"Трамвай 6: Метро «Сокол» => Братцево","routeRef":"6","relationId":1225388,"fromStopId":"osm:4116181543","toStopId":"osm:1226816547","sequence":50,"osmWayId":1304433028}},{"type":"Feature","geometry":{"type":"LineString","coordinates":[[37.4066098,55.8510904],[37.4065878,55.8510461],[37.4065726,55.8509976],[37.4065835,55.8509532],[37.4066117,55.8509231],[37.4066281,55.8509056],[37.4066738,55.8508741],[37.4067305,55.8508398],[37.4067802,55.8508162],[37.4068399,55.8508035],[37.4068985,55.8507963],[37.4069706,55.850797],[37.4071092,55.8508041],[37.4072063,55.8508129],[37.4072604,55.8508177]]},"properties":{"segmentId":"osm-rel:1225388:way:1304433034:51","routeId":"osm-rel:1225388","routeName":"Трамвай 6: Метро «Сокол» => Братцево","routeRef":"6","relationId":1225388,"fromStopId":"osm:1226816547","toStopId":"osm:8080170892","sequence":51,"osmWayId":1304433034}},{"type":"Feature","geometry":{"type":"LineString","coordinates":[[37.4072604,55.8508177],[37.4073077,55.8508367],[37.4073694,55.8508615],[37.4074356,55.8509118],[37.4074683,55.8509695],[37.4074749,55.8510283],[37.407363,55.8513061],[37.407236,55.8516693]]},"properties":{"segmentId":"osm-rel:1225388:way:1199696833:52","routeId":"osm-rel:1225388","routeName":"Трамвай 6: Метро «Сокол» => Братцево","routeRef":"6","relationId":1225388,"fromStopId":"osm:8080170892","toStopId":"osm:777383402","sequence":52,"osmWayId":1199696833}},{"type":"Feature","geometry":{"type":"LineString","coordinates":[[37.4078652,55.8528022],[37.4076439,55.8524566]]},"properties":{"segmentId":"osm-rel:1244690:way:1171274125:0","routeId":"osm-rel:1244690","routeName":"Трамвай 6: Братцево => Метро «Сокол»","routeRef":"6","relationId":1244690,"fromStopId":"osm:10884105653","toStopId":"osm:10884105652","sequence":0,"osmWayId":1171274125}},{"type":"Feature","geometry":{"type":"LineString","coordinates":[[37.5085795,55.8059473],[37.5089328,55.8057503],[37.5088847,55.805723],[37.5085314,55.8059201],[37.5085795,55.8059473]]},"properties":{"segmentId":"osm-rel:1244690:way:236632716:1","routeId":"osm-rel:1244690","routeName":"Трамвай 6: Братцево => Метро «Сокол»","routeRef":"6","relationId":1244690,"fromStopId":"osm:2446413962","toStopId":"osm:2446413962","sequence":1,"osmWayId":236632716}},{"type":"Feature","geometry":{"type":"LineString","coordinates":[[37.4078207,55.8528019],[37.40785,55.852845],[37.4081531,55.8533152],[37.4084143,55.8537374],[37.4087454,55.8541236]]},"properties":{"segmentId":"osm-rel:1244690:way:1304433029:2","routeId":"osm-rel:1244690","routeName":"Трамвай 6: Братцево => Метро «Сокол»","routeRef":"6","relationId":1244690,"fromStopId":"osm:963824252","toStopId":"osm:1389904962","sequence":2,"osmWayId":1304433029}},{"type":"Feature","geometry":{"type":"LineString","coordinates":[[37.4087454,55.8541236],[37.4089989,55.8544074],[37.4091261,55.8545489],[37.4092343,55.8546564],[37.4094193,55.8548231]]},"properties":{"segmentId":"osm-rel:1244690:way:1304433030:3","routeId":"osm-rel:1244690","routeName":"Трамвай 6: Братцево => Метро «Сокол»","routeRef":"6","relationId":1244690,"fromStopId":"osm:1389904962","toStopId":"osm:5772430095","sequence":3,"osmWayId":1304433030}},{"type":"Feature","geometry":{"type":"LineString","coordinates":[[37.4094193,55.8548231],[37.4098843,55.8552124],[37.4102566,55.8554871],[37.4104922,55.8556383],[37.4107898,55.8558275],[37.4110181,55.8559729],[37.4112396,55.8561073],[37.4115352,55.8562722],[37.4119016,55.8564528],[37.4124861,55.8566862],[37.4127939,55.8568091],[37.4129924,55.8568867],[37.413669,55.8571124],[37.4139162,55.8571919],[37.4142933,55.8573038],[37.414595,55.8573897],[37.414799,55.8574389],[37.4149173,55.8574673],[37.4151674,55.8575172],[37.4158387,55.857643],[37.415929,55.8576603],[37.4163406,55.8577344],[37.416824,55.8577997],[37.4180021,55.8579234],[37.4188183,55.8579756],[37.419335,55.8580166],[37.4196304,55.8580426],[37.4199372,55.858065],[37.4203113,55.8580966],[37.4205836,55.8581128],[37.420878,55.8581278],[37.4215069,55.8581541],[37.4224001,55.858191],[37.4233295,55.8582264],[37.4240457,55.8582497],[37.424688,55.8582618],[37.4249965,55.8582655],[37.425159,55.8582659],[37.4257556,55.8582655],[37.426284,55.858255],[37.4264703,55.8582493],[37.4267111,55.858244],[37.4273582,55.8582076],[37.4281977,55.8581624],[37.4284954,55.8581459],[37.4290408,55.8581088],[37.4298637,55.8580314],[37.4306175,55.8579343],[37.4310159,55.8578754],[37.4312935,55.857827],[37.4315486,55.8577838],[37.4319848,55.8576879],[37.4321683,55.8576443],[37.4323901,55.8575902],[37.4328629,55.8574717],[37.4335313,55.857269],[37.4338371,55.8571557],[37.4341404,55.8570379],[37.4345626,55.8568617],[37.4349846,55.8566739],[37.4353163,55.856508],[37.4356315,55.8563341],[37.435982,55.8561233]]},"properties":{"segmentId":"osm-rel:1244690:way:115275109:4","routeId":"osm-rel:1244690","routeName":"Трамвай 6: Братцево => Метро «Сокол»","routeRef":"6","relationId":1244690,"fromStopId":"osm:5772430095","toStopId":"osm:250557843","sequence":4,"osmWayId":115275109}},{"type":"Feature","geometry":{"type":"LineString","coordinates":[[37.435982,55.8561233],[37.4362734,55.8559456],[37.4364442,55.8558328],[37.436633,55.8556968],[37.4367811,55.8555745],[37.4369161,55.8554606],[37.4370127,55.8553702]]},"properties":{"segmentId":"osm-rel:1244690:way:1304433027:5","routeId":"osm-rel:1244690","routeName":"Трамвай 6: Братцево => Метро «Сокол»","routeRef":"6","relationId":1244690,"fromStopId":"osm:250557843","toStopId":"osm:1843692818","sequence":5,"osmWayId":1304433027}},{"type":"Feature","geometry":{"type":"LineString","coordinates":[[37.4370127,55.8553702],[37.4372342,55.855169],[37.4373922,55.855009],[37.4374899,55.8548964],[37.4375913,55.8547788],[37.4377713,55.8545636],[37.4380065,55.8542332],[37.4382056,55.8538526],[37.4382601,55.8537427],[37.4382746,55.8537031],[37.4385502,55.852963],[37.4388539,55.8521262],[37.4389775,55.8517675],[37.439077,55.8514984],[37.439127,55.8513632],[37.4392618,55.8509548],[37.4393582,55.85066],[37.4398169,55.8493805]]},"properties":{"segmentId":"osm-rel:1244690:way:1304433025:6","routeId":"osm-rel:1244690","routeName":"Трамвай 6: Братцево => Метро «Сокол»","routeRef":"6","relationId":1244690,"fromStopId":"osm:1843692818","toStopId":"osm:311981849","sequence":6,"osmWayId":1304433025}},{"type":"Feature","geometry":{"type":"LineString","coordinates":[[37.4398169,55.8493805],[37.4398557,55.8492182],[37.4399753,55.8488513],[37.4400075,55.848709],[37.4400343,55.8485246],[37.4400226,55.8483089],[37.439982,55.8480811]]},"properties":{"segmentId":"osm-rel:1244690:way:1304433023:7","routeId":"osm-rel:1244690","routeName":"Трамвай 6: Братцево => Метро «Сокол»","routeRef":"6","relationId":1244690,"fromStopId":"osm:311981849","toStopId":"osm:9323480745","sequence":7,"osmWayId":1304433023}},{"type":"Feature","geometry":{"type":"LineString","coordinates":[[37.439982,55.8480811],[37.4396671,55.8464791],[37.439637,55.8463285],[37.4396137,55.8462326],[37.4395905,55.8461431],[37.4394561,55.8454985],[37.439301,55.8447431],[37.4392235,55.8443625],[37.4390482,55.843496],[37.43902,55.843364],[37.4389034,55.8427987],[37.4388552,55.8425613],[37.438795,55.8422601],[37.4387914,55.8422422],[37.4386532,55.8416054],[37.4383826,55.8402874],[37.4382542,55.8396707],[37.4381917,55.8393585],[37.4381598,55.8391989],[37.4381365,55.839073],[37.4381027,55.8389384],[37.4380166,55.8385124],[37.4379473,55.8381926],[37.4379333,55.8381283],[37.4378677,55.8377938]]},"properties":{"segmentId":"osm-rel:1244690:way:1304433021:8","routeId":"osm-rel:1244690","routeName":"Трамвай 6: Братцево => Метро «Сокол»","routeRef":"6","relationId":1244690,"fromStopId":"osm:9323480745","toStopId":"osm:12079967315","sequence":8,"osmWayId":1304433021}},{"type":"Feature","geometry":{"type":"LineString","coordinates":[[37.4378677,55.8377938],[37.4378614,55.8377616],[37.4378557,55.8377175],[37.437851,55.8376659],[37.437853,55.8376513],[37.437859,55.8376064],[37.4378899,55.8375612],[37.4379328,55.837525],[37.4380119,55.8374874],[37.4380548,55.8374729],[37.4380723,55.8374671],[37.4381575,55.8374463],[37.4381769,55.8374415],[37.4382751,55.8374289],[37.4383177,55.8374234],[37.4386181,55.8373978]]},"properties":{"segmentId":"osm-rel:1244690:way:1304433018:9","routeId":"osm-rel:1244690","routeName":"Трамвай 6: Братцево => Метро «Сокол»","routeRef":"6","relationId":1244690,"fromStopId":"osm:12079967315","toStopId":"osm:10885460170","sequence":9,"osmWayId":1304433018}},{"type":"Feature","geometry":{"type":"LineString","coordinates":[[37.4386181,55.8373978],[37.4413959,55.8371941],[37.4415503,55.8371828],[37.4418776,55.8371588],[37.4468617,55.8367935],[37.4509907,55.8364908]]},"properties":{"segmentId":"osm-rel:1244690:way:1304433017:10","routeId":"osm-rel:1244690","routeName":"Трамвай 6: Братцево => Метро «Сокол»","routeRef":"6","relationId":1244690,"fromStopId":"osm:10885460170","toStopId":"osm:5302880832","sequence":10,"osmWayId":1304433017}},{"type":"Feature","geometry":{"type":"LineString","coordinates":[[37.4509907,55.8364908],[37.4514682,55.8364543],[37.4520831,55.8363975],[37.452274,55.8363795],[37.4524355,55.8363593],[37.4525964,55.8363314],[37.4528539,55.836262],[37.4531349,55.8361835],[37.4532847,55.8361396],[37.4534731,55.8360883],[37.453641,55.8360407],[37.4537195,55.8360184],[37.4538786,55.8359743],[37.4539872,55.8359359],[37.4540109,55.8359257],[37.4540462,55.8359104],[37.4541089,55.8358694],[37.4541387,55.8358343],[37.4541539,55.8357973],[37.4541641,55.8357458],[37.4541655,55.8356972],[37.4541534,55.8356099]]},"properties":{"segmentId":"osm-rel:1244690:way:1304433015:11","routeId":"osm-rel:1244690","routeName":"Трамвай 6: Братцево => Метро «Сокол»","routeRef":"6","relationId":1244690,"fromStopId":"osm:5302880832","toStopId":"osm:169020691","sequence":11,"osmWayId":1304433015}},{"type":"Feature","geometry":{"type":"LineString","coordinates":[[37.4541534,55.8356099],[37.4540234,55.8349908]]},"properties":{"segmentId":"osm-rel:1244690:way:23160802:12","routeId":"osm-rel:1244690","routeName":"Трамвай 6: Братцево => Метро «Сокол»","routeRef":"6","relationId":1244690,"fromStopId":"osm:169020691","toStopId":"osm:2130668207","sequence":12,"osmWayId":23160802}},{"type":"Feature","geometry":{"type":"LineString","coordinates":[[37.4540234,55.8349908],[37.4539747,55.8347484],[37.4539537,55.8346386],[37.4538925,55.8343311]]},"properties":{"segmentId":"osm-rel:1244690:way:1304433012:13","routeId":"osm-rel:1244690","routeName":"Трамвай 6: Братцево => Метро «Сокол»","routeRef":"6","relationId":1244690,"fromStopId":"osm:2130668207","toStopId":"osm:12079967313","sequence":13,"osmWayId":1304433012}},{"type":"Feature","geometry":{"type":"LineString","coordinates":[[37.4538925,55.8343311],[37.4538185,55.8339598],[37.4536666,55.8332194],[37.4535485,55.8326477]]},"properties":{"segmentId":"osm-rel:1244690:way:1304433008:14","routeId":"osm-rel:1244690","routeName":"Трамвай 6: Братцево => Метро «Сокол»","routeRef":"6","relationId":1244690,"fromStopId":"osm:12079967313","toStopId":"osm:943034223","sequence":14,"osmWayId":1304433008}},{"type":"Feature","geometry":{"type":"LineString","coordinates":[[37.4535485,55.8326477],[37.4535217,55.8325135],[37.4535021,55.8324232],[37.4534771,55.832309],[37.4534567,55.8322034],[37.4532858,55.831347],[37.4532073,55.8309738],[37.4530499,55.8301827]]},"properties":{"segmentId":"osm-rel:1244690:way:1304433011:15","routeId":"osm-rel:1244690","routeName":"Трамвай 6: Братцево => Метро «Сокол»","routeRef":"6","relationId":1244690,"fromStopId":"osm:943034223","toStopId":"osm:6707839742","sequence":15,"osmWayId":1304433011}},{"type":"Feature","geometry":{"type":"LineString","coordinates":[[37.4530499,55.8301827],[37.4530259,55.8300884],[37.453015,55.8300137],[37.4528707,55.8292933],[37.4527577,55.82873],[37.4527335,55.8286043],[37.4527099,55.828492],[37.4526908,55.8283969],[37.4523959,55.8269352],[37.4523318,55.8266825],[37.4523202,55.826649],[37.4523088,55.8266181],[37.4522721,55.826521],[37.4518679,55.8255191],[37.4517009,55.8251051],[37.4513479,55.8242395]]},"properties":{"segmentId":"osm-rel:1244690:way:160074311:16","routeId":"osm-rel:1244690","routeName":"Трамвай 6: Братцево => Метро «Сокол»","routeRef":"6","relationId":1244690,"fromStopId":"osm:6707839742","toStopId":"osm:5256741719","sequence":16,"osmWayId":160074311}},{"type":"Feature","geometry":{"type":"LineString","coordinates":[[37.4513479,55.8242395],[37.4510565,55.823508]]},"properties":{"segmentId":"osm-rel:1244690:way:1304433007:17","routeId":"osm-rel:1244690","routeName":"Трамвай 6: Братцево => Метро «Сокол»","routeRef":"6","relationId":1244690,"fromStopId":"osm:5256741719","toStopId":"osm:275102914","sequence":17,"osmWayId":1304433007}},{"type":"Feature","geometry":{"type":"LineString","coordinates":[[37.4510565,55.823508],[37.4508677,55.8230443],[37.4507139,55.822681],[37.4502639,55.8216688]]},"properties":{"segmentId":"osm-rel:1244690:way:1304433004:18","routeId":"osm-rel:1244690","routeName":"Трамвай 6: Братцево => Метро «Сокол»","routeRef":"6","relationId":1244690,"fromStopId":"osm:275102914","toStopId":"osm:302201170","sequence":18,"osmWayId":1304433004}},{"type":"Feature","geometry":{"type":"LineString","coordinates":[[37.4502639,55.8216688],[37.4501525,55.8215229],[37.4500751,55.8214486],[37.4499746,55.8213763],[37.4496621,55.8211959],[37.4495803,55.8211457],[37.4494931,55.8210784]]},"properties":{"segmentId":"osm-rel:1244690:way:1304433002:19","routeId":"osm-rel:1244690","routeName":"Трамвай 6: Братцево => Метро «Сокол»","routeRef":"6","relationId":1244690,"fromStopId":"osm:302201170","toStopId":"osm:302201171","sequence":19,"osmWayId":1304433002}},{"type":"Feature","geometry":{"type":"LineString","coordinates":[[37.4494931,55.8210784],[37.4485263,55.8201247]]},"properties":{"segmentId":"osm-rel:1244690:way:160074309:20","routeId":"osm-rel:1244690","routeName":"Трамвай 6: Братцево => Метро «Сокол»","routeRef":"6","relationId":1244690,"fromStopId":"osm:302201171","toStopId":"osm:302201173","sequence":20,"osmWayId":160074309}},{"type":"Feature","geometry":{"type":"LineString","coordinates":[[37.4485263,55.8201247],[37.4484252,55.819998],[37.4483701,55.8198911],[37.4483502,55.8197805],[37.4483595,55.8196631],[37.4483932,55.8195681],[37.4484605,55.8194686],[37.4485436,55.8193862],[37.4486536,55.8193075],[37.4487853,55.8192325],[37.4488896,55.8191914],[37.4490218,55.8191536],[37.4491699,55.8191198],[37.4493133,55.8190999],[37.44952,55.819091],[37.4497178,55.8190962],[37.449878,55.8191145],[37.4500265,55.8191443],[37.4501581,55.819183],[37.4502625,55.8192209],[37.4504099,55.819269]]},"properties":{"segmentId":"osm-rel:1244690:way:160074312:21","routeId":"osm-rel:1244690","routeName":"Трамвай 6: Братцево => Метро «Сокол»","routeRef":"6","relationId":1244690,"fromStopId":"osm:302201173","toStopId":"osm:302201186","sequence":21,"osmWayId":160074312}},{"type":"Feature","geometry":{"type":"LineString","coordinates":[[37.4504099,55.819269],[37.4504936,55.8192923],[37.4505837,55.8193069],[37.4506907,55.8193179],[37.4508379,55.8193244],[37.4509455,55.8193195],[37.4510429,55.8193059],[37.4514419,55.8192176]]},"properties":{"segmentId":"osm-rel:1244690:way:1304433000:22","routeId":"osm-rel:1244690","routeName":"Трамвай 6: Братцево => Метро «Сокол»","routeRef":"6","relationId":1244690,"fromStopId":"osm:302201186","toStopId":"osm:302201189","sequence":22,"osmWayId":1304433000}},{"type":"Feature","geometry":{"type":"LineString","coordinates":[[37.4514419,55.8192176],[37.4536527,55.818687]]},"properties":{"segmentId":"osm-rel:1244690:way:27526574:23","routeId":"osm-rel:1244690","routeName":"Трамвай 6: Братцево => Метро «Сокол»","routeRef":"6","relationId":1244690,"fromStopId":"osm:302201189","toStopId":"osm:302201190","sequence":23,"osmWayId":27526574}},{"type":"Feature","geometry":{"type":"LineString","coordinates":[[37.4536527,55.818687],[37.4538614,55.8186351],[37.4539657,55.8186014],[37.4540824,55.8185534],[37.454287,55.818421],[37.4544331,55.8183534],[37.4546102,55.8182965],[37.4547378,55.818265]]},"properties":{"segmentId":"osm-rel:1244690:way:1304432997:24","routeId":"osm-rel:1244690","routeName":"Трамвай 6: Братцево => Метро «Сокол»","routeRef":"6","relationId":1244690,"fromStopId":"osm:302201190","toStopId":"osm:12079967312","sequence":24,"osmWayId":1304432997}},{"type":"Feature","geometry":{"type":"LineString","coordinates":[[37.4547378,55.818265],[37.4564923,55.8178319]]},"properties":{"segmentId":"osm-rel:1244690:way:1304432993:25","routeId":"osm-rel:1244690","routeName":"Трамвай 6: Братцево => Метро «Сокол»","routeRef":"6","relationId":1244690,"fromStopId":"osm:12079967312","toStopId":"osm:1098001721","sequence":25,"osmWayId":1304432993}},{"type":"Feature","geometry":{"type":"LineString","coordinates":[[37.4564923,55.8178319],[37.4581201,55.8174573]]},"properties":{"segmentId":"osm-rel:1244690:way:1304432998:26","routeId":"osm-rel:1244690","routeName":"Трамвай 6: Братцево => Метро «Сокол»","routeRef":"6","relationId":1244690,"fromStopId":"osm:1098001721","toStopId":"osm:1098001723","sequence":26,"osmWayId":1304432998}},{"type":"Feature","geometry":{"type":"LineString","coordinates":[[37.4581201,55.8174573],[37.4587854,55.8173101],[37.4591284,55.8172251],[37.4598108,55.8170266]]},"properties":{"segmentId":"osm-rel:1244690:way:1304432994:27","routeId":"osm-rel:1244690","routeName":"Трамвай 6: Братцево => Метро «Сокол»","routeRef":"6","relationId":1244690,"fromStopId":"osm:1098001723","toStopId":"osm:1098002170","sequence":27,"osmWayId":1304432994}},{"type":"Feature","geometry":{"type":"LineString","coordinates":[[37.4598108,55.8170266],[37.4607862,55.8167353],[37.4611996,55.8166122],[37.4616422,55.8164804],[37.4646171,55.815664],[37.4682423,55.814669],[37.4698516,55.814223],[37.4700704,55.8141638],[37.4722702,55.8135661]]},"properties":{"segmentId":"osm-rel:1244690:way:1499528660:28","routeId":"osm-rel:1244690","routeName":"Трамвай 6: Братцево => Метро «Сокол»","routeRef":"6","relationId":1244690,"fromStopId":"osm:1098002170","toStopId":"osm:4116180660","sequence":28,"osmWayId":1499528660}},{"type":"Feature","geometry":{"type":"LineString","coordinates":[[37.4722702,55.8135661],[37.4726052,55.8134708],[37.4727366,55.8134234],[37.472764,55.8134092],[37.472809,55.8133858],[37.4728677,55.8133423]]},"properties":{"segmentId":"osm-rel:1244690:way:1304432990:29","routeId":"osm-rel:1244690","routeName":"Трамвай 6: Братцево => Метро «Сокол»","routeRef":"6","relationId":1244690,"fromStopId":"osm:4116180660","toStopId":"osm:4116180661","sequence":29,"osmWayId":1304432990}},{"type":"Feature","geometry":{"type":"LineString","coordinates":[[37.4728677,55.8133423],[37.4733889,55.8128473]]},"properties":{"segmentId":"osm-rel:1244690:way:409754689:30","routeId":"osm-rel:1244690","routeName":"Трамвай 6: Братцево => Метро «Сокол»","routeRef":"6","relationId":1244690,"fromStopId":"osm:4116180661","toStopId":"osm:4116180662","sequence":30,"osmWayId":409754689}},{"type":"Feature","geometry":{"type":"LineString","coordinates":[[37.4733889,55.8128473],[37.4736035,55.8126788],[37.4737786,55.8125673],[37.4738913,55.8124956],[37.4739396,55.8124649],[37.4743883,55.8122532]]},"properties":{"segmentId":"osm-rel:1244690:way:1304432988:31","routeId":"osm-rel:1244690","routeName":"Трамвай 6: Братцево => Метро «Сокол»","routeRef":"6","relationId":1244690,"fromStopId":"osm:4116180662","toStopId":"osm:4116180658","sequence":31,"osmWayId":1304432988}},{"type":"Feature","geometry":{"type":"LineString","coordinates":[[37.4743883,55.8122532],[37.4745999,55.812146],[37.4747827,55.8120325],[37.4749059,55.8118836],[37.4749922,55.8116499],[37.4750038,55.8115253]]},"properties":{"segmentId":"osm-rel:1244690:way:409754691:32","routeId":"osm-rel:1244690","routeName":"Трамвай 6: Братцево => Метро «Сокол»","routeRef":"6","relationId":1244690,"fromStopId":"osm:4116180658","toStopId":"osm:12079967310","sequence":32,"osmWayId":409754691}},{"type":"Feature","geometry":{"type":"LineString","coordinates":[[37.4750038,55.8115253],[37.4750094,55.811465],[37.4750599,55.8109227],[37.475077,55.810723],[37.4750782,55.8106736],[37.4750847,55.8106328]]},"properties":{"segmentId":"osm-rel:1244690:way:1304432987:33","routeId":"osm-rel:1244690","routeName":"Трамвай 6: Братцево => Метро «Сокол»","routeRef":"6","relationId":1244690,"fromStopId":"osm:12079967310","toStopId":"osm:6847312878","sequence":33,"osmWayId":1304432987}},{"type":"Feature","geometry":{"type":"LineString","coordinates":[[37.4750847,55.8106328],[37.4750896,55.810596],[37.4751162,55.8105465],[37.4751308,55.810521],[37.4752078,55.8104518],[37.4752874,55.8104173],[37.4753653,55.8103951],[37.4754148,55.8103829],[37.4755698,55.8103472]]},"properties":{"segmentId":"osm-rel:1244690:way:1199722901:34","routeId":"osm-rel:1244690","routeName":"Трамвай 6: Братцево => Метро «Сокол»","routeRef":"6","relationId":1244690,"fromStopId":"osm:6847312878","toStopId":"osm:303594441","sequence":34,"osmWayId":1199722901}},{"type":"Feature","geometry":{"type":"LineString","coordinates":[[37.4755698,55.8103472],[37.4758988,55.8103561],[37.4760179,55.8103572],[37.4761727,55.810361],[37.4769147,55.8103898],[37.4770598,55.8103952],[37.4771921,55.8104003],[37.4778027,55.8104233],[37.4786495,55.8104532],[37.4798116,55.8104981],[37.4823617,55.8105957],[37.4831449,55.8106182],[37.4835757,55.8106332],[37.4838343,55.8106411]]},"properties":{"segmentId":"osm-rel:1244690:way:372888656:35","routeId":"osm-rel:1244690","routeName":"Трамвай 6: Братцево => Метро «Сокол»","routeRef":"6","relationId":1244690,"fromStopId":"osm:303594441","toStopId":"osm:266096829","sequence":35,"osmWayId":372888656}},{"type":"Feature","geometry":{"type":"LineString","coordinates":[[37.4838343,55.8106411],[37.484235,55.8106177],[37.4843879,55.8105925],[37.4845891,55.8105294],[37.4846766,55.8104992]]},"properties":{"segmentId":"osm-rel:1244690:way:1304432983:36","routeId":"osm-rel:1244690","routeName":"Трамвай 6: Братцево => Метро «Сокол»","routeRef":"6","relationId":1244690,"fromStopId":"osm:266096829","toStopId":"osm:12079967308","sequence":36,"osmWayId":1304432983}},{"type":"Feature","geometry":{"type":"LineString","coordinates":[[37.4846766,55.8104992],[37.487136,55.8096502],[37.4874065,55.8095685]]},"properties":{"segmentId":"osm-rel:1244690:way:1304432981:37","routeId":"osm-rel:1244690","routeName":"Трамвай 6: Братцево => Метро «Сокол»","routeRef":"6","relationId":1244690,"fromStopId":"osm:12079967308","toStopId":"osm:4116180645","sequence":37,"osmWayId":1304432981}},{"type":"Feature","geometry":{"type":"LineString","coordinates":[[37.4874065,55.8095685],[37.4888095,55.8091567]]},"properties":{"segmentId":"osm-rel:1244690:way:349837375:38","routeId":"osm-rel:1244690","routeName":"Трамвай 6: Братцево => Метро «Сокол»","routeRef":"6","relationId":1244690,"fromStopId":"osm:4116180645","toStopId":"osm:311972979","sequence":38,"osmWayId":349837375}},{"type":"Feature","geometry":{"type":"LineString","coordinates":[[37.4888095,55.8091567],[37.4891126,55.8090864],[37.4892104,55.8090689],[37.4892972,55.809062],[37.4893762,55.8090608],[37.4894573,55.8090664],[37.4895441,55.8090783],[37.4896074,55.8090909],[37.4896378,55.8090999]]},"properties":{"segmentId":"osm-rel:1244690:way:1304432979:39","routeId":"osm-rel:1244690","routeName":"Трамвай 6: Братцево => Метро «Сокол»","routeRef":"6","relationId":1244690,"fromStopId":"osm:311972979","toStopId":"osm:3556281134","sequence":39,"osmWayId":1304432979}},{"type":"Feature","geometry":{"type":"LineString","coordinates":[[37.490975,55.8094654],[37.4896378,55.8090999]]},"properties":{"segmentId":"osm-rel:1244690:way:349837372:40","routeId":"osm-rel:1244690","routeName":"Трамвай 6: Братцево => Метро «Сокол»","routeRef":"6","relationId":1244690,"fromStopId":"osm:3556281138","toStopId":"osm:3556281134","sequence":40,"osmWayId":349837372}},{"type":"Feature","geometry":{"type":"LineString","coordinates":[[37.490975,55.8094654],[37.4910008,55.8094726],[37.4910739,55.8094909],[37.4911516,55.8095019],[37.4912314,55.8095051],[37.4913111,55.8095004],[37.4913881,55.8094881],[37.4917647,55.8094166],[37.4919286,55.8093829]]},"properties":{"segmentId":"osm-rel:1244690:way:349837373:41","routeId":"osm-rel:1244690","routeName":"Трамвай 6: Братцево => Метро «Сокол»","routeRef":"6","relationId":1244690,"fromStopId":"osm:3556281138","toStopId":"osm:2424050185","sequence":41,"osmWayId":349837373}},{"type":"Feature","geometry":{"type":"LineString","coordinates":[[37.4919286,55.8093829],[37.4920642,55.8093538],[37.4921642,55.8093325],[37.4924794,55.8092644],[37.4926856,55.8092199]]},"properties":{"segmentId":"osm-rel:1244690:way:234103141:42","routeId":"osm-rel:1244690","routeName":"Трамвай 6: Братцево => Метро «Сокол»","routeRef":"6","relationId":1244690,"fromStopId":"osm:2424050185","toStopId":"osm:2425353183","sequence":42,"osmWayId":234103141}},{"type":"Feature","geometry":{"type":"LineString","coordinates":[[37.4926856,55.8092199],[37.4928151,55.8091906],[37.4942834,55.8088711],[37.4948828,55.8087434],[37.4958691,55.808522],[37.4974305,55.8081964],[37.4996145,55.8077868],[37.4998949,55.8077355],[37.5017408,55.8074003],[37.5039029,55.8069779],[37.5048796,55.8067939],[37.5051091,55.8067506],[37.5052766,55.8067179]]},"properties":{"segmentId":"osm-rel:1244690:way:234266487:43","routeId":"osm-rel:1244690","routeName":"Трамвай 6: Братцево => Метро «Сокол»","routeRef":"6","relationId":1244690,"fromStopId":"osm:2425353183","toStopId":"osm:12062991750","sequence":43,"osmWayId":234266487}},{"type":"Feature","geometry":{"type":"LineString","coordinates":[[37.5052766,55.8067179],[37.5059158,55.8065931],[37.5061191,55.8065532],[37.5063338,55.8065024]]},"properties":{"segmentId":"osm-rel:1244690:way:1302485548:44","routeId":"osm-rel:1244690","routeName":"Трамвай 6: Братцево => Метро «Сокол»","routeRef":"6","relationId":1244690,"fromStopId":"osm:12062991750","toStopId":"osm:12062991749","sequence":44,"osmWayId":1302485548}},{"type":"Feature","geometry":{"type":"LineString","coordinates":[[37.5063338,55.8065024],[37.5074167,55.806246],[37.5078562,55.8061428],[37.5082069,55.8060592]]},"properties":{"segmentId":"osm-rel:1244690:way:1302485547:45","routeId":"osm-rel:1244690","routeName":"Трамвай 6: Братцево => Метро «Сокол»","routeRef":"6","relationId":1244690,"fromStopId":"osm:12062991749","toStopId":"osm:2424050172","sequence":45,"osmWayId":1302485547}},{"type":"Feature","geometry":{"type":"LineString","coordinates":[[37.5082069,55.8060592],[37.508514,55.8059882]]},"properties":{"segmentId":"osm-rel:1244690:way:234236732:46","routeId":"osm-rel:1244690","routeName":"Трамвай 6: Братцево => Метро «Сокол»","routeRef":"6","relationId":1244690,"fromStopId":"osm:2424050172","toStopId":"osm:2425127124","sequence":46,"osmWayId":234236732}},{"type":"Feature","geometry":{"type":"LineString","coordinates":[[37.508514,55.8059882],[37.5086318,55.8059391],[37.508751,55.80587]]},"properties":{"segmentId":"osm-rel:1244690:way:236632723:47","routeId":"osm-rel:1244690","routeName":"Трамвай 6: Братцево => Метро «Сокол»","routeRef":"6","relationId":1244690,"fromStopId":"osm:2425127124","toStopId":"osm:2424418102","sequence":47,"osmWayId":236632723}},{"type":"Feature","geometry":{"type":"LineString","coordinates":[[37.6044081,55.6441394],[37.6044081,55.6437496]]},"properties":{"segmentId":"osm-rel:1284062:way:1168296298:0","routeId":"osm-rel:1284062","routeName":"Трамвай т2: Метро «Чертановская» => МЦД Новогиреево","routeRef":"т2","relationId":1284062,"fromStopId":"osm:10865222524","toStopId":"osm:10865222523","sequence":0,"osmWayId":1168296298}},{"type":"Feature","geometry":{"type":"LineString","coordinates":[[37.8160599,55.7451565],[37.8164743,55.7452811]]},"properties":{"segmentId":"osm-rel:1284062:way:1150757493:1","routeId":"osm-rel:1284062","routeName":"Трамвай т2: Метро «Чертановская» => МЦД Новогиреево","routeRef":"т2","relationId":1284062,"fromStopId":"osm:10704792874","toStopId":"osm:10704792873","sequence":1,"osmWayId":1150757493}},{"type":"Feature","geometry":{"type":"LineString","coordinates":[[37.6044503,55.643851],[37.604448,55.6435535],[37.6044869,55.6434848],[37.6045617,55.6434262],[37.604665,55.6433837],[37.6047967,55.6433582]]},"properties":{"segmentId":"osm-rel:1284062:way:1168296280:2","routeId":"osm-rel:1284062","routeName":"Трамвай т2: Метро «Чертановская» => МЦД Новогиреево","routeRef":"т2","relationId":1284062,"fromStopId":"osm:10865222525","toStopId":"osm:1381710564","sequence":2,"osmWayId":1168296280}},{"type":"Feature","geometry":{"type":"LineString","coordinates":[[37.6047967,55.6433582],[37.6049246,55.6433582],[37.6050561,55.6433576]]},"properties":{"segmentId":"osm-rel:1284062:way:1168296281:3","routeId":"osm-rel:1284062","routeName":"Трамвай т2: Метро «Чертановская» => МЦД Новогиреево","routeRef":"т2","relationId":1284062,"fromStopId":"osm:1381710564","toStopId":"osm:1381710563","sequence":3,"osmWayId":1168296281}},{"type":"Feature","geometry":{"type":"LineString","coordinates":[[37.6050561,55.6433576],[37.6051845,55.6433574],[37.6052211,55.6433591],[37.6053153,55.6433636],[37.6054492,55.6433963],[37.6054701,55.6434064],[37.6055973,55.6434682],[37.6056399,55.6435188],[37.6056636,55.6435841]]},"properties":{"segmentId":"osm-rel:1284062:way:148176171:4","routeId":"osm-rel:1284062","routeName":"Трамвай т2: Метро «Чертановская» => МЦД Новогиреево","routeRef":"т2","relationId":1284062,"fromStopId":"osm:1381710563","toStopId":"osm:1381710580","sequence":4,"osmWayId":148176171}},{"type":"Feature","geometry":{"type":"LineString","coordinates":[[37.6056636,55.6435841],[37.6056441,55.6445093],[37.6056353,55.6448195],[37.6056323,55.6449231],[37.6056246,55.6451942]]},"properties":{"segmentId":"osm-rel:1284062:way:1300902035:5","routeId":"osm-rel:1284062","routeName":"Трамвай т2: Метро «Чертановская» => МЦД Новогиреево","routeRef":"т2","relationId":1284062,"fromStopId":"osm:1381710580","toStopId":"osm:996689322","sequence":5,"osmWayId":1300902035}},{"type":"Feature","geometry":{"type":"LineString","coordinates":[[37.6056246,55.6451942],[37.6056193,55.6453812],[37.6056183,55.6454758],[37.6055981,55.6473836],[37.6055833,55.6481522]]},"properties":{"segmentId":"osm-rel:1284062:way:1300902034:6","routeId":"osm-rel:1284062","routeName":"Трамвай т2: Метро «Чертановская» => МЦД Новогиреево","routeRef":"т2","relationId":1284062,"fromStopId":"osm:996689322","toStopId":"osm:12049239429","sequence":6,"osmWayId":1300902034}},{"type":"Feature","geometry":{"type":"LineString","coordinates":[[37.6055833,55.6481522],[37.6055697,55.6488606],[37.6055658,55.6490608],[37.6055584,55.6494472],[37.6055248,55.6506406],[37.6055129,55.6510624],[37.6054835,55.6529207],[37.605483,55.6529626],[37.6054829,55.6530761],[37.6054795,55.6533885],[37.6054775,55.6534701]]},"properties":{"segmentId":"osm-rel:1284062:way:148176173:7","routeId":"osm-rel:1284062","routeName":"Трамвай т2: Метро «Чертановская» => МЦД Новогиреево","routeRef":"т2","relationId":1284062,"fromStopId":"osm:12049239429","toStopId":"osm:2976426821","sequence":7,"osmWayId":148176173}},{"type":"Feature","geometry":{"type":"LineString","coordinates":[[37.6054775,55.6534701],[37.6054666,55.6537305],[37.6054436,55.6547952],[37.6054157,55.6563013]]},"properties":{"segmentId":"osm-rel:1284062:way:1300902031:8","routeId":"osm-rel:1284062","routeName":"Трамвай т2: Метро «Чертановская» => МЦД Новогиреево","routeRef":"т2","relationId":1284062,"fromStopId":"osm:2976426821","toStopId":"osm:60792114","sequence":8,"osmWayId":1300902031}},{"type":"Feature","geometry":{"type":"LineString","coordinates":[[37.6054157,55.6563013],[37.6054175,55.6563571],[37.6054348,55.6565295],[37.6054692,55.6566175],[37.6054808,55.6566387],[37.6055293,55.6567272],[37.605642,55.6568703]]},"properties":{"segmentId":"osm-rel:1284062:way:1300902027:9","routeId":"osm-rel:1284062","routeName":"Трамвай т2: Метро «Чертановская» => МЦД Новогиреево","routeRef":"т2","relationId":1284062,"fromStopId":"osm:60792114","toStopId":"osm:1381710639","sequence":9,"osmWayId":1300902027}},{"type":"Feature","geometry":{"type":"LineString","coordinates":[[37.605642,55.6568703],[37.6058012,55.657047],[37.6059031,55.6571324]]},"properties":{"segmentId":"osm-rel:1284062:way:1300902028:10","routeId":"osm-rel:1284062","routeName":"Трамвай т2: Метро «Чертановская» => МЦД Новогиреево","routeRef":"т2","relationId":1284062,"fromStopId":"osm:1381710639","toStopId":"osm:12049239426","sequence":10,"osmWayId":1300902028}},{"type":"Feature","geometry":{"type":"LineString","coordinates":[[37.6059031,55.6571324],[37.6071219,55.6581537]]},"properties":{"segmentId":"osm-rel:1284062:way:1171628702:11","routeId":"osm-rel:1284062","routeName":"Трамвай т2: Метро «Чертановская» => МЦД Новогиреево","routeRef":"т2","relationId":1284062,"fromStopId":"osm:12049239426","toStopId":"osm:1612777348","sequence":11,"osmWayId":1171628702}},{"type":"Feature","geometry":{"type":"LineString","coordinates":[[37.6071219,55.6581537],[37.607958,55.6588259],[37.60805,55.6589019],[37.6083497,55.6591497],[37.6098624,55.6604002],[37.6101784,55.6606644],[37.6103737,55.6608268],[37.6104811,55.660916],[37.6106138,55.6610262],[37.6119232,55.6621146],[37.6128623,55.6628865],[37.6130084,55.663005],[37.6132132,55.6631709],[37.6134076,55.6633283],[37.6135117,55.6634127],[37.6136581,55.6635312],[37.6136856,55.663553],[37.6138369,55.663673],[37.614234,55.6639879]]},"properties":{"segmentId":"osm-rel:1284062:way:124060834:12","routeId":"osm-rel:1284062","routeName":"Трамвай т2: Метро «Чертановская» => МЦД Новогиреево","routeRef":"т2","relationId":1284062,"fromStopId":"osm:1612777348","toStopId":"osm:12049239423","sequence":12,"osmWayId":124060834}},{"type":"Feature","geometry":{"type":"LineString","coordinates":[[37.614234,55.6639879],[37.6144046,55.6641231],[37.6144546,55.6641438],[37.6145065,55.6641599],[37.6145764,55.6641682],[37.614651,55.6641682],[37.6150619,55.6641299]]},"properties":{"segmentId":"osm-rel:1284062:way:1300902024:13","routeId":"osm-rel:1284062","routeName":"Трамвай т2: Метро «Чертановская» => МЦД Новогиреево","routeRef":"т2","relationId":1284062,"fromStopId":"osm:12049239423","toStopId":"osm:1381710536","sequence":13,"osmWayId":1300902024}},{"type":"Feature","geometry":{"type":"LineString","coordinates":[[37.6150619,55.6641299],[37.6160646,55.6640366],[37.6165713,55.6639766]]},"properties":{"segmentId":"osm-rel:1284062:way:1300902023:14","routeId":"osm-rel:1284062","routeName":"Трамвай т2: Метро «Чертановская» => МЦД Новогиреево","routeRef":"т2","relationId":1284062,"fromStopId":"osm:1381710536","toStopId":"osm:1381710691","sequence":14,"osmWayId":1300902023}},{"type":"Feature","geometry":{"type":"LineString","coordinates":[[37.6165713,55.6639766],[37.6176814,55.6638426]]},"properties":{"segmentId":"osm-rel:1284062:way:124060832:15","routeId":"osm-rel:1284062","routeName":"Трамвай т2: Метро «Чертановская» => МЦД Новогиреево","routeRef":"т2","relationId":1284062,"fromStopId":"osm:1381710691","toStopId":"osm:1381710688","sequence":15,"osmWayId":124060832}},{"type":"Feature","geometry":{"type":"LineString","coordinates":[[37.6176814,55.6638426],[37.6191542,55.6636786]]},"properties":{"segmentId":"osm-rel:1284062:way:1300902021:16","routeId":"osm-rel:1284062","routeName":"Трамвай т2: Метро «Чертановская» => МЦД Новогиреево","routeRef":"т2","relationId":1284062,"fromStopId":"osm:1381710688","toStopId":"osm:1381710684","sequence":16,"osmWayId":1300902021}},{"type":"Feature","geometry":{"type":"LineString","coordinates":[[37.6191542,55.6636786],[37.6205967,55.6634812],[37.6211054,55.6634262],[37.6215858,55.6634364],[37.6217894,55.6634695],[37.6220719,55.6635342],[37.6229658,55.6637504],[37.6231803,55.6638348],[37.6234722,55.6639988]]},"properties":{"segmentId":"osm-rel:1284062:way:124060821:17","routeId":"osm-rel:1284062","routeName":"Трамвай т2: Метро «Чертановская» => МЦД Новогиреево","routeRef":"т2","relationId":1284062,"fromStopId":"osm:1381710684","toStopId":"osm:1381710690","sequence":17,"osmWayId":124060821}},{"type":"Feature","geometry":{"type":"LineString","coordinates":[[37.6234722,55.6639988],[37.623712,55.6641915],[37.6238693,55.6643893],[37.6239677,55.6645984],[37.6239872,55.6648341],[37.6240045,55.6651948],[37.6240429,55.6660007]]},"properties":{"segmentId":"osm-rel:1284062:way:287449370:18","routeId":"osm-rel:1284062","routeName":"Трамвай т2: Метро «Чертановская» => МЦД Новогиреево","routeRef":"т2","relationId":1284062,"fromStopId":"osm:1381710690","toStopId":"osm:1377334351","sequence":18,"osmWayId":287449370}},{"type":"Feature","geometry":{"type":"LineString","coordinates":[[37.6240429,55.6660007],[37.6239915,55.666597]]},"properties":{"segmentId":"osm-rel:1284062:way:1300902015:19","routeId":"osm-rel:1284062","routeName":"Трамвай т2: Метро «Чертановская» => МЦД Новогиреево","routeRef":"т2","relationId":1284062,"fromStopId":"osm:1377334351","toStopId":"osm:1377334353","sequence":19,"osmWayId":1300902015}},{"type":"Feature","geometry":{"type":"LineString","coordinates":[[37.6239915,55.666597],[37.6239662,55.6671589]]},"properties":{"segmentId":"osm-rel:1284062:way:1300902018:20","routeId":"osm-rel:1284062","routeName":"Трамвай т2: Метро «Чертановская» => МЦД Новогиреево","routeRef":"т2","relationId":1284062,"fromStopId":"osm:1377334353","toStopId":"osm:12049239420","sequence":20,"osmWayId":1300902018}},{"type":"Feature","geometry":{"type":"LineString","coordinates":[[37.6239662,55.6671589],[37.6239613,55.6672689],[37.6239859,55.6674658],[37.6240552,55.6676387],[37.6241154,55.6677252]]},"properties":{"segmentId":"osm-rel:1284062:way:1300902016:21","routeId":"osm-rel:1284062","routeName":"Трамвай т2: Метро «Чертановская» => МЦД Новогиреево","routeRef":"т2","relationId":1284062,"fromStopId":"osm:12049239420","toStopId":"osm:1524923277","sequence":21,"osmWayId":1300902016}},{"type":"Feature","geometry":{"type":"LineString","coordinates":[[37.6241154,55.6677252],[37.6241532,55.6677794],[37.6245513,55.6682178],[37.6249204,55.6687014],[37.6252246,55.6690477],[37.6255051,55.6693722]]},"properties":{"segmentId":"osm-rel:1284062:way:123545671:22","routeId":"osm-rel:1284062","routeName":"Трамвай т2: Метро «Чертановская» => МЦД Новогиреево","routeRef":"т2","relationId":1284062,"fromStopId":"osm:1524923277","toStopId":"osm:1377334367","sequence":22,"osmWayId":123545671}},{"type":"Feature","geometry":{"type":"LineString","coordinates":[[37.6255051,55.6693722],[37.6256976,55.6695957],[37.625887,55.6698462],[37.6259606,55.6699507]]},"properties":{"segmentId":"osm-rel:1284062:way:1300902013:23","routeId":"osm-rel:1284062","routeName":"Трамвай т2: Метро «Чертановская» => МЦД Новогиреево","routeRef":"т2","relationId":1284062,"fromStopId":"osm:1377334367","toStopId":"osm:12049239418","sequence":23,"osmWayId":1300902013}},{"type":"Feature","geometry":{"type":"LineString","coordinates":[[37.6259606,55.6699507],[37.6263799,55.6705456],[37.626426,55.670611],[37.6269501,55.6714587]]},"properties":{"segmentId":"osm-rel:1284062:way:1300902010:24","routeId":"osm-rel:1284062","routeName":"Трамвай т2: Метро «Чертановская» => МЦД Новогиреево","routeRef":"т2","relationId":1284062,"fromStopId":"osm:12049239418","toStopId":"osm:12049239416","sequence":24,"osmWayId":1300902010}},{"type":"Feature","geometry":{"type":"LineString","coordinates":[[37.6269501,55.6714587],[37.6270279,55.6715846],[37.6272954,55.6719943],[37.6274201,55.6722],[37.6275174,55.6724056]]},"properties":{"segmentId":"osm-rel:1284062:way:1300902008:25","routeId":"osm-rel:1284062","routeName":"Трамвай т2: Метро «Чертановская» => МЦД Новогиреево","routeRef":"т2","relationId":1284062,"fromStopId":"osm:12049239416","toStopId":"osm:1377334378","sequence":25,"osmWayId":1300902008}},{"type":"Feature","geometry":{"type":"LineString","coordinates":[[37.6275174,55.6724056],[37.6275643,55.6725343],[37.6276065,55.6726629],[37.6276401,55.6728519],[37.6276514,55.673037],[37.6276528,55.6731749],[37.6276415,55.6733104],[37.6276153,55.673528],[37.6275685,55.6737428],[37.6274873,55.674008],[37.6273657,55.6742512]]},"properties":{"segmentId":"osm-rel:1284062:way:1300902007:26","routeId":"osm-rel:1284062","routeName":"Трамвай т2: Метро «Чертановская» => МЦД Новогиреево","routeRef":"т2","relationId":1284062,"fromStopId":"osm:1377334378","toStopId":"osm:1377334385","sequence":26,"osmWayId":1300902007}},{"type":"Feature","geometry":{"type":"LineString","coordinates":[[37.6273657,55.6742512],[37.6270295,55.6747752],[37.6269531,55.6748752],[37.6269405,55.6748916],[37.6267737,55.6751252],[37.6266468,55.6753215],[37.6265632,55.6754965],[37.6265409,55.6755594],[37.6264585,55.6757916]]},"properties":{"segmentId":"osm-rel:1284062:way:1300902006:27","routeId":"osm-rel:1284062","routeName":"Трамвай т2: Метро «Чертановская» => МЦД Новогиреево","routeRef":"т2","relationId":1284062,"fromStopId":"osm:1377334385","toStopId":"osm:12049239415","sequence":27,"osmWayId":1300902006}},{"type":"Feature","geometry":{"type":"LineString","coordinates":[[37.6264585,55.6757916],[37.6260255,55.6770122],[37.6257511,55.677809],[37.625706,55.677941],[37.625672,55.6780408],[37.6256529,55.6780968],[37.6256196,55.6781943],[37.6255354,55.6784355],[37.6254767,55.6786013],[37.6254416,55.6786973],[37.6252126,55.6793172]]},"properties":{"segmentId":"osm-rel:1284062:way:287449371:28","routeId":"osm-rel:1284062","routeName":"Трамвай т2: Метро «Чертановская» => МЦД Новогиреево","routeRef":"т2","relationId":1284062,"fromStopId":"osm:12049239415","toStopId":"osm:1377334411","sequence":28,"osmWayId":287449371}},{"type":"Feature","geometry":{"type":"LineString","coordinates":[[37.6252126,55.6793172],[37.6248398,55.6803897],[37.6246785,55.6808854],[37.6246571,55.6809512],[37.6244921,55.6814573]]},"properties":{"segmentId":"osm-rel:1284062:way:123545675:29","routeId":"osm-rel:1284062","routeName":"Трамвай т2: Метро «Чертановская» => МЦД Новогиреево","routeRef":"т2","relationId":1284062,"fromStopId":"osm:1377334411","toStopId":"osm:1377334418","sequence":29,"osmWayId":123545675}},{"type":"Feature","geometry":{"type":"LineString","coordinates":[[37.6244921,55.6814573],[37.6244402,55.6816055],[37.6243753,55.6818234],[37.6243653,55.6818571],[37.6243231,55.6820093]]},"properties":{"segmentId":"osm-rel:1284062:way:123545668:30","routeId":"osm-rel:1284062","routeName":"Трамвай т2: Метро «Чертановская» => МЦД Новогиреево","routeRef":"т2","relationId":1284062,"fromStopId":"osm:1377334418","toStopId":"osm:1377188165","sequence":30,"osmWayId":123545668}},{"type":"Feature","geometry":{"type":"LineString","coordinates":[[37.6243231,55.6820093],[37.6242953,55.6820962],[37.624015,55.6831917],[37.6238574,55.6837942],[37.6237929,55.6840465],[37.6237705,55.6841343],[37.6236423,55.6846409],[37.6235718,55.6849219],[37.623453,55.6854021],[37.6231336,55.6866914]]},"properties":{"segmentId":"osm-rel:1284062:way:123522331:31","routeId":"osm-rel:1284062","routeName":"Трамвай т2: Метро «Чертановская» => МЦД Новогиреево","routeRef":"т2","relationId":1284062,"fromStopId":"osm:1377188165","toStopId":"osm:12047533814","sequence":31,"osmWayId":123522331}},{"type":"Feature","geometry":{"type":"LineString","coordinates":[[37.6231336,55.6866914],[37.6230825,55.6868975],[37.6227056,55.6884046],[37.6224816,55.689581],[37.6223739,55.6901471],[37.622353,55.6902567],[37.6223236,55.6903786],[37.6223125,55.6904458]]},"properties":{"segmentId":"osm-rel:1284062:way:1300705176:32","routeId":"osm-rel:1284062","routeName":"Трамвай т2: Метро «Чертановская» => МЦД Новогиреево","routeRef":"т2","relationId":1284062,"fromStopId":"osm:12047533814","toStopId":"osm:12047533813","sequence":32,"osmWayId":1300705176}},{"type":"Feature","geometry":{"type":"LineString","coordinates":[[37.6223125,55.6904458],[37.622217,55.691027]]},"properties":{"segmentId":"osm-rel:1284062:way:1300705175:33","routeId":"osm-rel:1284062","routeName":"Трамвай т2: Метро «Чертановская» => МЦД Новогиреево","routeRef":"т2","relationId":1284062,"fromStopId":"osm:12047533813","toStopId":"osm:12047533811","sequence":33,"osmWayId":1300705175}},{"type":"Feature","geometry":{"type":"LineString","coordinates":[[37.622217,55.691027],[37.6221874,55.6911865],[37.6219223,55.6925229],[37.6218178,55.693029],[37.6216642,55.6937723],[37.6215689,55.6942333],[37.6213062,55.6955334]]},"properties":{"segmentId":"osm-rel:1284062:way:1300705173:34","routeId":"osm-rel:1284062","routeName":"Трамвай т2: Метро «Чертановская» => МЦД Новогиреево","routeRef":"т2","relationId":1284062,"fromStopId":"osm:12047533811","toStopId":"osm:12047533809","sequence":34,"osmWayId":1300705173}},{"type":"Feature","geometry":{"type":"LineString","coordinates":[[37.6213062,55.6955334],[37.6212699,55.6957185],[37.6212581,55.6957797],[37.6212173,55.6959919],[37.6211693,55.6962501],[37.6210101,55.6970672],[37.6209468,55.6974375],[37.6207472,55.6984619]]},"properties":{"segmentId":"osm-rel:1284062:way:1300705171:35","routeId":"osm-rel:1284062","routeName":"Трамвай т2: Метро «Чертановская» => МЦД Новогиреево","routeRef":"т2","relationId":1284062,"fromStopId":"osm:12047533809","toStopId":"osm:12047533807","sequence":35,"osmWayId":1300705171}},{"type":"Feature","geometry":{"type":"LineString","coordinates":[[37.6207472,55.6984619],[37.6207168,55.6986154],[37.6207052,55.6987004],[37.6207011,55.6989838],[37.6207025,55.6991205],[37.6207163,55.6992583],[37.6207549,55.6994161],[37.6208101,55.6995728],[37.6209314,55.6998371],[37.6209918,55.6999464],[37.6212416,55.7003947],[37.6215019,55.7008379],[37.6215221,55.7008878],[37.6216549,55.7012164]]},"properties":{"segmentId":"osm-rel:1284062:way:1300705168:36","routeId":"osm-rel:1284062","routeName":"Трамвай т2: Метро «Чертановская» => МЦД Новогиреево","routeRef":"т2","relationId":1284062,"fromStopId":"osm:12047533807","toStopId":"osm:1377188042","sequence":36,"osmWayId":1300705168}},{"type":"Feature","geometry":{"type":"LineString","coordinates":[[37.6216549,55.7012164],[37.6216854,55.7012906],[37.6217223,55.7014484],[37.6217789,55.7015933],[37.6217995,55.7016626],[37.6218048,55.7016774]]},"properties":{"segmentId":"osm-rel:1284062:way:573322871:37","routeId":"osm-rel:1284062","routeName":"Трамвай т2: Метро «Чертановская» => МЦД Новогиреево","routeRef":"т2","relationId":1284062,"fromStopId":"osm:1377188042","toStopId":"osm:1376637400","sequence":37,"osmWayId":573322871}},{"type":"Feature","geometry":{"type":"LineString","coordinates":[[37.6218048,55.7016774],[37.6218997,55.7019442],[37.6220375,55.7023314],[37.6220752,55.702442],[37.6220906,55.7025469],[37.6220906,55.7026139],[37.6220781,55.702684],[37.6220471,55.7027812]]},"properties":{"segmentId":"osm-rel:1284062:way:123522325:38","routeId":"osm-rel:1284062","routeName":"Трамвай т2: Метро «Чертановская» => МЦД Новогиреево","routeRef":"т2","relationId":1284062,"fromStopId":"osm:1376637400","toStopId":"osm:1376637441","sequence":38,"osmWayId":123522325}},{"type":"Feature","geometry":{"type":"LineString","coordinates":[[37.6220471,55.7027812],[37.6220234,55.7028354],[37.6220074,55.7028807],[37.6220001,55.7029264],[37.6219967,55.7029721],[37.6220033,55.7030365],[37.6220067,55.7030964],[37.6220821,55.7035633],[37.6221145,55.7036637],[37.6221538,55.703758],[37.6222107,55.7038481],[37.6222755,55.7039414],[37.6223642,55.7040317],[37.622463,55.7041173],[37.6225694,55.7042008],[37.6226894,55.7042828],[37.6228201,55.7043592],[37.6229194,55.7044151]]},"properties":{"segmentId":"osm-rel:1284062:way:123450444:39","routeId":"osm-rel:1284062","routeName":"Трамвай т2: Метро «Чертановская» => МЦД Новогиреево","routeRef":"т2","relationId":1284062,"fromStopId":"osm:1376637441","toStopId":"osm:10866606111","sequence":39,"osmWayId":123450444}},{"type":"Feature","geometry":{"type":"LineString","coordinates":[[37.6229194,55.7044151],[37.6235197,55.7047249]]},"properties":{"segmentId":"osm-rel:1284062:way:1300705165:40","routeId":"osm-rel:1284062","routeName":"Трамвай т2: Метро «Чертановская» => МЦД Новогиреево","routeRef":"т2","relationId":1284062,"fromStopId":"osm:10866606111","toStopId":"osm:1376637394","sequence":40,"osmWayId":1300705165}},{"type":"Feature","geometry":{"type":"LineString","coordinates":[[37.6235197,55.7047249],[37.6238548,55.7048862],[37.6239922,55.7049675],[37.6241111,55.7050495]]},"properties":{"segmentId":"osm-rel:1284062:way:1300705164:41","routeId":"osm-rel:1284062","routeName":"Трамвай т2: Метро «Чертановская» => МЦД Новогиреево","routeRef":"т2","relationId":1284062,"fromStopId":"osm:1376637394","toStopId":"osm:1376637486","sequence":41,"osmWayId":1300705164}},{"type":"Feature","geometry":{"type":"LineString","coordinates":[[37.6241111,55.7050495],[37.6242293,55.7051312],[37.6243383,55.7052093],[37.6244702,55.7053082]]},"properties":{"segmentId":"osm-rel:1284062:way:1300705162:42","routeId":"osm-rel:1284062","routeName":"Трамвай т2: Метро «Чертановская» => МЦД Новогиреево","routeRef":"т2","relationId":1284062,"fromStopId":"osm:1376637486","toStopId":"osm:1376637492","sequence":42,"osmWayId":1300705162}},{"type":"Feature","geometry":{"type":"LineString","coordinates":[[37.6244702,55.7053082],[37.6246177,55.7054126],[37.6246785,55.7054563],[37.6248035,55.7055462],[37.6248802,55.705617],[37.6249136,55.7056875],[37.6249256,55.7057834],[37.6249215,55.7059238],[37.6248533,55.7060745]]},"properties":{"segmentId":"osm-rel:1284062:way:1300705159:43","routeId":"osm-rel:1284062","routeName":"Трамвай т2: Метро «Чертановская» => МЦД Новогиреево","routeRef":"т2","relationId":1284062,"fromStopId":"osm:1376637492","toStopId":"osm:10866606108","sequence":43,"osmWayId":1300705159}},{"type":"Feature","geometry":{"type":"LineString","coordinates":[[37.6248533,55.7060745],[37.6247465,55.7064804],[37.6246498,55.7069702],[37.6245132,55.7076295],[37.6244894,55.7077615]]},"properties":{"segmentId":"osm-rel:1284062:way:1300705158:44","routeId":"osm-rel:1284062","routeName":"Трамвай т2: Метро «Чертановская» => МЦД Новогиреево","routeRef":"т2","relationId":1284062,"fromStopId":"osm:10866606108","toStopId":"osm:12047533804","sequence":44,"osmWayId":1300705158}},{"type":"Feature","geometry":{"type":"LineString","coordinates":[[37.6244894,55.7077615],[37.6244523,55.7079677],[37.6244408,55.7080819],[37.6244306,55.708181],[37.6244858,55.7084845]]},"properties":{"segmentId":"osm-rel:1284062:way:1300705156:45","routeId":"osm-rel:1284062","routeName":"Трамвай т2: Метро «Чертановская» => МЦД Новогиреево","routeRef":"т2","relationId":1284062,"fromStopId":"osm:12047533804","toStopId":"osm:10866606104","sequence":45,"osmWayId":1300705156}},{"type":"Feature","geometry":{"type":"LineString","coordinates":[[37.6244858,55.7084845],[37.6245733,55.7088936],[37.624636,55.709265],[37.624642,55.7092929]]},"properties":{"segmentId":"osm-rel:1284062:way:1300705154:46","routeId":"osm-rel:1284062","routeName":"Трамвай т2: Метро «Чертановская» => МЦД Новогиреево","routeRef":"т2","relationId":1284062,"fromStopId":"osm:10866606104","toStopId":"osm:12047533802","sequence":46,"osmWayId":1300705154}},{"type":"Feature","geometry":{"type":"LineString","coordinates":[[37.624642,55.7092929],[37.6246604,55.7093785],[37.624714,55.7097016],[37.6247994,55.7101742],[37.6247765,55.7102846],[37.6247553,55.7103868]]},"properties":{"segmentId":"osm-rel:1284062:way:1300705152:47","routeId":"osm-rel:1284062","routeName":"Трамвай т2: Метро «Чертановская» => МЦД Новогиреево","routeRef":"т2","relationId":1284062,"fromStopId":"osm:12047533802","toStopId":"osm:12047533800","sequence":47,"osmWayId":1300705152}},{"type":"Feature","geometry":{"type":"LineString","coordinates":[[37.6247553,55.7103868],[37.6245829,55.7112178],[37.6245718,55.7112386]]},"properties":{"segmentId":"osm-rel:1284062:way:1300705150:48","routeId":"osm-rel:1284062","routeName":"Трамвай т2: Метро «Чертановская» => МЦД Новогиреево","routeRef":"т2","relationId":1284062,"fromStopId":"osm:12047533800","toStopId":"osm:1376637544","sequence":48,"osmWayId":1300705150}},{"type":"Feature","geometry":{"type":"LineString","coordinates":[[37.6245718,55.7112386],[37.6245777,55.7113156],[37.6246002,55.7113586],[37.6246405,55.7113923],[37.6247211,55.7114208],[37.6247969,55.7114361],[37.6249838,55.7114559]]},"properties":{"segmentId":"osm-rel:1284062:way:123455998:49","routeId":"osm-rel:1284062","routeName":"Трамвай т2: Метро «Чертановская» => МЦД Новогиреево","routeRef":"т2","relationId":1284062,"fromStopId":"osm:1376637544","toStopId":"osm:1376689660","sequence":49,"osmWayId":123455998}},{"type":"Feature","geometry":{"type":"LineString","coordinates":[[37.6249838,55.7114559],[37.625422,55.7114577],[37.6260421,55.7114624],[37.6263172,55.7114649],[37.6271677,55.7114729],[37.6272939,55.7114741],[37.6273633,55.7114747],[37.6274012,55.7114756],[37.6294251,55.7115419],[37.6306552,55.7115772],[37.6311932,55.7115927],[37.6315803,55.7116038],[37.6319736,55.7116151]]},"properties":{"segmentId":"osm-rel:1284062:way:123455999:50","routeId":"osm-rel:1284062","routeName":"Трамвай т2: Метро «Чертановская» => МЦД Новогиреево","routeRef":"т2","relationId":1284062,"fromStopId":"osm:1376689660","toStopId":"osm:12045345069","sequence":50,"osmWayId":123455999}},{"type":"Feature","geometry":{"type":"LineString","coordinates":[[37.6319736,55.7116151],[37.6323668,55.7116264],[37.6326134,55.71165],[37.6327483,55.7116911],[37.6328355,55.71173],[37.6329368,55.7118127],[37.632987,55.7118841],[37.6330206,55.7119594],[37.6330508,55.7121206],[37.6330674,55.7124533]]},"properties":{"segmentId":"osm-rel:1284062:way:1300438710:51","routeId":"osm-rel:1284062","routeName":"Трамвай т2: Метро «Чертановская» => МЦД Новогиреево","routeRef":"т2","relationId":1284062,"fromStopId":"osm:12045345069","toStopId":"osm:1376689681","sequence":51,"osmWayId":1300438710}},{"type":"Feature","geometry":{"type":"LineString","coordinates":[[37.6330674,55.7124533],[37.6330789,55.7128889],[37.6331017,55.7132629],[37.6331359,55.7135137],[37.633267,55.7140958],[37.633292,55.7142332]]},"properties":{"segmentId":"osm-rel:1284062:way:1300438708:52","routeId":"osm-rel:1284062","routeName":"Трамвай т2: Метро «Чертановская» => МЦД Новогиреево","routeRef":"т2","relationId":1284062,"fromStopId":"osm:1376689681","toStopId":"osm:1376689636","sequence":52,"osmWayId":1300438708}},{"type":"Feature","geometry":{"type":"LineString","coordinates":[[37.633292,55.7142332],[37.6333039,55.7143224],[37.633327,55.7146386],[37.6333186,55.7148355],[37.6332617,55.7151546],[37.6332114,55.7155009],[37.633169,55.715721],[37.6331889,55.7158779],[37.6332493,55.7160388],[37.6332644,55.7160798],[37.6333349,55.7162708],[37.6333922,55.7163979]]},"properties":{"segmentId":"osm-rel:1284062:way:1300438705:53","routeId":"osm-rel:1284062","routeName":"Трамвай т2: Метро «Чертановская» => МЦД Новогиреево","routeRef":"т2","relationId":1284062,"fromStopId":"osm:1376689636","toStopId":"osm:12045304166","sequence":53,"osmWayId":1300438705}},{"type":"Feature","geometry":{"type":"LineString","coordinates":[[37.6333922,55.7163979],[37.6335077,55.7166541],[37.6335806,55.7168157],[37.6337052,55.7170745],[37.6337892,55.7172597],[37.6338329,55.7173562],[37.6341683,55.7181456],[37.6342625,55.7183551],[37.6349267,55.719925],[37.6352761,55.7207747],[37.6358034,55.721934],[37.6358679,55.7220843],[37.6360986,55.7226108],[37.6362772,55.723021]]},"properties":{"segmentId":"osm-rel:1284062:way:1300438704:54","routeId":"osm-rel:1284062","routeName":"Трамвай т2: Метро «Чертановская» => МЦД Новогиреево","routeRef":"т2","relationId":1284062,"fromStopId":"osm:12045304166","toStopId":"osm:12045304164","sequence":54,"osmWayId":1300438704}},{"type":"Feature","geometry":{"type":"LineString","coordinates":[[37.6362772,55.723021],[37.6364378,55.7233898],[37.6364733,55.7234739],[37.6364681,55.7236031],[37.6365347,55.7240299]]},"properties":{"segmentId":"osm-rel:1284062:way:1300438701:55","routeId":"osm-rel:1284062","routeName":"Трамвай т2: Метро «Чертановская» => МЦД Новогиреево","routeRef":"т2","relationId":1284062,"fromStopId":"osm:12045304164","toStopId":"osm:1376689640","sequence":55,"osmWayId":1300438701}},{"type":"Feature","geometry":{"type":"LineString","coordinates":[[37.6365347,55.7240299],[37.6365925,55.7242232],[37.6368129,55.7249005],[37.6368406,55.7249838]]},"properties":{"segmentId":"osm-rel:1284062:way:1300438699:56","routeId":"osm-rel:1284062","routeName":"Трамвай т2: Метро «Чертановская» => МЦД Новогиреево","routeRef":"т2","relationId":1284062,"fromStopId":"osm:1376689640","toStopId":"osm:12045304163","sequence":56,"osmWayId":1300438699}},{"type":"Feature","geometry":{"type":"LineString","coordinates":[[37.6368406,55.7249838],[37.6369379,55.7252759],[37.6371314,55.7257534],[37.6371458,55.7258012],[37.6371931,55.7259931]]},"properties":{"segmentId":"osm-rel:1284062:way:1300438698:57","routeId":"osm-rel:1284062","routeName":"Трамвай т2: Метро «Чертановская» => МЦД Новогиреево","routeRef":"т2","relationId":1284062,"fromStopId":"osm:12045304163","toStopId":"osm:12045304160","sequence":57,"osmWayId":1300438698}},{"type":"Feature","geometry":{"type":"LineString","coordinates":[[37.6371931,55.7259931],[37.6373228,55.7265199],[37.6373225,55.7268228],[37.6373101,55.7269523]]},"properties":{"segmentId":"osm-rel:1284062:way:1300438695:58","routeId":"osm-rel:1284062","routeName":"Трамвай т2: Метро «Чертановская» => МЦД Новогиреево","routeRef":"т2","relationId":1284062,"fromStopId":"osm:12045304160","toStopId":"osm:12045304159","sequence":58,"osmWayId":1300438695}},{"type":"Feature","geometry":{"type":"LineString","coordinates":[[37.6373101,55.7269523],[37.6372887,55.7271771],[37.6372761,55.7273496],[37.6372579,55.7276707],[37.6372243,55.7279126]]},"properties":{"segmentId":"osm-rel:1284062:way:1300438694:59","routeId":"osm-rel:1284062","routeName":"Трамвай т2: Метро «Чертановская» => МЦД Новогиреево","routeRef":"т2","relationId":1284062,"fromStopId":"osm:12045304159","toStopId":"osm:12045304158","sequence":59,"osmWayId":1300438694}},{"type":"Feature","geometry":{"type":"LineString","coordinates":[[37.6372243,55.7279126],[37.6372157,55.7279912],[37.6372103,55.7280521],[37.6371815,55.7281597],[37.6371643,55.7281927],[37.6371476,55.7282135],[37.6370759,55.7283091],[37.6370019,55.7284014]]},"properties":{"segmentId":"osm-rel:1284062:way:1300438692:60","routeId":"osm-rel:1284062","routeName":"Трамвай т2: Метро «Чертановская» => МЦД Новогиреево","routeRef":"т2","relationId":1284062,"fromStopId":"osm:12045304158","toStopId":"osm:10042440111","sequence":60,"osmWayId":1300438692}},{"type":"Feature","geometry":{"type":"LineString","coordinates":[[37.6370019,55.7284014],[37.6369404,55.7284869],[37.6369141,55.7285366],[37.6368945,55.7286081],[37.6368463,55.7288843]]},"properties":{"segmentId":"osm-rel:1284062:way:1300438690:61","routeId":"osm-rel:1284062","routeName":"Трамвай т2: Метро «Чертановская» => МЦД Новогиреево","routeRef":"т2","relationId":1284062,"fromStopId":"osm:10042440111","toStopId":"osm:12045304154","sequence":61,"osmWayId":1300438690}},{"type":"Feature","geometry":{"type":"LineString","coordinates":[[37.6368463,55.7288843],[37.6367538,55.7294153],[37.636742,55.7294831],[37.636706,55.7297535]]},"properties":{"segmentId":"osm-rel:1284062:way:1300438688:62","routeId":"osm-rel:1284062","routeName":"Трамвай т2: Метро «Чертановская» => МЦД Новогиреево","routeRef":"т2","relationId":1284062,"fromStopId":"osm:12045304154","toStopId":"osm:7706051152","sequence":62,"osmWayId":1300438688}},{"type":"Feature","geometry":{"type":"LineString","coordinates":[[37.636706,55.7297535],[37.6366734,55.7298584],[37.6366644,55.7298876],[37.6366362,55.7299836],[37.6365838,55.7301055],[37.6365536,55.7301614],[37.6365095,55.7302428]]},"properties":{"segmentId":"osm-rel:1284062:way:849201521:63","routeId":"osm-rel:1284062","routeName":"Трамвай т2: Метро «Чертановская» => МЦД Новогиреево","routeRef":"т2","relationId":1284062,"fromStopId":"osm:7706051152","toStopId":"osm:1376698067","sequence":63,"osmWayId":849201521}},{"type":"Feature","geometry":{"type":"LineString","coordinates":[[37.6365095,55.7302428],[37.6364317,55.7303623],[37.6363847,55.7304322],[37.6363415,55.7304962],[37.6363036,55.7305445],[37.6362667,55.7305872],[37.6362215,55.7306381],[37.6361323,55.7307363]]},"properties":{"segmentId":"osm-rel:1284062:way:250861108:64","routeId":"osm-rel:1284062","routeName":"Трамвай т2: Метро «Чертановская» => МЦД Новогиреево","routeRef":"т2","relationId":1284062,"fromStopId":"osm:1376698067","toStopId":"osm:2572126751","sequence":64,"osmWayId":250861108}},{"type":"Feature","geometry":{"type":"LineString","coordinates":[[37.6361323,55.7307363],[37.6361157,55.7307557],[37.6360008,55.7308727],[37.6359727,55.7309018],[37.6358497,55.731044],[37.6356931,55.7312186],[37.6354946,55.7314399]]},"properties":{"segmentId":"osm-rel:1284062:way:1300229994:65","routeId":"osm-rel:1284062","routeName":"Трамвай т2: Метро «Чертановская» => МЦД Новогиреево","routeRef":"т2","relationId":1284062,"fromStopId":"osm:2572126751","toStopId":"osm:7727549291","sequence":65,"osmWayId":1300229994}},{"type":"Feature","geometry":{"type":"LineString","coordinates":[[37.6354946,55.7314399],[37.6353413,55.731621],[37.6352777,55.7317069],[37.6352106,55.7318034],[37.6351588,55.7318804],[37.6351127,55.7319489],[37.6351049,55.7319602],[37.6350279,55.7320923]]},"properties":{"segmentId":"osm-rel:1284062:way:1300229997:66","routeId":"osm-rel:1284062","routeName":"Трамвай т2: Метро «Чертановская» => МЦД Новогиреево","routeRef":"т2","relationId":1284062,"fromStopId":"osm:7727549291","toStopId":"osm:12043455045","sequence":66,"osmWayId":1300229997}},{"type":"Feature","geometry":{"type":"LineString","coordinates":[[37.6350279,55.7320923],[37.6348278,55.7324354],[37.6346546,55.7327324],[37.6344647,55.7330682],[37.6341791,55.733574],[37.6341041,55.7337066],[37.633962,55.733917],[37.6339474,55.7339387],[37.6335442,55.7345022],[37.6334105,55.734689]]},"properties":{"segmentId":"osm-rel:1284062:way:1300229999:67","routeId":"osm-rel:1284062","routeName":"Трамвай т2: Метро «Чертановская» => МЦД Новогиреево","routeRef":"т2","relationId":1284062,"fromStopId":"osm:12043455045","toStopId":"osm:12043455047","sequence":67,"osmWayId":1300229999}},{"type":"Feature","geometry":{"type":"LineString","coordinates":[[37.6334105,55.734689],[37.6332924,55.734854],[37.6332692,55.7348822],[37.6331806,55.7349913],[37.633175,55.734998],[37.6331234,55.735054],[37.6330769,55.7351044],[37.6329201,55.7352567]]},"properties":{"segmentId":"osm-rel:1284062:way:1300230001:68","routeId":"osm-rel:1284062","routeName":"Трамвай т2: Метро «Чертановская» => МЦД Новогиреево","routeRef":"т2","relationId":1284062,"fromStopId":"osm:12043455047","toStopId":"osm:12043455049","sequence":68,"osmWayId":1300230001}},{"type":"Feature","geometry":{"type":"LineString","coordinates":[[37.6329201,55.7352567],[37.6326211,55.7355459],[37.6325924,55.735574],[37.6324593,55.7357039],[37.632164,55.7359905],[37.6319709,55.7361778],[37.6319383,55.7362095],[37.6318553,55.7362906]]},"properties":{"segmentId":"osm-rel:1284062:way:1300230002:69","routeId":"osm-rel:1284062","routeName":"Трамвай т2: Метро «Чертановская» => МЦД Новогиреево","routeRef":"т2","relationId":1284062,"fromStopId":"osm:12043455049","toStopId":"osm:12043455050","sequence":69,"osmWayId":1300230002}},{"type":"Feature","geometry":{"type":"LineString","coordinates":[[37.6318553,55.7362906],[37.631617,55.7365236],[37.6315985,55.7365418],[37.6315536,55.7365927],[37.6315434,55.736604],[37.6314858,55.7366756],[37.6314165,55.7367774],[37.6312747,55.7370124]]},"properties":{"segmentId":"osm-rel:1284062:way:1300230004:70","routeId":"osm-rel:1284062","routeName":"Трамвай т2: Метро «Чертановская» => МЦД Новогиреево","routeRef":"т2","relationId":1284062,"fromStopId":"osm:12043455050","toStopId":"osm:6720655396","sequence":70,"osmWayId":1300230004}},{"type":"Feature","geometry":{"type":"LineString","coordinates":[[37.6312747,55.7370124],[37.6310021,55.7374646],[37.6309903,55.7374842],[37.6306864,55.7379959],[37.6305802,55.7381747],[37.6305412,55.7382508],[37.6305214,55.7382894],[37.6304008,55.7385347],[37.630274,55.7387924],[37.6302505,55.7388476],[37.6302294,55.7388963],[37.6301636,55.7390495]]},"properties":{"segmentId":"osm-rel:1284062:way:1300230007:71","routeId":"osm-rel:1284062","routeName":"Трамвай т2: Метро «Чертановская» => МЦД Новогиреево","routeRef":"т2","relationId":1284062,"fromStopId":"osm:6720655396","toStopId":"osm:12043455054","sequence":71,"osmWayId":1300230007}},{"type":"Feature","geometry":{"type":"LineString","coordinates":[[37.6301636,55.7390495],[37.6301453,55.739092],[37.6301145,55.73917],[37.6300873,55.7392493],[37.6300689,55.7393135],[37.6300104,55.7395502]]},"properties":{"segmentId":"osm-rel:1284062:way:1300230008:72","routeId":"osm-rel:1284062","routeName":"Трамвай т2: Метро «Чертановская» => МЦД Новогиреево","routeRef":"т2","relationId":1284062,"fromStopId":"osm:12043455054","toStopId":"osm:12043455055","sequence":72,"osmWayId":1300230008}},{"type":"Feature","geometry":{"type":"LineString","coordinates":[[37.6300104,55.7395502],[37.6299089,55.7399611],[37.6298889,55.7400422],[37.6298593,55.7401615],[37.6297914,55.7404355],[37.6297241,55.7407061],[37.629723,55.7407119]]},"properties":{"segmentId":"osm-rel:1284062:way:1300230010:73","routeId":"osm-rel:1284062","routeName":"Трамвай т2: Метро «Чертановская» => МЦД Новогиреево","routeRef":"т2","relationId":1284062,"fromStopId":"osm:12043455055","toStopId":"osm:12043455057","sequence":73,"osmWayId":1300230010}},{"type":"Feature","geometry":{"type":"LineString","coordinates":[[37.629723,55.7407119],[37.6297122,55.7407558],[37.6297103,55.7407645],[37.6296785,55.7409059],[37.6296584,55.7410573],[37.6296594,55.741092],[37.6296668,55.7413506],[37.6296681,55.7413953],[37.6296811,55.7415258],[37.629692,55.7416348],[37.629713,55.7418455]]},"properties":{"segmentId":"osm-rel:1284062:way:1300230012:74","routeId":"osm-rel:1284062","routeName":"Трамвай т2: Метро «Чертановская» => МЦД Новогиреево","routeRef":"т2","relationId":1284062,"fromStopId":"osm:12043455057","toStopId":"osm:12043455059","sequence":74,"osmWayId":1300230012}},{"type":"Feature","geometry":{"type":"LineString","coordinates":[[37.629713,55.7418455],[37.629734,55.7420561],[37.6297844,55.7421746],[37.629839,55.742247],[37.6298664,55.7422833],[37.6299811,55.7423648],[37.6303871,55.742551]]},"properties":{"segmentId":"osm-rel:1284062:way:1300230014:75","routeId":"osm-rel:1284062","routeName":"Трамвай т2: Метро «Чертановская» => МЦД Новогиреево","routeRef":"т2","relationId":1284062,"fromStopId":"osm:12043455059","toStopId":"osm:12043455061","sequence":75,"osmWayId":1300230014}},{"type":"Feature","geometry":{"type":"LineString","coordinates":[[37.6303871,55.742551],[37.6310193,55.742841],[37.6311257,55.7428898],[37.6311884,55.7429186]]},"properties":{"segmentId":"osm-rel:1284062:way:1300230017:76","routeId":"osm-rel:1284062","routeName":"Трамвай т2: Метро «Чертановская» => МЦД Новогиреево","routeRef":"т2","relationId":1284062,"fromStopId":"osm:12043455061","toStopId":"osm:12043455063","sequence":76,"osmWayId":1300230017}},{"type":"Feature","geometry":{"type":"LineString","coordinates":[[37.6311884,55.7429186],[37.6312511,55.7429473],[37.631687,55.7431081],[37.63189,55.7431636],[37.6325508,55.7433101],[37.6326342,55.7433347],[37.6327881,55.7434014],[37.6329342,55.7434719]]},"properties":{"segmentId":"osm-rel:1284062:way:1300230019:77","routeId":"osm-rel:1284062","routeName":"Трамвай т2: Метро «Чертановская» => МЦД Новогиреево","routeRef":"т2","relationId":1284062,"fromStopId":"osm:12043455063","toStopId":"osm:12043455065","sequence":77,"osmWayId":1300230019}},{"type":"Feature","geometry":{"type":"LineString","coordinates":[[37.6329342,55.7434719],[37.6334938,55.7437417],[37.6340756,55.7440864]]},"properties":{"segmentId":"osm-rel:1284062:way:123457156:78","routeId":"osm-rel:1284062","routeName":"Трамвай т2: Метро «Чертановская» => МЦД Новогиреево","routeRef":"т2","relationId":1284062,"fromStopId":"osm:12043455065","toStopId":"osm:12043455067","sequence":78,"osmWayId":123457156}},{"type":"Feature","geometry":{"type":"LineString","coordinates":[[37.6340756,55.7440864],[37.6341352,55.7441205],[37.6346611,55.7444345],[37.6347139,55.7444657],[37.634781,55.7445046],[37.6348102,55.7445227],[37.6348672,55.7445588]]},"properties":{"segmentId":"osm-rel:1284062:way:1300230021:79","routeId":"osm-rel:1284062","routeName":"Трамвай т2: Метро «Чертановская» => МЦД Новогиреево","routeRef":"т2","relationId":1284062,"fromStopId":"osm:12043455067","toStopId":"osm:1376698120","sequence":79,"osmWayId":1300230021}},{"type":"Feature","geometry":{"type":"LineString","coordinates":[[37.6348672,55.7445588],[37.635317,55.7448392]]},"properties":{"segmentId":"osm-rel:1284062:way:123457159:80","routeId":"osm-rel:1284062","routeName":"Трамвай т2: Метро «Чертановская» => МЦД Новогиреево","routeRef":"т2","relationId":1284062,"fromStopId":"osm:1376698120","toStopId":"osm:1376698122","sequence":80,"osmWayId":123457159}},{"type":"Feature","geometry":{"type":"LineString","coordinates":[[37.635317,55.7448392],[37.6353605,55.7448682],[37.6360016,55.7453039],[37.6361637,55.7454092]]},"properties":{"segmentId":"osm-rel:1284062:way:1300230023:81","routeId":"osm-rel:1284062","routeName":"Трамвай т2: Метро «Чертановская» => МЦД Новогиреево","routeRef":"т2","relationId":1284062,"fromStopId":"osm:1376698122","toStopId":"osm:3714026275","sequence":81,"osmWayId":1300230023}},{"type":"Feature","geometry":{"type":"LineString","coordinates":[[37.6361637,55.7454092],[37.6372352,55.7460864]]},"properties":{"segmentId":"osm-rel:1284062:way:123457161:82","routeId":"osm-rel:1284062","routeName":"Трамвай т2: Метро «Чертановская» => МЦД Новогиреево","routeRef":"т2","relationId":1284062,"fromStopId":"osm:3714026275","toStopId":"osm:12043455068","sequence":82,"osmWayId":123457161}},{"type":"Feature","geometry":{"type":"LineString","coordinates":[[37.6372352,55.7460864],[37.6374765,55.7462389]]},"properties":{"segmentId":"osm-rel:1284062:way:1300230024:83","routeId":"osm-rel:1284062","routeName":"Трамвай т2: Метро «Чертановская» => МЦД Новогиреево","routeRef":"т2","relationId":1284062,"fromStopId":"osm:12043455068","toStopId":"osm:1376698130","sequence":83,"osmWayId":1300230024}},{"type":"Feature","geometry":{"type":"LineString","coordinates":[[37.6374765,55.7462389],[37.6398408,55.7479253]]},"properties":{"segmentId":"osm-rel:1284062:way:123457165:84","routeId":"osm-rel:1284062","routeName":"Трамвай т2: Метро «Чертановская» => МЦД Новогиреево","routeRef":"т2","relationId":1284062,"fromStopId":"osm:1376698130","toStopId":"osm:1376698149","sequence":84,"osmWayId":123457165}},{"type":"Feature","geometry":{"type":"LineString","coordinates":[[37.6398408,55.7479253],[37.6409065,55.7486646]]},"properties":{"segmentId":"osm-rel:1284062:way:1300230026:85","routeId":"osm-rel:1284062","routeName":"Трамвай т2: Метро «Чертановская» => МЦД Новогиреево","routeRef":"т2","relationId":1284062,"fromStopId":"osm:1376698149","toStopId":"osm:12043479570","sequence":85,"osmWayId":1300230026}},{"type":"Feature","geometry":{"type":"LineString","coordinates":[[37.6409065,55.7486646],[37.6411135,55.7488214],[37.6412109,55.7489027],[37.6412767,55.7489791],[37.6413038,55.7490224],[37.6413767,55.7491608],[37.6413834,55.7491728]]},"properties":{"segmentId":"osm-rel:1284062:way:1300230028:86","routeId":"osm-rel:1284062","routeName":"Трамвай т2: Метро «Чертановская» => МЦД Новогиреево","routeRef":"т2","relationId":1284062,"fromStopId":"osm:12043479570","toStopId":"osm:12043479572","sequence":86,"osmWayId":1300230028}},{"type":"Feature","geometry":{"type":"LineString","coordinates":[[37.6413834,55.7491728],[37.6414943,55.7493633],[37.6415984,55.7495139],[37.641706,55.7496459],[37.641941,55.7499271]]},"properties":{"segmentId":"osm-rel:1284062:way:1300230029:87","routeId":"osm-rel:1284062","routeName":"Трамвай т2: Метро «Чертановская» => МЦД Новогиреево","routeRef":"т2","relationId":1284062,"fromStopId":"osm:12043479572","toStopId":"osm:2443311337","sequence":87,"osmWayId":1300230029}},{"type":"Feature","geometry":{"type":"LineString","coordinates":[[37.641941,55.7499271],[37.6421882,55.7502045],[37.6422479,55.7502626],[37.642273,55.7502871],[37.6423636,55.750347],[37.6424669,55.7504027],[37.6425294,55.7504332],[37.6425952,55.7504654],[37.6426519,55.7504932],[37.6427918,55.750556],[37.6429197,55.7506082],[37.6430331,55.7506356],[37.6438131,55.7507965]]},"properties":{"segmentId":"osm-rel:1284062:way:1300230031:88","routeId":"osm-rel:1284062","routeName":"Трамвай т2: Метро «Чертановская» => МЦД Новогиреево","routeRef":"т2","relationId":1284062,"fromStopId":"osm:2443311337","toStopId":"osm:12043479573","sequence":88,"osmWayId":1300230031}},{"type":"Feature","geometry":{"type":"LineString","coordinates":[[37.6438131,55.7507965],[37.6439028,55.7508125],[37.644015,55.7508305],[37.6441218,55.7508332],[37.6442434,55.7508193],[37.644443,55.7507853],[37.6445326,55.7507799],[37.6446307,55.750788],[37.645062,55.7508656],[37.6451451,55.7508834],[37.6452543,55.7509254],[37.6454783,55.7510263]]},"properties":{"segmentId":"osm-rel:1284062:way:1300230033:89","routeId":"osm-rel:1284062","routeName":"Трамвай т2: Метро «Чертановская» => МЦД Новогиреево","routeRef":"т2","relationId":1284062,"fromStopId":"osm:12043479573","toStopId":"osm:12043479575","sequence":89,"osmWayId":1300230033}},{"type":"Feature","geometry":{"type":"LineString","coordinates":[[37.6454783,55.7510263],[37.6457739,55.7511594],[37.6458751,55.7512139],[37.6459386,55.7512611],[37.6462098,55.7515735]]},"properties":{"segmentId":"osm-rel:1284062:way:1300230036:90","routeId":"osm-rel:1284062","routeName":"Трамвай т2: Метро «Чертановская» => МЦД Новогиреево","routeRef":"т2","relationId":1284062,"fromStopId":"osm:12043479575","toStopId":"osm:12043479578","sequence":90,"osmWayId":1300230036}},{"type":"Feature","geometry":{"type":"LineString","coordinates":[[37.6462098,55.7515735],[37.6466762,55.7521107],[37.6473087,55.752836]]},"properties":{"segmentId":"osm-rel:1284062:way:1300230037:91","routeId":"osm-rel:1284062","routeName":"Трамвай т2: Метро «Чертановская» => МЦД Новогиреево","routeRef":"т2","relationId":1284062,"fromStopId":"osm:12043479578","toStopId":"osm:1376698052","sequence":91,"osmWayId":1300230037}},{"type":"Feature","geometry":{"type":"LineString","coordinates":[[37.6473087,55.752836],[37.6473837,55.7529289],[37.6474652,55.7530303],[37.64754,55.7531443],[37.6475564,55.7531739]]},"properties":{"segmentId":"osm-rel:1284062:way:1300230038:92","routeId":"osm-rel:1284062","routeName":"Трамвай т2: Метро «Чертановская» => МЦД Новогиреево","routeRef":"т2","relationId":1284062,"fromStopId":"osm:1376698052","toStopId":"osm:12043479579","sequence":92,"osmWayId":1300230038}},{"type":"Feature","geometry":{"type":"LineString","coordinates":[[37.6475564,55.7531739],[37.6479748,55.7539306]]},"properties":{"segmentId":"osm-rel:1284062:way:1300230040:93","routeId":"osm-rel:1284062","routeName":"Трамвай т2: Метро «Чертановская» => МЦД Новогиреево","routeRef":"т2","relationId":1284062,"fromStopId":"osm:12043479579","toStopId":"osm:12043479581","sequence":93,"osmWayId":1300230040}},{"type":"Feature","geometry":{"type":"LineString","coordinates":[[37.6479748,55.7539306],[37.6481527,55.7542523],[37.6484081,55.7547109]]},"properties":{"segmentId":"osm-rel:1284062:way:1300230041:94","routeId":"osm-rel:1284062","routeName":"Трамвай т2: Метро «Чертановская» => МЦД Новогиреево","routeRef":"т2","relationId":1284062,"fromStopId":"osm:12043479581","toStopId":"osm:1376698053","sequence":94,"osmWayId":1300230041}},{"type":"Feature","geometry":{"type":"LineString","coordinates":[[37.6484081,55.7547109],[37.6485268,55.7549843],[37.6485845,55.7551603],[37.6486163,55.7552803],[37.6486668,55.7555099],[37.6486867,55.7556422]]},"properties":{"segmentId":"osm-rel:1284062:way:1300230042:95","routeId":"osm-rel:1284062","routeName":"Трамвай т2: Метро «Чертановская» => МЦД Новогиреево","routeRef":"т2","relationId":1284062,"fromStopId":"osm:1376698053","toStopId":"osm:5442723749","sequence":95,"osmWayId":1300230042}},{"type":"Feature","geometry":{"type":"LineString","coordinates":[[37.6486867,55.7556422],[37.6486896,55.7557565],[37.6486792,55.7558498],[37.6486605,55.7559271],[37.6486296,55.7559885],[37.6485627,55.7560792]]},"properties":{"segmentId":"osm-rel:1284062:way:1300230043:96","routeId":"osm-rel:1284062","routeName":"Трамвай т2: Метро «Чертановская» => МЦД Новогиреево","routeRef":"т2","relationId":1284062,"fromStopId":"osm:5442723749","toStopId":"osm:6336889289","sequence":96,"osmWayId":1300230043}},{"type":"Feature","geometry":{"type":"LineString","coordinates":[[37.6485627,55.7560792],[37.648501,55.7561397],[37.648451,55.756199],[37.6481542,55.7565397],[37.6477752,55.7569747],[37.6473944,55.7573982]]},"properties":{"segmentId":"osm-rel:1284062:way:1300230049:97","routeId":"osm-rel:1284062","routeName":"Трамвай т2: Метро «Чертановская» => МЦД Новогиреево","routeRef":"т2","relationId":1284062,"fromStopId":"osm:6336889289","toStopId":"osm:1376698226","sequence":97,"osmWayId":1300230049}},{"type":"Feature","geometry":{"type":"LineString","coordinates":[[37.6473944,55.7573982],[37.6471646,55.757647],[37.647072,55.7577873],[37.6470065,55.7579325],[37.6469339,55.7580917]]},"properties":{"segmentId":"osm-rel:1284062:way:1300230050:98","routeId":"osm-rel:1284062","routeName":"Трамвай т2: Метро «Чертановская» => МЦД Новогиреево","routeRef":"т2","relationId":1284062,"fromStopId":"osm:1376698226","toStopId":"osm:12043479582","sequence":98,"osmWayId":1300230050}},{"type":"Feature","geometry":{"type":"LineString","coordinates":[[37.6469339,55.7580917],[37.646765,55.7584622],[37.6466943,55.7585973],[37.6466847,55.7586123],[37.6466537,55.7586732],[37.6466432,55.758695],[37.6464591,55.7590017]]},"properties":{"segmentId":"osm-rel:1284062:way:1300230051:99","routeId":"osm-rel:1284062","routeName":"Трамвай т2: Метро «Чертановская» => МЦД Новогиреево","routeRef":"т2","relationId":1284062,"fromStopId":"osm:12043479582","toStopId":"osm:1376698059","sequence":99,"osmWayId":1300230051}},{"type":"Feature","geometry":{"type":"LineString","coordinates":[[37.6464591,55.7590017],[37.6464157,55.7590675],[37.6463817,55.7591204],[37.6462433,55.7593278],[37.6462024,55.7593913],[37.6461479,55.7594787],[37.6461278,55.7595275],[37.6460661,55.7597175]]},"properties":{"segmentId":"osm-rel:1284062:way:1300230052:100","routeId":"osm-rel:1284062","routeName":"Трамвай т2: Метро «Чертановская» => МЦД Новогиреево","routeRef":"т2","relationId":1284062,"fromStopId":"osm:1376698059","toStopId":"osm:12043479583","sequence":100,"osmWayId":1300230052}},{"type":"Feature","geometry":{"type":"LineString","coordinates":[[37.6460661,55.7597175],[37.6459968,55.7599309],[37.6459576,55.7600392],[37.6459488,55.7600636],[37.645927,55.7601424],[37.6459226,55.7601751],[37.6459239,55.7602594],[37.6459309,55.760546],[37.6459297,55.7606225],[37.6459196,55.7607111],[37.6458905,55.760796],[37.6458301,55.760871],[37.6455568,55.7611139]]},"properties":{"segmentId":"osm-rel:1284062:way:1300230053:101","routeId":"osm-rel:1284062","routeName":"Трамвай т2: Метро «Чертановская» => МЦД Новогиреево","routeRef":"т2","relationId":1284062,"fromStopId":"osm:12043479583","toStopId":"osm:12043479584","sequence":101,"osmWayId":1300230053}},{"type":"Feature","geometry":{"type":"LineString","coordinates":[[37.6455568,55.7611139],[37.6451268,55.7614959],[37.644664,55.7619345]]},"properties":{"segmentId":"osm-rel:1284062:way:1300230056:102","routeId":"osm-rel:1284062","routeName":"Трамвай т2: Метро «Чертановская» => МЦД Новогиреево","routeRef":"т2","relationId":1284062,"fromStopId":"osm:12043479584","toStopId":"osm:12043479585","sequence":102,"osmWayId":1300230056}},{"type":"Feature","geometry":{"type":"LineString","coordinates":[[37.644664,55.7619345],[37.6444137,55.7621717],[37.6443971,55.7621876],[37.6443207,55.7622457],[37.6442209,55.7623122],[37.6438137,55.7625334]]},"properties":{"segmentId":"osm-rel:1284062:way:1300230057:103","routeId":"osm-rel:1284062","routeName":"Трамвай т2: Метро «Чертановская» => МЦД Новогиреево","routeRef":"т2","relationId":1284062,"fromStopId":"osm:12043479585","toStopId":"osm:12043479586","sequence":103,"osmWayId":1300230057}},{"type":"Feature","geometry":{"type":"LineString","coordinates":[[37.6438137,55.7625334],[37.6423196,55.763345],[37.6421323,55.7634444],[37.6408191,55.764066],[37.6396251,55.7646088]]},"properties":{"segmentId":"osm-rel:1284062:way:123457153:104","routeId":"osm-rel:1284062","routeName":"Трамвай т2: Метро «Чертановская» => МЦД Новогиреево","routeRef":"т2","relationId":1284062,"fromStopId":"osm:12043479586","toStopId":"osm:12043479588","sequence":104,"osmWayId":123457153}},{"type":"Feature","geometry":{"type":"LineString","coordinates":[[37.6396251,55.7646088],[37.6394024,55.7647101],[37.6393879,55.7647154]]},"properties":{"segmentId":"osm-rel:1284062:way:1428765412:105","routeId":"osm-rel:1284062","routeName":"Трамвай т2: Метро «Чертановская» => МЦД Новогиреево","routeRef":"т2","relationId":1284062,"fromStopId":"osm:12043479588","toStopId":"osm:11755019152","sequence":105,"osmWayId":1428765412}},{"type":"Feature","geometry":{"type":"LineString","coordinates":[[37.6393879,55.7647154],[37.638959,55.7648854],[37.6386344,55.7649941],[37.6383616,55.7651176],[37.6380434,55.7652616]]},"properties":{"segmentId":"osm-rel:1284062:way:1426089356:106","routeId":"osm-rel:1284062","routeName":"Трамвай т2: Метро «Чертановская» => МЦД Новогиреево","routeRef":"т2","relationId":1284062,"fromStopId":"osm:11755019152","toStopId":"osm:13109166203","sequence":106,"osmWayId":1426089356}},{"type":"Feature","geometry":{"type":"LineString","coordinates":[[37.6380434,55.7652616],[37.6378861,55.7653328],[37.6373161,55.7655909],[37.6368923,55.7657893],[37.636832,55.7658293],[37.6367776,55.7658859],[37.6367596,55.7659259],[37.6367515,55.7659922],[37.6367556,55.7660466],[37.6367891,55.7660986],[37.636846,55.7661507],[37.6370258,55.7662536],[37.6373678,55.7664495],[37.6377152,55.7666484],[37.6391212,55.7674824],[37.6404972,55.7682749],[37.6418651,55.7690619],[37.6419388,55.7691043],[37.6430565,55.7698097],[37.6436273,55.7702299],[37.6437895,55.7703487],[37.6445424,55.7708976],[37.6448457,55.7711266],[37.6448839,55.7711554],[37.6449167,55.7711802],[37.6459731,55.7719724],[37.6465409,55.7723747],[37.6468681,55.7726065],[37.647482,55.7730444],[37.6477047,55.7732],[37.6478846,55.7733155],[37.6481373,55.7734679],[37.6482283,55.7735089],[37.6484523,55.7736097],[37.6487538,55.773749]]},"properties":{"segmentId":"osm-rel:1284062:way:1265458383:107","routeId":"osm-rel:1284062","routeName":"Трамвай т2: Метро «Чертановская» => МЦД Новогиреево","routeRef":"т2","relationId":1284062,"fromStopId":"osm:13109166203","toStopId":"osm:11438878060","sequence":107,"osmWayId":1265458383}},{"type":"Feature","geometry":{"type":"LineString","coordinates":[[37.6487538,55.773749],[37.6512184,55.77455]]},"properties":{"segmentId":"osm-rel:1284062:way:1432668781:108","routeId":"osm-rel:1284062","routeName":"Трамвай т2: Метро «Чертановская» => МЦД Новогиреево","routeRef":"т2","relationId":1284062,"fromStopId":"osm:11438878060","toStopId":"osm:13167642419","sequence":108,"osmWayId":1432668781}},{"type":"Feature","geometry":{"type":"LineString","coordinates":[[37.6512184,55.77455],[37.6513273,55.774576],[37.6515369,55.7746127],[37.6516612,55.7746338],[37.6518591,55.7746658],[37.651908,55.7746685],[37.6519513,55.7746666],[37.651993,55.7746582],[37.6520348,55.7746493],[37.6521389,55.7746154],[37.6522449,55.7745809]]},"properties":{"segmentId":"osm-rel:1284062:way:1265458384:109","routeId":"osm-rel:1284062","routeName":"Трамвай т2: Метро «Чертановская» => МЦД Новогиреево","routeRef":"т2","relationId":1284062,"fromStopId":"osm:13167642419","toStopId":"osm:2214943473","sequence":109,"osmWayId":1265458384}},{"type":"Feature","geometry":{"type":"LineString","coordinates":[[37.6522449,55.7745809],[37.6523697,55.7745402],[37.6524302,55.7745205],[37.6524628,55.7745117],[37.652505,55.7745061],[37.6525601,55.7745026],[37.6525992,55.7745019],[37.6526396,55.7745021],[37.6526788,55.7745068],[37.6527059,55.7745129],[37.6527642,55.7745261]]},"properties":{"segmentId":"osm-rel:1284062:way:1293039617:110","routeId":"osm-rel:1284062","routeName":"Трамвай т2: Метро «Чертановская» => МЦД Новогиреево","routeRef":"т2","relationId":1284062,"fromStopId":"osm:2214943473","toStopId":"osm:2214943466","sequence":110,"osmWayId":1293039617}},{"type":"Feature","geometry":{"type":"LineString","coordinates":[[37.6527642,55.7745261],[37.6531564,55.7746318],[37.6534709,55.7747166],[37.6535406,55.7747375],[37.6535735,55.7747468],[37.6535972,55.7747545],[37.6536345,55.7747671],[37.6536742,55.774783],[37.6537532,55.774816],[37.65415,55.7749717],[37.6542459,55.7750072],[37.6543269,55.775033],[37.6544287,55.7750585],[37.6545323,55.7750804]]},"properties":{"segmentId":"osm-rel:1284062:way:1293039614:111","routeId":"osm-rel:1284062","routeName":"Трамвай т2: Метро «Чертановская» => МЦД Новогиреево","routeRef":"т2","relationId":1284062,"fromStopId":"osm:2214943466","toStopId":"osm:11987259520","sequence":111,"osmWayId":1293039614}},{"type":"Feature","geometry":{"type":"LineString","coordinates":[[37.6545323,55.7750804],[37.6555161,55.7752772],[37.6559629,55.7753652],[37.6563258,55.7754366]]},"properties":{"segmentId":"osm-rel:1284062:way:1293039613:112","routeId":"osm-rel:1284062","routeName":"Трамвай т2: Метро «Чертановская» => МЦД Новогиреево","routeRef":"т2","relationId":1284062,"fromStopId":"osm:11987259520","toStopId":"osm:2214943587","sequence":112,"osmWayId":1293039613}},{"type":"Feature","geometry":{"type":"LineString","coordinates":[[37.6563258,55.7754366],[37.656694,55.7755189],[37.6568149,55.7755489],[37.6569258,55.7755832],[37.6570293,55.7756166],[37.6571822,55.7756678]]},"properties":{"segmentId":"osm-rel:1284062:way:1293039611:113","routeId":"osm-rel:1284062","routeName":"Трамвай т2: Метро «Чертановская» => МЦД Новогиреево","routeRef":"т2","relationId":1284062,"fromStopId":"osm:2214943587","toStopId":"osm:11987259518","sequence":113,"osmWayId":1293039611}},{"type":"Feature","geometry":{"type":"LineString","coordinates":[[37.6571822,55.7756678],[37.6580484,55.7759528]]},"properties":{"segmentId":"osm-rel:1284062:way:1293039609:114","routeId":"osm-rel:1284062","routeName":"Трамвай т2: Метро «Чертановская» => МЦД Новогиреево","routeRef":"т2","relationId":1284062,"fromStopId":"osm:11987259518","toStopId":"osm:11987259516","sequence":114,"osmWayId":1293039609}},{"type":"Feature","geometry":{"type":"LineString","coordinates":[[37.6580484,55.7759528],[37.6581743,55.7759943],[37.6582244,55.7760122],[37.6582648,55.7760266],[37.6585745,55.7761348],[37.6586353,55.7761609],[37.6588416,55.7762494]]},"properties":{"segmentId":"osm-rel:1284062:way:1293039607:115","routeId":"osm-rel:1284062","routeName":"Трамвай т2: Метро «Чертановская» => МЦД Новогиреево","routeRef":"т2","relationId":1284062,"fromStopId":"osm:11987259516","toStopId":"osm:3690986786","sequence":115,"osmWayId":1293039607}},{"type":"Feature","geometry":{"type":"LineString","coordinates":[[37.6588416,55.7762494],[37.6591658,55.7763895],[37.660574,55.7770418],[37.6626511,55.7779896],[37.6629725,55.7781394]]},"properties":{"segmentId":"osm-rel:1284062:way:1293039605:116","routeId":"osm-rel:1284062","routeName":"Трамвай т2: Метро «Чертановская» => МЦД Новогиреево","routeRef":"т2","relationId":1284062,"fromStopId":"osm:3690986786","toStopId":"osm:11987259513","sequence":116,"osmWayId":1293039605}},{"type":"Feature","geometry":{"type":"LineString","coordinates":[[37.6629725,55.7781394],[37.663188,55.7782398],[37.6637992,55.7785],[37.6640543,55.778602]]},"properties":{"segmentId":"osm-rel:1284062:way:1293039602:117","routeId":"osm-rel:1284062","routeName":"Трамвай т2: Метро «Чертановская» => МЦД Новогиреево","routeRef":"т2","relationId":1284062,"fromStopId":"osm:11987259513","toStopId":"osm:11987259512","sequence":117,"osmWayId":1293039602}},{"type":"Feature","geometry":{"type":"LineString","coordinates":[[37.6640543,55.778602],[37.6646604,55.7788442],[37.665607,55.7792274],[37.6657882,55.7792991],[37.6658061,55.7793074]]},"properties":{"segmentId":"osm-rel:1284062:way:1293039601:118","routeId":"osm-rel:1284062","routeName":"Трамвай т2: Метро «Чертановская» => МЦД Новогиреево","routeRef":"т2","relationId":1284062,"fromStopId":"osm:11987259512","toStopId":"osm:2214943644","sequence":118,"osmWayId":1293039601}},{"type":"Feature","geometry":{"type":"LineString","coordinates":[[37.6658061,55.7793074],[37.6658462,55.7793191],[37.6658879,55.7793289],[37.6659309,55.7793367],[37.665975,55.7793424],[37.6660197,55.779346],[37.6660648,55.7793474],[37.666133,55.7793463],[37.6661753,55.7793423],[37.6662178,55.7793364],[37.6662656,55.7793278],[37.6663274,55.7793134],[37.6663559,55.7793072],[37.6663966,55.7792961],[37.6664354,55.7792831],[37.6664722,55.7792683]]},"properties":{"segmentId":"osm-rel:1284062:way:227097903:119","routeId":"osm-rel:1284062","routeName":"Трамвай т2: Метро «Чертановская» => МЦД Новогиреево","routeRef":"т2","relationId":1284062,"fromStopId":"osm:2214943644","toStopId":"osm:2358271883","sequence":119,"osmWayId":227097903}},{"type":"Feature","geometry":{"type":"LineString","coordinates":[[37.6664722,55.7792683],[37.6669072,55.7789857],[37.6672448,55.7787659],[37.6674796,55.7786204]]},"properties":{"segmentId":"osm-rel:1284062:way:227097893:120","routeId":"osm-rel:1284062","routeName":"Трамвай т2: Метро «Чертановская» => МЦД Новогиреево","routeRef":"т2","relationId":1284062,"fromStopId":"osm:2358271883","toStopId":"osm:11990152102","sequence":120,"osmWayId":227097893}},{"type":"Feature","geometry":{"type":"LineString","coordinates":[[37.6674796,55.7786204],[37.6677144,55.7784749],[37.6678512,55.7783847]]},"properties":{"segmentId":"osm-rel:1284062:way:1293427432:121","routeId":"osm-rel:1284062","routeName":"Трамвай т2: Метро «Чертановская» => МЦД Новогиреево","routeRef":"т2","relationId":1284062,"fromStopId":"osm:11990152102","toStopId":"osm:2358271875","sequence":121,"osmWayId":1293427432}},{"type":"Feature","geometry":{"type":"LineString","coordinates":[[37.6678512,55.7783847],[37.6688413,55.777625]]},"properties":{"segmentId":"osm-rel:1284062:way:227097889:122","routeId":"osm-rel:1284062","routeName":"Трамвай т2: Метро «Чертановская» => МЦД Новогиреево","routeRef":"т2","relationId":1284062,"fromStopId":"osm:2358271875","toStopId":"osm:2358271873","sequence":122,"osmWayId":227097889}},{"type":"Feature","geometry":{"type":"LineString","coordinates":[[37.6688413,55.777625],[37.6692393,55.7773131],[37.6693229,55.777236],[37.6694054,55.7771502],[37.6696542,55.7769117],[37.6699352,55.7766865]]},"properties":{"segmentId":"osm-rel:1284062:way:1293427433:123","routeId":"osm-rel:1284062","routeName":"Трамвай т2: Метро «Чертановская» => МЦД Новогиреево","routeRef":"т2","relationId":1284062,"fromStopId":"osm:2358271873","toStopId":"osm:2358271810","sequence":123,"osmWayId":1293427433}},{"type":"Feature","geometry":{"type":"LineString","coordinates":[[37.6699352,55.7766865],[37.6706318,55.7761598]]},"properties":{"segmentId":"osm-rel:1284062:way:1293427436:124","routeId":"osm-rel:1284062","routeName":"Трамвай т2: Метро «Чертановская» => МЦД Новогиреево","routeRef":"т2","relationId":1284062,"fromStopId":"osm:2358271810","toStopId":"osm:11990152104","sequence":124,"osmWayId":1293427436}},{"type":"Feature","geometry":{"type":"LineString","coordinates":[[37.6706318,55.7761598],[37.6706917,55.7761145],[37.6707524,55.77608],[37.6708025,55.7760608],[37.6708734,55.7760403],[37.6709817,55.7760291],[37.6710501,55.7760318],[37.6711093,55.7760394],[37.6711435,55.7760474],[37.671197,55.7760601],[37.6712919,55.7761017]]},"properties":{"segmentId":"osm-rel:1284062:way:1293427439:125","routeId":"osm-rel:1284062","routeName":"Трамвай т2: Метро «Чертановская» => МЦД Новогиреево","routeRef":"т2","relationId":1284062,"fromStopId":"osm:11990152104","toStopId":"osm:11990152107","sequence":125,"osmWayId":1293427439}},{"type":"Feature","geometry":{"type":"LineString","coordinates":[[37.6712919,55.7761017],[37.6715657,55.7762217],[37.6728987,55.7768125],[37.6730739,55.7768909]]},"properties":{"segmentId":"osm-rel:1284062:way:1293427440:126","routeId":"osm-rel:1284062","routeName":"Трамвай т2: Метро «Чертановская» => МЦД Новогиреево","routeRef":"т2","relationId":1284062,"fromStopId":"osm:11990152107","toStopId":"osm:9077445226","sequence":126,"osmWayId":1293427440}},{"type":"Feature","geometry":{"type":"LineString","coordinates":[[37.6730739,55.7768909],[37.6731698,55.7769339],[37.6734315,55.7770619],[37.6735399,55.777121]]},"properties":{"segmentId":"osm-rel:1284062:way:1293427442:127","routeId":"osm-rel:1284062","routeName":"Трамвай т2: Метро «Чертановская» => МЦД Новогиреево","routeRef":"т2","relationId":1284062,"fromStopId":"osm:9077445226","toStopId":"osm:2358271812","sequence":127,"osmWayId":1293427442}},{"type":"Feature","geometry":{"type":"LineString","coordinates":[[37.6735399,55.777121],[37.6737599,55.7772414],[37.6738401,55.777271],[37.6739333,55.7772839],[37.6740556,55.7772767],[37.6740643,55.7772744],[37.6741315,55.777246],[37.6744308,55.7770999]]},"properties":{"segmentId":"osm-rel:1284062:way:1293427445:128","routeId":"osm-rel:1284062","routeName":"Трамвай т2: Метро «Чертановская» => МЦД Новогиреево","routeRef":"т2","relationId":1284062,"fromStopId":"osm:2358271812","toStopId":"osm:11990152109","sequence":128,"osmWayId":1293427445}},{"type":"Feature","geometry":{"type":"LineString","coordinates":[[37.6744308,55.7770999],[37.6747736,55.7769325],[37.6753724,55.7766394],[37.6754964,55.7765781],[37.6756834,55.7764872],[37.6771641,55.7757624],[37.6774834,55.7755852]]},"properties":{"segmentId":"osm-rel:1284062:way:227097896:129","routeId":"osm-rel:1284062","routeName":"Трамвай т2: Метро «Чертановская» => МЦД Новогиреево","routeRef":"т2","relationId":1284062,"fromStopId":"osm:11990152109","toStopId":"osm:11990152110","sequence":129,"osmWayId":227097896}},{"type":"Feature","geometry":{"type":"LineString","coordinates":[[37.6774834,55.7755852],[37.6775922,55.7755248],[37.6776624,55.7754859],[37.6777095,55.7754499],[37.6777409,55.775409],[37.6777649,55.7753504],[37.6777957,55.7752275]]},"properties":{"segmentId":"osm-rel:1284062:way:1293427448:130","routeId":"osm-rel:1284062","routeName":"Трамвай т2: Метро «Чертановская» => МЦД Новогиреево","routeRef":"т2","relationId":1284062,"fromStopId":"osm:11990152110","toStopId":"osm:2360708029","sequence":130,"osmWayId":1293427448}},{"type":"Feature","geometry":{"type":"LineString","coordinates":[[37.6777957,55.7752275],[37.6778539,55.7749951],[37.6778854,55.7748913],[37.6778943,55.774862],[37.6779731,55.7745357],[37.6779947,55.7744634],[37.6780169,55.774389]]},"properties":{"segmentId":"osm-rel:1284062:way:1293427446:131","routeId":"osm-rel:1284062","routeName":"Трамвай т2: Метро «Чертановская» => МЦД Новогиреево","routeRef":"т2","relationId":1284062,"fromStopId":"osm:2360708029","toStopId":"osm:2358271814","sequence":131,"osmWayId":1293427446}},{"type":"Feature","geometry":{"type":"LineString","coordinates":[[37.6780169,55.774389],[37.6780659,55.7742064],[37.6781464,55.7739431],[37.6782622,55.7735779],[37.6783642,55.7732163],[37.6783765,55.7731735],[37.6783946,55.7731095],[37.6784159,55.7730278],[37.6784561,55.7728699],[37.6785273,55.7725615],[37.678581,55.7723321],[37.6786617,55.7719874],[37.678709,55.7717855],[37.6788179,55.7712891],[37.6788451,55.7711786],[37.6788668,55.7710953],[37.6788766,55.771057],[37.6791084,55.7701614],[37.6791842,55.7698686],[37.6792,55.7698049],[37.6792026,55.7697946],[37.6792925,55.7694194],[37.6793595,55.7691394],[37.6793917,55.7689903],[37.6794478,55.7687325],[37.679472,55.768621],[37.6794889,55.7685446],[37.6796164,55.7678948],[37.6797567,55.7671523],[37.679791,55.766971],[37.6798656,55.7666067],[37.6799036,55.7664082],[37.6799084,55.7663804],[37.6799785,55.7659562],[37.6800231,55.7657],[37.6800502,55.7655448],[37.6800681,55.7654484],[37.6802153,55.7644427],[37.6802263,55.7643567],[37.680257,55.7641138]]},"properties":{"segmentId":"osm-rel:1284062:way:227387320:132","routeId":"osm-rel:1284062","routeName":"Трамвай т2: Метро «Чертановская» => МЦД Новогиреево","routeRef":"т2","relationId":1284062,"fromStopId":"osm:2358271814","toStopId":"osm:11990152113","sequence":132,"osmWayId":227387320}},{"type":"Feature","geometry":{"type":"LineString","coordinates":[[37.680257,55.7641138],[37.6802672,55.7640329],[37.6802714,55.7639266],[37.6802481,55.7637535],[37.6801142,55.7632695]]},"properties":{"segmentId":"osm-rel:1284062:way:1293427450:133","routeId":"osm-rel:1284062","routeName":"Трамвай т2: Метро «Чертановская» => МЦД Новогиреево","routeRef":"т2","relationId":1284062,"fromStopId":"osm:11990152113","toStopId":"osm:2360708040","sequence":133,"osmWayId":1293427450}},{"type":"Feature","geometry":{"type":"LineString","coordinates":[[37.6801142,55.7632695],[37.6801031,55.7631974],[37.6801016,55.7631716],[37.6801097,55.7631455],[37.6801098,55.7631451],[37.6801304,55.7631051],[37.68015,55.7630796],[37.680178,55.7630536],[37.680219,55.7630299],[37.6802792,55.7630063],[37.6803695,55.7629825],[37.6804068,55.7629726]]},"properties":{"segmentId":"osm-rel:1284062:way:227387324:134","routeId":"osm-rel:1284062","routeName":"Трамвай т2: Метро «Чертановская» => МЦД Новогиреево","routeRef":"т2","relationId":1284062,"fromStopId":"osm:2360708040","toStopId":"osm:2360761298","sequence":134,"osmWayId":227387324}},{"type":"Feature","geometry":{"type":"LineString","coordinates":[[37.6804068,55.7629726],[37.6810666,55.7629179],[37.6815409,55.7628785],[37.6818751,55.7628499],[37.6833551,55.7627233]]},"properties":{"segmentId":"osm-rel:1284062:way:227387309:135","routeId":"osm-rel:1284062","routeName":"Трамвай т2: Метро «Чертановская» => МЦД Новогиреево","routeRef":"т2","relationId":1284062,"fromStopId":"osm:2360761298","toStopId":"osm:11991735609","sequence":135,"osmWayId":227387309}},{"type":"Feature","geometry":{"type":"LineString","coordinates":[[37.6833551,55.7627233],[37.6835465,55.7627041],[37.6837439,55.7626802],[37.6838057,55.7626692],[37.6838924,55.7626539],[37.684001,55.7626338],[37.6841115,55.7626057],[37.6844701,55.7624846]]},"properties":{"segmentId":"osm-rel:1284062:way:1293616223:136","routeId":"osm-rel:1284062","routeName":"Трамвай т2: Метро «Чертановская» => МЦД Новогиреево","routeRef":"т2","relationId":1284062,"fromStopId":"osm:11991735609","toStopId":"osm:2360761253","sequence":136,"osmWayId":1293616223}},{"type":"Feature","geometry":{"type":"LineString","coordinates":[[37.6844701,55.7624846],[37.6862502,55.761847]]},"properties":{"segmentId":"osm-rel:1284062:way:227387313:137","routeId":"osm-rel:1284062","routeName":"Трамвай т2: Метро «Чертановская» => МЦД Новогиреево","routeRef":"т2","relationId":1284062,"fromStopId":"osm:2360761253","toStopId":"osm:1507754847","sequence":137,"osmWayId":227387313}},{"type":"Feature","geometry":{"type":"LineString","coordinates":[[37.6862502,55.761847],[37.6866129,55.7617172]]},"properties":{"segmentId":"osm-rel:1284062:way:137462740:138","routeId":"osm-rel:1284062","routeName":"Трамвай т2: Метро «Чертановская» => МЦД Новогиреево","routeRef":"т2","relationId":1284062,"fromStopId":"osm:1507754847","toStopId":"osm:1507754842","sequence":138,"osmWayId":137462740}},{"type":"Feature","geometry":{"type":"LineString","coordinates":[[37.6866129,55.7617172],[37.6867098,55.7616848],[37.6868214,55.7616474],[37.6870398,55.7615743],[37.6871575,55.7615349]]},"properties":{"segmentId":"osm-rel:1284062:way:137462753:139","routeId":"osm-rel:1284062","routeName":"Трамвай т2: Метро «Чертановская» => МЦД Новогиреево","routeRef":"т2","relationId":1284062,"fromStopId":"osm:1507754842","toStopId":"osm:1507754780","sequence":139,"osmWayId":137462753}},{"type":"Feature","geometry":{"type":"LineString","coordinates":[[37.6871575,55.7615349],[37.6878151,55.7612807],[37.688202,55.76114],[37.6884489,55.761052],[37.690132,55.7604521],[37.6913592,55.7600086],[37.6927803,55.7594995],[37.6929528,55.7594407],[37.6938077,55.7591494],[37.6939749,55.7590931],[37.6942592,55.7589967],[37.6948388,55.7588011],[37.6949228,55.7587729],[37.6956552,55.7585276],[37.6957139,55.7585081],[37.6990594,55.757399],[37.6992471,55.7573361],[37.699389,55.7572884],[37.699614,55.7572129],[37.6999584,55.7570973],[37.7000346,55.7570728],[37.7016701,55.7565374],[37.7061639,55.7550665],[37.7065661,55.7549321]]},"properties":{"segmentId":"osm-rel:1284062:way:137462733:140","routeId":"osm-rel:1284062","routeName":"Трамвай т2: Метро «Чертановская» => МЦД Новогиреево","routeRef":"т2","relationId":1284062,"fromStopId":"osm:1507754780","toStopId":"osm:11991735613","sequence":140,"osmWayId":137462733}},{"type":"Feature","geometry":{"type":"LineString","coordinates":[[37.7065661,55.7549321],[37.7068734,55.7548295],[37.707971,55.7544512]]},"properties":{"segmentId":"osm-rel:1284062:way:1293616228:141","routeId":"osm-rel:1284062","routeName":"Трамвай т2: Метро «Чертановская» => МЦД Новогиреево","routeRef":"т2","relationId":1284062,"fromStopId":"osm:11991735613","toStopId":"osm:1507754592","sequence":141,"osmWayId":1293616228}},{"type":"Feature","geometry":{"type":"LineString","coordinates":[[37.707971,55.7544512],[37.7081652,55.7543931],[37.7093839,55.7539647],[37.7104201,55.7535932],[37.7106459,55.7535122],[37.7115871,55.7531961],[37.7117665,55.7531457]]},"properties":{"segmentId":"osm-rel:1284062:way:1293616225:142","routeId":"osm-rel:1284062","routeName":"Трамвай т2: Метро «Чертановская» => МЦД Новогиреево","routeRef":"т2","relationId":1284062,"fromStopId":"osm:1507754592","toStopId":"osm:1507754630","sequence":142,"osmWayId":1293616225}},{"type":"Feature","geometry":{"type":"LineString","coordinates":[[37.7117665,55.7531457],[37.7119113,55.7530835],[37.7120014,55.7530396],[37.7120486,55.7529901],[37.7120886,55.7529453],[37.7121207,55.7528995],[37.7121817,55.7527986]]},"properties":{"segmentId":"osm-rel:1284062:way:137462742:143","routeId":"osm-rel:1284062","routeName":"Трамвай т2: Метро «Чертановская» => МЦД Новогиреево","routeRef":"т2","relationId":1284062,"fromStopId":"osm:1507754630","toStopId":"osm:1507754604","sequence":143,"osmWayId":137462742}},{"type":"Feature","geometry":{"type":"LineString","coordinates":[[37.7121817,55.7527986],[37.7124031,55.7523998],[37.7127769,55.7517968],[37.7130022,55.7514294],[37.7130765,55.7513081],[37.7131463,55.7511791]]},"properties":{"segmentId":"osm-rel:1284062:way:137462737:144","routeId":"osm-rel:1284062","routeName":"Трамвай т2: Метро «Чертановская» => МЦД Новогиреево","routeRef":"т2","relationId":1284062,"fromStopId":"osm:1507754604","toStopId":"osm:1642037479","sequence":144,"osmWayId":137462737}},{"type":"Feature","geometry":{"type":"LineString","coordinates":[[37.7131463,55.7511791],[37.7132057,55.7511295],[37.7132179,55.7511193],[37.7132792,55.7510832],[37.7133449,55.7510504],[37.7134301,55.7510223],[37.7135121,55.7510083],[37.7135414,55.7510101],[37.713637,55.7510112]]},"properties":{"segmentId":"osm-rel:1284062:way:151377290:145","routeId":"osm-rel:1284062","routeName":"Трамвай т2: Метро «Чертановская» => МЦД Новогиреево","routeRef":"т2","relationId":1284062,"fromStopId":"osm:1642037479","toStopId":"osm:1642037579","sequence":145,"osmWayId":151377290}},{"type":"Feature","geometry":{"type":"LineString","coordinates":[[37.713637,55.7510112],[37.7140255,55.7510833],[37.7147113,55.7512088]]},"properties":{"segmentId":"osm-rel:1284062:way:1293616238:146","routeId":"osm-rel:1284062","routeName":"Трамвай т2: Метро «Чертановская» => МЦД Новогиреево","routeRef":"т2","relationId":1284062,"fromStopId":"osm:1642037579","toStopId":"osm:1628042937","sequence":146,"osmWayId":1293616238}},{"type":"Feature","geometry":{"type":"LineString","coordinates":[[37.7147113,55.7512088],[37.7148484,55.7512384],[37.714955,55.7512632],[37.7150657,55.7512956],[37.7153664,55.7513852],[37.7154966,55.7514219],[37.7156068,55.7514492],[37.7157486,55.7514804]]},"properties":{"segmentId":"osm-rel:1284062:way:149858843:147","routeId":"osm-rel:1284062","routeName":"Трамвай т2: Метро «Чертановская» => МЦД Новогиреево","routeRef":"т2","relationId":1284062,"fromStopId":"osm:1628042937","toStopId":"osm:1628042949","sequence":147,"osmWayId":149858843}},{"type":"Feature","geometry":{"type":"LineString","coordinates":[[37.7157486,55.7514804],[37.7161454,55.7515552],[37.7165064,55.7516209]]},"properties":{"segmentId":"osm-rel:1284062:way:1293616237:148","routeId":"osm-rel:1284062","routeName":"Трамвай т2: Метро «Чертановская» => МЦД Новогиреево","routeRef":"т2","relationId":1284062,"fromStopId":"osm:1628042949","toStopId":"osm:1628042955","sequence":148,"osmWayId":1293616237}},{"type":"Feature","geometry":{"type":"LineString","coordinates":[[37.7165064,55.7516209],[37.7166372,55.7516434],[37.7167302,55.7516575],[37.7168358,55.7516703],[37.7170769,55.7516957],[37.7171221,55.7517011],[37.7171725,55.7517071],[37.7172519,55.7517183],[37.71735,55.7517341],[37.7175758,55.7517742]]},"properties":{"segmentId":"osm-rel:1284062:way:1293616234:149","routeId":"osm-rel:1284062","routeName":"Трамвай т2: Метро «Чертановская» => МЦД Новогиреево","routeRef":"т2","relationId":1284062,"fromStopId":"osm:1628042955","toStopId":"osm:1628042978","sequence":149,"osmWayId":1293616234}},{"type":"Feature","geometry":{"type":"LineString","coordinates":[[37.7175758,55.7517742],[37.7177345,55.7518105]]},"properties":{"segmentId":"osm-rel:1284062:way:1151068546:150","routeId":"osm-rel:1284062","routeName":"Трамвай т2: Метро «Чертановская» => МЦД Новогиреево","routeRef":"т2","relationId":1284062,"fromStopId":"osm:1628042978","toStopId":"osm:1628042983","sequence":150,"osmWayId":1151068546}},{"type":"Feature","geometry":{"type":"LineString","coordinates":[[37.7177345,55.7518105],[37.7190742,55.7520827],[37.7194489,55.7521559]]},"properties":{"segmentId":"osm-rel:1284062:way:1296013625:151","routeId":"osm-rel:1284062","routeName":"Трамвай т2: Метро «Чертановская» => МЦД Новогиреево","routeRef":"т2","relationId":1284062,"fromStopId":"osm:1628042983","toStopId":"osm:12009252144","sequence":151,"osmWayId":1296013625}},{"type":"Feature","geometry":{"type":"LineString","coordinates":[[37.7194489,55.7521559],[37.7203255,55.7523273],[37.7215273,55.7525622]]},"properties":{"segmentId":"osm-rel:1284062:way:149858850:152","routeId":"osm-rel:1284062","routeName":"Трамвай т2: Метро «Чертановская» => МЦД Новогиреево","routeRef":"т2","relationId":1284062,"fromStopId":"osm:12009252144","toStopId":"osm:3445991819","sequence":152,"osmWayId":149858850}},{"type":"Feature","geometry":{"type":"LineString","coordinates":[[37.7215273,55.7525622],[37.7217603,55.752606]]},"properties":{"segmentId":"osm-rel:1284062:way:149858839:153","routeId":"osm-rel:1284062","routeName":"Трамвай т2: Метро «Чертановская» => МЦД Новогиреево","routeRef":"т2","relationId":1284062,"fromStopId":"osm:3445991819","toStopId":"osm:3445991820","sequence":153,"osmWayId":149858839}},{"type":"Feature","geometry":{"type":"LineString","coordinates":[[37.7217603,55.752606],[37.7219975,55.7526508],[37.7237671,55.7529882]]},"properties":{"segmentId":"osm-rel:1284062:way:495568926:154","routeId":"osm-rel:1284062","routeName":"Трамвай т2: Метро «Чертановская» => МЦД Новогиреево","routeRef":"т2","relationId":1284062,"fromStopId":"osm:3445991820","toStopId":"osm:695081254","sequence":154,"osmWayId":495568926}},{"type":"Feature","geometry":{"type":"LineString","coordinates":[[37.7237671,55.7529882],[37.7263003,55.7534839]]},"properties":{"segmentId":"osm-rel:1284062:way:495568924:155","routeId":"osm-rel:1284062","routeName":"Трамвай т2: Метро «Чертановская» => МЦД Новогиреево","routeRef":"т2","relationId":1284062,"fromStopId":"osm:695081254","toStopId":"osm:4869483842","sequence":155,"osmWayId":495568924}},{"type":"Feature","geometry":{"type":"LineString","coordinates":[[37.7263003,55.7534839],[37.7270196,55.7536213],[37.7279987,55.7538058],[37.7323269,55.7546488]]},"properties":{"segmentId":"osm-rel:1284062:way:23211173:156","routeId":"osm-rel:1284062","routeName":"Трамвай т2: Метро «Чертановская» => МЦД Новогиреево","routeRef":"т2","relationId":1284062,"fromStopId":"osm:4869483842","toStopId":"osm:448949932","sequence":156,"osmWayId":23211173}},{"type":"Feature","geometry":{"type":"LineString","coordinates":[[37.7323269,55.7546488],[37.7341326,55.7550061]]},"properties":{"segmentId":"osm-rel:1284062:way:38145817:157","routeId":"osm-rel:1284062","routeName":"Трамвай т2: Метро «Чертановская» => МЦД Новогиреево","routeRef":"т2","relationId":1284062,"fromStopId":"osm:448949932","toStopId":"osm:448949933","sequence":157,"osmWayId":38145817}},{"type":"Feature","geometry":{"type":"LineString","coordinates":[[37.7341326,55.7550061],[37.7365755,55.7555034]]},"properties":{"segmentId":"osm-rel:1284062:way:1296013627:158","routeId":"osm-rel:1284062","routeName":"Трамвай т2: Метро «Чертановская» => МЦД Новогиреево","routeRef":"т2","relationId":1284062,"fromStopId":"osm:448949933","toStopId":"osm:4459718841","sequence":158,"osmWayId":1296013627}},{"type":"Feature","geometry":{"type":"LineString","coordinates":[[37.7365755,55.7555034],[37.7377743,55.7557426],[37.738357,55.7558668]]},"properties":{"segmentId":"osm-rel:1284062:way:1296013629:159","routeId":"osm-rel:1284062","routeName":"Трамвай т2: Метро «Чертановская» => МЦД Новогиреево","routeRef":"т2","relationId":1284062,"fromStopId":"osm:4459718841","toStopId":"osm:12009252145","sequence":159,"osmWayId":1296013629}},{"type":"Feature","geometry":{"type":"LineString","coordinates":[[37.738357,55.7558668],[37.7401587,55.756251]]},"properties":{"segmentId":"osm-rel:1284062:way:38145818:160","routeId":"osm-rel:1284062","routeName":"Трамвай т2: Метро «Чертановская» => МЦД Новогиреево","routeRef":"т2","relationId":1284062,"fromStopId":"osm:12009252145","toStopId":"osm:1240945566","sequence":160,"osmWayId":38145818}},{"type":"Feature","geometry":{"type":"LineString","coordinates":[[37.7401587,55.756251],[37.740918,55.7564127],[37.7410632,55.7564443]]},"properties":{"segmentId":"osm-rel:1284062:way:755174832:161","routeId":"osm-rel:1284062","routeName":"Трамвай т2: Метро «Чертановская» => МЦД Новогиреево","routeRef":"т2","relationId":1284062,"fromStopId":"osm:1240945566","toStopId":"osm:60669302","sequence":161,"osmWayId":755174832}},{"type":"Feature","geometry":{"type":"LineString","coordinates":[[37.7410632,55.7564443],[37.7411091,55.7564528],[37.7423979,55.7567257]]},"properties":{"segmentId":"osm-rel:1284062:way:1296074982:162","routeId":"osm-rel:1284062","routeName":"Трамвай т2: Метро «Чертановская» => МЦД Новогиреево","routeRef":"т2","relationId":1284062,"fromStopId":"osm:60669302","toStopId":"osm:12009800906","sequence":162,"osmWayId":1296074982}},{"type":"Feature","geometry":{"type":"LineString","coordinates":[[37.7423979,55.7567257],[37.742987,55.7568504],[37.7446781,55.7571876]]},"properties":{"segmentId":"osm-rel:1284062:way:108118586:163","routeId":"osm-rel:1284062","routeName":"Трамвай т2: Метро «Чертановская» => МЦД Новогиреево","routeRef":"т2","relationId":1284062,"fromStopId":"osm:12009800906","toStopId":"osm:12009800908","sequence":163,"osmWayId":108118586}},{"type":"Feature","geometry":{"type":"LineString","coordinates":[[37.7446781,55.7571876],[37.7449152,55.7572349],[37.7451981,55.7573189],[37.7453129,55.7573794]]},"properties":{"segmentId":"osm-rel:1284062:way:1296074984:164","routeId":"osm-rel:1284062","routeName":"Трамвай т2: Метро «Чертановская» => МЦД Новогиреево","routeRef":"т2","relationId":1284062,"fromStopId":"osm:12009800908","toStopId":"osm:12009800910","sequence":164,"osmWayId":1296074984}},{"type":"Feature","geometry":{"type":"LineString","coordinates":[[37.7453129,55.7573794],[37.7454755,55.7574652],[37.7455138,55.7574888],[37.7457387,55.7575561]]},"properties":{"segmentId":"osm-rel:1284062:way:1296074986:165","routeId":"osm-rel:1284062","routeName":"Трамвай т2: Метро «Чертановская» => МЦД Новогиреево","routeRef":"т2","relationId":1284062,"fromStopId":"osm:12009800910","toStopId":"osm:2314293506","sequence":165,"osmWayId":1296074986}},{"type":"Feature","geometry":{"type":"LineString","coordinates":[[37.7457387,55.7575561],[37.7465017,55.7576928]]},"properties":{"segmentId":"osm-rel:1284062:way:1296074988:166","routeId":"osm-rel:1284062","routeName":"Трамвай т2: Метро «Чертановская» => МЦД Новогиреево","routeRef":"т2","relationId":1284062,"fromStopId":"osm:2314293506","toStopId":"osm:12009800911","sequence":166,"osmWayId":1296074988}},{"type":"Feature","geometry":{"type":"LineString","coordinates":[[37.7465017,55.7576928],[37.7467447,55.7577364],[37.7467984,55.7577545],[37.7468574,55.7577907],[37.7468949,55.757842],[37.7469302,55.7579197],[37.7469466,55.7580316]]},"properties":{"segmentId":"osm-rel:1284062:way:1296074990:167","routeId":"osm-rel:1284062","routeName":"Трамвай т2: Метро «Чертановская» => МЦД Новогиреево","routeRef":"т2","relationId":1284062,"fromStopId":"osm:12009800911","toStopId":"osm:12009800913","sequence":167,"osmWayId":1296074990}},{"type":"Feature","geometry":{"type":"LineString","coordinates":[[37.7469466,55.7580316],[37.746973,55.7582115],[37.746998,55.7590488]]},"properties":{"segmentId":"osm-rel:1284062:way:1296074992:168","routeId":"osm-rel:1284062","routeName":"Трамвай т2: Метро «Чертановская» => МЦД Новогиреево","routeRef":"т2","relationId":1284062,"fromStopId":"osm:12009800913","toStopId":"osm:12009800915","sequence":168,"osmWayId":1296074992}},{"type":"Feature","geometry":{"type":"LineString","coordinates":[[37.746998,55.7590488],[37.7470004,55.7591284],[37.7470272,55.7592099],[37.7470647,55.7592854],[37.7471345,55.7593458],[37.7472875,55.759407],[37.7475154,55.7594363],[37.7478748,55.7594303],[37.7482491,55.7593551],[37.7483522,55.7592733],[37.748356,55.7590104],[37.7483598,55.7587475],[37.7483898,55.7586203],[37.7484173,55.7585472],[37.7484752,55.7584727],[37.7485615,55.7583962],[37.7486926,55.7583273],[37.7488418,55.7582798],[37.74903,55.758245],[37.7492568,55.7582431],[37.7495665,55.7582555]]},"properties":{"segmentId":"osm-rel:1284062:way:337528396:169","routeId":"osm-rel:1284062","routeName":"Трамвай т2: Метро «Чертановская» => МЦД Новогиреево","routeRef":"т2","relationId":1284062,"fromStopId":"osm:12009800915","toStopId":"osm:3446041499","sequence":169,"osmWayId":337528396}},{"type":"Feature","geometry":{"type":"LineString","coordinates":[[37.7495665,55.7582555],[37.7499403,55.7582744],[37.7503511,55.75829],[37.7507681,55.7583069]]},"properties":{"segmentId":"osm-rel:1284062:way:1296074995:170","routeId":"osm-rel:1284062","routeName":"Трамвай т2: Метро «Чертановская» => МЦД Новогиреево","routeRef":"т2","relationId":1284062,"fromStopId":"osm:3446041499","toStopId":"osm:3446041500","sequence":170,"osmWayId":1296074995}},{"type":"Feature","geometry":{"type":"LineString","coordinates":[[37.7507681,55.7583069],[37.7509236,55.758325],[37.7511739,55.7583658],[37.7520325,55.7585328]]},"properties":{"segmentId":"osm-rel:1284062:way:1296074997:171","routeId":"osm-rel:1284062","routeName":"Трамвай т2: Метро «Чертановская» => МЦД Новогиреево","routeRef":"т2","relationId":1284062,"fromStopId":"osm:3446041500","toStopId":"osm:12009800918","sequence":171,"osmWayId":1296074997}},{"type":"Feature","geometry":{"type":"LineString","coordinates":[[37.7520325,55.7585328],[37.7523684,55.7585981],[37.7530189,55.7587246],[37.7536299,55.7588434],[37.7540781,55.758929],[37.7565787,55.7594045],[37.7613628,55.7603201],[37.768417,55.7616633],[37.7695191,55.761874],[37.7697848,55.7619248],[37.7707398,55.7621039],[37.7722513,55.7624104]]},"properties":{"segmentId":"osm-rel:1284062:way:337528399:172","routeId":"osm-rel:1284062","routeName":"Трамвай т2: Метро «Чертановская» => МЦД Новогиреево","routeRef":"т2","relationId":1284062,"fromStopId":"osm:12009800918","toStopId":"osm:9027064532","sequence":172,"osmWayId":337528399}},{"type":"Feature","geometry":{"type":"LineString","coordinates":[[37.7722513,55.7624104],[37.7725798,55.7624721],[37.7736502,55.7626815]]},"properties":{"segmentId":"osm-rel:1284062:way:1296075001:173","routeId":"osm-rel:1284062","routeName":"Трамвай т2: Метро «Чертановская» => МЦД Новогиреево","routeRef":"т2","relationId":1284062,"fromStopId":"osm:9027064532","toStopId":"osm:12009800919","sequence":173,"osmWayId":1296075001}},{"type":"Feature","geometry":{"type":"LineString","coordinates":[[37.7736502,55.7626815],[37.7740522,55.7627601],[37.7748459,55.7629165]]},"properties":{"segmentId":"osm-rel:1284062:way:1296075003:174","routeId":"osm-rel:1284062","routeName":"Трамвай т2: Метро «Чертановская» => МЦД Новогиреево","routeRef":"т2","relationId":1284062,"fromStopId":"osm:12009800919","toStopId":"osm:12009800921","sequence":174,"osmWayId":1296075003}},{"type":"Feature","geometry":{"type":"LineString","coordinates":[[37.7748459,55.7629165],[37.7782915,55.7636269],[37.7806602,55.7640782],[37.7812387,55.764206]]},"properties":{"segmentId":"osm-rel:1284062:way:1296074999:175","routeId":"osm-rel:1284062","routeName":"Трамвай т2: Метро «Чертановская» => МЦД Новогиреево","routeRef":"т2","relationId":1284062,"fromStopId":"osm:12009800921","toStopId":"osm:12009800922","sequence":175,"osmWayId":1296074999}},{"type":"Feature","geometry":{"type":"LineString","coordinates":[[37.7812387,55.764206],[37.7814808,55.764253],[37.7815868,55.7642796],[37.7816777,55.7643103],[37.7817216,55.7643301],[37.7818398,55.764401],[37.7819429,55.7644754],[37.7820096,55.7645248]]},"properties":{"segmentId":"osm-rel:1284062:way:1296075005:176","routeId":"osm-rel:1284062","routeName":"Трамвай т2: Метро «Чертановская» => МЦД Новогиреево","routeRef":"т2","relationId":1284062,"fromStopId":"osm:12009800922","toStopId":"osm:3446041539","sequence":176,"osmWayId":1296075005}},{"type":"Feature","geometry":{"type":"LineString","coordinates":[[37.7820096,55.7645248],[37.7825988,55.7649576]]},"properties":{"segmentId":"osm-rel:1284062:way:1296075007:177","routeId":"osm-rel:1284062","routeName":"Трамвай т2: Метро «Чертановская» => МЦД Новогиреево","routeRef":"т2","relationId":1284062,"fromStopId":"osm:3446041539","toStopId":"osm:3446041542","sequence":177,"osmWayId":1296075007}},{"type":"Feature","geometry":{"type":"LineString","coordinates":[[37.7825988,55.7649576],[37.7826982,55.7650318],[37.782768,55.7650822],[37.7828146,55.7651121],[37.7828845,55.7651415],[37.7829666,55.7651619],[37.7830603,55.7651732],[37.7831346,55.7651738],[37.7832317,55.7651648],[37.7833135,55.765148]]},"properties":{"segmentId":"osm-rel:1284062:way:1296075004:178","routeId":"osm-rel:1284062","routeName":"Трамвай т2: Метро «Чертановская» => МЦД Новогиреево","routeRef":"т2","relationId":1284062,"fromStopId":"osm:3446041542","toStopId":"osm:3446041540","sequence":178,"osmWayId":1296075004}},{"type":"Feature","geometry":{"type":"LineString","coordinates":[[37.7833135,55.765148],[37.7836036,55.7650818],[37.7836617,55.7650682],[37.7837165,55.7650547],[37.7837686,55.7650414],[37.7839093,55.7650031],[37.783952,55.7649874],[37.783985,55.7649744],[37.7840226,55.764953],[37.7840541,55.7649321],[37.7840797,55.7649104],[37.7840943,55.7648952],[37.7840987,55.7648906],[37.7841191,55.7648641],[37.7841306,55.7648435],[37.7841926,55.7647457],[37.7842507,55.7646539]]},"properties":{"segmentId":"osm-rel:1284062:way:1296075010:179","routeId":"osm-rel:1284062","routeName":"Трамвай т2: Метро «Чертановская» => МЦД Новогиреево","routeRef":"т2","relationId":1284062,"fromStopId":"osm:3446041540","toStopId":"osm:533648864","sequence":179,"osmWayId":1296075010}},{"type":"Feature","geometry":{"type":"LineString","coordinates":[[37.7842507,55.7646539],[37.7843225,55.7645317],[37.7844124,55.7643858],[37.7844244,55.7643664],[37.7848413,55.7636905],[37.7848699,55.7636438],[37.7849136,55.7635692],[37.7850684,55.7633133],[37.7854294,55.7627058],[37.785897,55.7619188],[37.7862283,55.7613754],[37.7865634,55.7608281],[37.7866205,55.7607347],[37.7866754,55.7606451],[37.7867045,55.7605975],[37.7874858,55.759319],[37.7877879,55.7588247],[37.7878587,55.7587023],[37.7878696,55.7586835],[37.787916,55.7586033],[37.7879527,55.7585399],[37.7879685,55.7585125],[37.7883758,55.7578083],[37.7889693,55.7567824],[37.7890886,55.7565762],[37.7891758,55.7564232],[37.7892512,55.7562999],[37.789272,55.7562658],[37.7893249,55.7561791],[37.7893593,55.7561196],[37.7893729,55.7560962],[37.7897315,55.7554716],[37.7904093,55.7542913],[37.7909937,55.7533004],[37.7911691,55.7529929],[37.7914179,55.7525624]]},"properties":{"segmentId":"osm-rel:1284062:way:1296075011:180","routeId":"osm-rel:1284062","routeName":"Трамвай т2: Метро «Чертановская» => МЦД Новогиреево","routeRef":"т2","relationId":1284062,"fromStopId":"osm:533648864","toStopId":"osm:14165260525","sequence":180,"osmWayId":1296075011}},{"type":"Feature","geometry":{"type":"LineString","coordinates":[[37.7914179,55.7525624],[37.7915323,55.7523573],[37.7915432,55.7523391],[37.7915881,55.7522658],[37.7916258,55.7522312],[37.7916979,55.7521902],[37.7918602,55.7521358],[37.7919274,55.7521245],[37.79203,55.7521217],[37.7920546,55.7521227],[37.7922634,55.7521315],[37.7926018,55.7521978]]},"properties":{"segmentId":"osm-rel:1284062:way:1296075014:181","routeId":"osm-rel:1284062","routeName":"Трамвай т2: Метро «Чертановская» => МЦД Новогиреево","routeRef":"т2","relationId":1284062,"fromStopId":"osm:14165260525","toStopId":"osm:496988723","sequence":181,"osmWayId":1296075014}},{"type":"Feature","geometry":{"type":"LineString","coordinates":[[37.7926018,55.7521978],[37.7927733,55.7522296],[37.7930707,55.7522875],[37.7976204,55.753192],[37.7981673,55.7533007],[37.7983274,55.7533319],[37.7985406,55.7533714],[37.7999594,55.753627]]},"properties":{"segmentId":"osm-rel:1284062:way:1296075015:182","routeId":"osm-rel:1284062","routeName":"Трамвай т2: Метро «Чертановская» => МЦД Новогиреево","routeRef":"т2","relationId":1284062,"fromStopId":"osm:496988723","toStopId":"osm:12009800926","sequence":182,"osmWayId":1296075015}},{"type":"Feature","geometry":{"type":"LineString","coordinates":[[37.7999594,55.753627],[37.80037,55.753701],[37.8005977,55.7537262],[37.800824,55.7537451],[37.8012002,55.7537459],[37.8015087,55.7537323],[37.8017563,55.7536989]]},"properties":{"segmentId":"osm-rel:1284062:way:1296075017:183","routeId":"osm-rel:1284062","routeName":"Трамвай т2: Метро «Чертановская» => МЦД Новогиреево","routeRef":"т2","relationId":1284062,"fromStopId":"osm:12009800926","toStopId":"osm:12009800928","sequence":183,"osmWayId":1296075017}},{"type":"Feature","geometry":{"type":"LineString","coordinates":[[37.8017563,55.7536989],[37.8028828,55.7535471],[37.8032085,55.7535012],[37.8033784,55.7534786],[37.8035978,55.7534495],[37.8039481,55.7533997],[37.8043864,55.7533369],[37.8054473,55.7531832],[37.8064215,55.7530421],[37.8076199,55.7528688],[37.8078264,55.7528374],[37.8078683,55.7528313],[37.8081007,55.7527975],[37.8093485,55.7526135],[37.8101214,55.7525036],[37.8114596,55.7523121],[37.8124719,55.7521665],[37.8125841,55.7521511],[37.813052,55.7520869],[37.8141,55.7519431],[37.814729,55.7518568],[37.8157641,55.7517176]]},"properties":{"segmentId":"osm-rel:1284062:way:69688341:184","routeId":"osm-rel:1284062","routeName":"Трамвай т2: Метро «Чертановская» => МЦД Новогиреево","routeRef":"т2","relationId":1284062,"fromStopId":"osm:12009800928","toStopId":"osm:3446041589","sequence":184,"osmWayId":69688341}},{"type":"Feature","geometry":{"type":"LineString","coordinates":[[37.8157641,55.7517176],[37.8167666,55.7515712],[37.8169309,55.7515472],[37.8172903,55.7514954],[37.8175016,55.7514664],[37.81796,55.7514036],[37.818264,55.751362],[37.8186448,55.7513099]]},"properties":{"segmentId":"osm-rel:1284062:way:337528404:185","routeId":"osm-rel:1284062","routeName":"Трамвай т2: Метро «Чертановская» => МЦД Новогиреево","routeRef":"т2","relationId":1284062,"fromStopId":"osm:3446041589","toStopId":"osm:12009800930","sequence":185,"osmWayId":337528404}},{"type":"Feature","geometry":{"type":"LineString","coordinates":[[37.8186448,55.7513099],[37.8187674,55.7512932],[37.818927,55.7512643],[37.8190152,55.7512387],[37.8190854,55.7512],[37.8191179,55.7511709],[37.8191331,55.7511573],[37.819162,55.751109],[37.8191614,55.7510626],[37.8191368,55.7510109]]},"properties":{"segmentId":"osm-rel:1284062:way:1296075019:186","routeId":"osm-rel:1284062","routeName":"Трамвай т2: Метро «Чертановская» => МЦД Новогиреево","routeRef":"т2","relationId":1284062,"fromStopId":"osm:12009800930","toStopId":"osm:601151350","sequence":186,"osmWayId":1296075019}},{"type":"Feature","geometry":{"type":"LineString","coordinates":[[37.8191368,55.7510109],[37.8190424,55.7508049],[37.8182347,55.7490704],[37.818212,55.7490195],[37.8179812,55.7484488],[37.8179514,55.7483789],[37.8176719,55.7477336]]},"properties":{"segmentId":"osm-rel:1284062:way:47158002:187","routeId":"osm-rel:1284062","routeName":"Трамвай т2: Метро «Чертановская» => МЦД Новогиреево","routeRef":"т2","relationId":1284062,"fromStopId":"osm:601151350","toStopId":"osm:10881867476","sequence":187,"osmWayId":47158002}},{"type":"Feature","geometry":{"type":"LineString","coordinates":[[37.8176719,55.7477336],[37.8174153,55.7470862],[37.8173689,55.7469758],[37.8173534,55.7469392],[37.8172498,55.7466931]]},"properties":{"segmentId":"osm-rel:1284062:way:1296075025:188","routeId":"osm-rel:1284062","routeName":"Трамвай т2: Метро «Чертановская» => МЦД Новогиреево","routeRef":"т2","relationId":1284062,"fromStopId":"osm:10881867476","toStopId":"osm:12009800935","sequence":188,"osmWayId":1296075025}},{"type":"Feature","geometry":{"type":"LineString","coordinates":[[37.8172498,55.7466931],[37.8169848,55.7460635],[37.8169531,55.7459916],[37.8167466,55.7454772],[37.8167305,55.7454401]]},"properties":{"segmentId":"osm-rel:1284062:way:1296075022:189","routeId":"osm-rel:1284062","routeName":"Трамвай т2: Метро «Чертановская» => МЦД Новогиреево","routeRef":"т2","relationId":1284062,"fromStopId":"osm:12009800935","toStopId":"osm:376306826","sequence":189,"osmWayId":1296075022}},{"type":"Feature","geometry":{"type":"LineString","coordinates":[[37.8167305,55.7454401],[37.8166709,55.7453624],[37.8166307,55.7453237],[37.8165503,55.7452847],[37.8165308,55.7452786],[37.8162498,55.7451905]]},"properties":{"segmentId":"osm-rel:1284062:way:465506615:190","routeId":"osm-rel:1284062","routeName":"Трамвай т2: Метро «Чертановская» => МЦД Новогиреево","routeRef":"т2","relationId":1284062,"fromStopId":"osm:376306826","toStopId":"osm:705055793","sequence":190,"osmWayId":465506615}},{"type":"Feature","geometry":{"type":"LineString","coordinates":[[37.8168805,55.7456055],[37.8167419,55.7452382]]},"properties":{"segmentId":"osm-rel:1343391:way:1150757494:0","routeId":"osm-rel:1343391","routeName":"Трамвай т2: МЦД Новогиреево => Метро «Чертановская»","routeRef":"т2","relationId":1343391,"fromStopId":"osm:10704792876","toStopId":"osm:10704792875","sequence":0,"osmWayId":1150757494}},{"type":"Feature","geometry":{"type":"LineString","coordinates":[[37.6044081,55.6441394],[37.6044081,55.6437496]]},"properties":{"segmentId":"osm-rel:1343391:way:1168296298:1","routeId":"osm-rel:1343391","routeName":"Трамвай т2: МЦД Новогиреево => Метро «Чертановская»","routeRef":"т2","relationId":1343391,"fromStopId":"osm:10865222524","toStopId":"osm:10865222523","sequence":1,"osmWayId":1168296298}},{"type":"Feature","geometry":{"type":"LineString","coordinates":[[37.8167798,55.7454178],[37.8169298,55.7457992],[37.8170307,55.7460555]]},"properties":{"segmentId":"osm-rel:1343391:way:1296075026:2","routeId":"osm-rel:1343391","routeName":"Трамвай т2: МЦД Новогиреево => Метро «Чертановская»","routeRef":"т2","relationId":1343391,"fromStopId":"osm:705055372","toStopId":"osm:3446041608","sequence":2,"osmWayId":1296075026}},{"type":"Feature","geometry":{"type":"LineString","coordinates":[[37.8170307,55.7460555],[37.8173081,55.7466859]]},"properties":{"segmentId":"osm-rel:1343391:way:1296075023:3","routeId":"osm-rel:1343391","routeName":"Трамвай т2: МЦД Новогиреево => Метро «Чертановская»","routeRef":"т2","relationId":1343391,"fromStopId":"osm:3446041608","toStopId":"osm:12009800934","sequence":3,"osmWayId":1296075023}},{"type":"Feature","geometry":{"type":"LineString","coordinates":[[37.8173081,55.7466859],[37.8174163,55.7469318],[37.8174318,55.7469671],[37.817602,55.7473746],[37.8177424,55.7477177]]},"properties":{"segmentId":"osm-rel:1343391:way:1296075024:4","routeId":"osm-rel:1343391","routeName":"Трамвай т2: МЦД Новогиреево => Метро «Чертановская»","routeRef":"т2","relationId":1343391,"fromStopId":"osm:12009800934","toStopId":"osm:12009800933","sequence":4,"osmWayId":1296075024}},{"type":"Feature","geometry":{"type":"LineString","coordinates":[[37.8177424,55.7477177],[37.8179193,55.7481502],[37.8180382,55.7484396],[37.8182782,55.7490084],[37.8182995,55.7490588],[37.8184724,55.7494247],[37.8185077,55.7495038],[37.8189373,55.7504196],[37.8191129,55.7507957],[37.8191776,55.750936]]},"properties":{"segmentId":"osm-rel:1343391:way:1296075020:5","routeId":"osm-rel:1343391","routeName":"Трамвай т2: МЦД Новогиреево => Метро «Чертановская»","routeRef":"т2","relationId":1343391,"fromStopId":"osm:12009800933","toStopId":"osm:12009800932","sequence":5,"osmWayId":1296075020}},{"type":"Feature","geometry":{"type":"LineString","coordinates":[[37.8191776,55.750936],[37.8192077,55.7510007],[37.819224,55.7510465],[37.819226,55.7511003],[37.8192152,55.7511556],[37.8191548,55.7512158],[37.8191,55.751249],[37.819041,55.751273],[37.8189516,55.7512959],[37.8186471,55.7513395]]},"properties":{"segmentId":"osm-rel:1343391:way:1296075021:6","routeId":"osm-rel:1343391","routeName":"Трамвай т2: МЦД Новогиреево => Метро «Чертановская»","routeRef":"т2","relationId":1343391,"fromStopId":"osm:12009800932","toStopId":"osm:12009800931","sequence":6,"osmWayId":1296075021}},{"type":"Feature","geometry":{"type":"LineString","coordinates":[[37.8186471,55.7513395],[37.8182726,55.7513931],[37.818079,55.7514209],[37.817973,55.7514361],[37.8175167,55.7515015],[37.817306,55.7515317],[37.8169473,55.7515839],[37.8167807,55.7516081],[37.8157763,55.7517542],[37.8147527,55.7518877],[37.8141158,55.751976],[37.8135257,55.7520578],[37.8126017,55.7521848],[37.8124868,55.7522006],[37.8114706,55.7523407],[37.8112435,55.7523715],[37.8101326,55.7525348],[37.8093612,55.7526452],[37.8081168,55.7528262],[37.8078821,55.7528615],[37.8078398,55.7528679],[37.8064348,55.7530704],[37.8054598,55.7532119],[37.8052193,55.7532468],[37.8043962,55.7533647],[37.8038276,55.7534462],[37.8036074,55.7534777],[37.8033989,55.7535076],[37.8032228,55.7535328],[37.8030381,55.7535593],[37.8029034,55.7535786],[37.8017805,55.7537417]]},"properties":{"segmentId":"osm-rel:1343391:way:337528403:7","routeId":"osm-rel:1343391","routeName":"Трамвай т2: МЦД Новогиреево => Метро «Чертановская»","routeRef":"т2","relationId":1343391,"fromStopId":"osm:12009800931","toStopId":"osm:12009800929","sequence":7,"osmWayId":337528403}},{"type":"Feature","geometry":{"type":"LineString","coordinates":[[37.8017805,55.7537417],[37.801573,55.7537718],[37.8011955,55.7537925],[37.8009049,55.7537951],[37.8006128,55.7537797],[37.8002748,55.7537355],[37.7999141,55.7536683]]},"properties":{"segmentId":"osm-rel:1343391:way:1296075018:8","routeId":"osm-rel:1343391","routeName":"Трамвай т2: МЦД Новогиреево => Метро «Чертановская»","routeRef":"т2","relationId":1343391,"fromStopId":"osm:12009800929","toStopId":"osm:12009800927","sequence":8,"osmWayId":1296075018}},{"type":"Feature","geometry":{"type":"LineString","coordinates":[[37.7999141,55.7536683],[37.7987192,55.7534456],[37.7985204,55.7534087],[37.798307,55.7533674],[37.7981445,55.7533361],[37.7930518,55.7523175],[37.792581,55.752229]]},"properties":{"segmentId":"osm-rel:1343391:way:1296075016:9","routeId":"osm-rel:1343391","routeName":"Трамвай т2: МЦД Новогиреево => Метро «Чертановская»","routeRef":"т2","relationId":1343391,"fromStopId":"osm:12009800927","toStopId":"osm:255743891","sequence":9,"osmWayId":1296075016}},{"type":"Feature","geometry":{"type":"LineString","coordinates":[[37.792581,55.752229],[37.7922716,55.7521681],[37.7921659,55.7521567],[37.7920533,55.7521514],[37.7920195,55.7521498],[37.7918813,55.7521681],[37.7917529,55.7522086],[37.7917089,55.752236],[37.7916526,55.7522806],[37.7916132,55.7523519],[37.7916032,55.7523701],[37.7914869,55.7525799]]},"properties":{"segmentId":"osm-rel:1343391:way:1296075013:10","routeId":"osm-rel:1343391","routeName":"Трамвай т2: МЦД Новогиреево => Метро «Чертановская»","routeRef":"т2","relationId":1343391,"fromStopId":"osm:255743891","toStopId":"osm:3446041566","sequence":10,"osmWayId":1296075013}},{"type":"Feature","geometry":{"type":"LineString","coordinates":[[37.7914869,55.7525799],[37.7912388,55.7530049],[37.7911129,55.7532205],[37.7904855,55.754305],[37.7897972,55.7554823],[37.7894501,55.7560757],[37.7894325,55.7561072],[37.7894201,55.7561294],[37.7893862,55.7561898],[37.7893331,55.7562796],[37.7893137,55.7563125],[37.7892428,55.7564326],[37.7890366,55.7567939],[37.7884503,55.7578209],[37.7881329,55.7583771],[37.7880394,55.7585268],[37.7880238,55.7585518],[37.7879839,55.7586156],[37.7879338,55.7586958],[37.7879229,55.7587133],[37.7878443,55.7588392],[37.7875429,55.7593293],[37.7867573,55.760607],[37.7867282,55.7606543],[37.7866745,55.7607443],[37.7863963,55.7612107],[37.7862916,55.7613861],[37.785951,55.7619295],[37.7854791,55.7627151],[37.7849942,55.7635225],[37.7849628,55.7635791],[37.7849153,55.76366],[37.7848907,55.7637004],[37.7844763,55.7643764],[37.7844648,55.7643952],[37.7843751,55.7645416],[37.7843026,55.764664]]},"properties":{"segmentId":"osm-rel:1343391:way:1296075012:11","routeId":"osm-rel:1343391","routeName":"Трамвай т2: МЦД Новогиреево => Метро «Чертановская»","routeRef":"т2","relationId":1343391,"fromStopId":"osm:3446041566","toStopId":"osm:3446041556","sequence":11,"osmWayId":1296075012}},{"type":"Feature","geometry":{"type":"LineString","coordinates":[[37.7843026,55.764664],[37.7842512,55.7647455],[37.7841836,55.764853],[37.7841778,55.764862],[37.784154,55.7648989],[37.7841294,55.7649302],[37.7841156,55.7649427],[37.7841005,55.7649563],[37.784071,55.7649776],[37.7840429,55.7649942],[37.7840159,55.7650067],[37.7839786,55.7650191],[37.7839257,55.7650331],[37.7837896,55.7650699],[37.7837393,55.7650826],[37.7836774,55.7650976],[37.7836246,55.7651099]]},"properties":{"segmentId":"osm-rel:1343391:way:1514876977:12","routeId":"osm-rel:1343391","routeName":"Трамвай т2: МЦД Новогиреево => Метро «Чертановская»","routeRef":"т2","relationId":1343391,"fromStopId":"osm:3446041556","toStopId":"osm:9010315706","sequence":12,"osmWayId":1514876977}},{"type":"Feature","geometry":{"type":"LineString","coordinates":[[37.7836246,55.7651099],[37.7835498,55.765128],[37.7833349,55.7651755],[37.7832427,55.7651961],[37.7831383,55.7652074],[37.7830627,55.7652072],[37.7829541,55.7651931],[37.7828635,55.765171],[37.7827854,55.7651372],[37.7827251,55.7650988],[37.7826542,55.7650466],[37.7825547,55.7649756]]},"properties":{"segmentId":"osm-rel:1343391:way:1296075009:13","routeId":"osm-rel:1343391","routeName":"Трамвай т2: МЦД Новогиреево => Метро «Чертановская»","routeRef":"т2","relationId":1343391,"fromStopId":"osm:9010315706","toStopId":"osm:12009800924","sequence":13,"osmWayId":1296075009}},{"type":"Feature","geometry":{"type":"LineString","coordinates":[[37.7825547,55.7649756],[37.7819653,55.7645399]]},"properties":{"segmentId":"osm-rel:1343391:way:1296075008:14","routeId":"osm-rel:1343391","routeName":"Трамвай т2: МЦД Новогиреево => Метро «Чертановская»","routeRef":"т2","relationId":1343391,"fromStopId":"osm:12009800924","toStopId":"osm:12009800923","sequence":14,"osmWayId":1296075008}},{"type":"Feature","geometry":{"type":"LineString","coordinates":[[37.7819653,55.7645399],[37.7818976,55.7644923],[37.7817987,55.7644235],[37.7817205,55.7643786],[37.7816717,55.7643533],[37.781626,55.7643286],[37.7815869,55.7643142],[37.7815242,55.7642934]]},"properties":{"segmentId":"osm-rel:1343391:way:1296075006:15","routeId":"osm-rel:1343391","routeName":"Трамвай т2: МЦД Новогиреево => Метро «Чертановская»","routeRef":"т2","relationId":1343391,"fromStopId":"osm:12009800923","toStopId":"osm:60906265","sequence":15,"osmWayId":1296075006}},{"type":"Feature","geometry":{"type":"LineString","coordinates":[[37.7815242,55.7642934],[37.7805365,55.764085],[37.7780738,55.7636124],[37.7748306,55.762955]]},"properties":{"segmentId":"osm-rel:1343391:way:1296074998:16","routeId":"osm-rel:1343391","routeName":"Трамвай т2: МЦД Новогиреево => Метро «Чертановская»","routeRef":"т2","relationId":1343391,"fromStopId":"osm:60906265","toStopId":"osm:12009800920","sequence":16,"osmWayId":1296074998}},{"type":"Feature","geometry":{"type":"LineString","coordinates":[[37.7748306,55.762955],[37.7736182,55.7627183]]},"properties":{"segmentId":"osm-rel:1343391:way:1296075002:17","routeId":"osm-rel:1343391","routeName":"Трамвай т2: МЦД Новогиреево => Метро «Чертановская»","routeRef":"т2","relationId":1343391,"fromStopId":"osm:12009800920","toStopId":"osm:496984841","sequence":17,"osmWayId":1296075002}},{"type":"Feature","geometry":{"type":"LineString","coordinates":[[37.7736182,55.7627183],[37.7733979,55.7626758],[37.7722303,55.7624448]]},"properties":{"segmentId":"osm-rel:1343391:way:1296075000:18","routeId":"osm-rel:1343391","routeName":"Трамвай т2: МЦД Новогиреево => Метро «Чертановская»","routeRef":"т2","relationId":1343391,"fromStopId":"osm:496984841","toStopId":"osm:9027064531","sequence":18,"osmWayId":1296075000}},{"type":"Feature","geometry":{"type":"LineString","coordinates":[[37.7722303,55.7624448],[37.7704711,55.7620867],[37.7697649,55.7619589],[37.769496,55.7619074],[37.7689284,55.7617984],[37.7636132,55.760778],[37.7586627,55.7598469],[37.7566912,55.7594667],[37.7540129,55.7589598],[37.7536615,55.7588941],[37.752994,55.7587629],[37.7520138,55.7585703]]},"properties":{"segmentId":"osm-rel:1343391:way:337528397:19","routeId":"osm-rel:1343391","routeName":"Трамвай т2: МЦД Новогиреево => Метро «Чертановская»","routeRef":"т2","relationId":1343391,"fromStopId":"osm:9027064531","toStopId":"osm:695657536","sequence":19,"osmWayId":337528397}},{"type":"Feature","geometry":{"type":"LineString","coordinates":[[37.7520138,55.7585703],[37.751148,55.7584001],[37.7508056,55.7583461]]},"properties":{"segmentId":"osm-rel:1343391:way:1296074996:20","routeId":"osm-rel:1343391","routeName":"Трамвай т2: МЦД Новогиреево => Метро «Чертановская»","routeRef":"т2","relationId":1343391,"fromStopId":"osm:695657536","toStopId":"osm:3446041527","sequence":20,"osmWayId":1296074996}},{"type":"Feature","geometry":{"type":"LineString","coordinates":[[37.7508056,55.7583461],[37.7505588,55.7583278],[37.7499243,55.7583054],[37.7495678,55.7582922]]},"properties":{"segmentId":"osm-rel:1343391:way:1296074994:21","routeId":"osm-rel:1343391","routeName":"Трамвай т2: МЦД Новогиреево => Метро «Чертановская»","routeRef":"т2","relationId":1343391,"fromStopId":"osm:3446041527","toStopId":"osm:3446041526","sequence":21,"osmWayId":1296074994}},{"type":"Feature","geometry":{"type":"LineString","coordinates":[[37.7495678,55.7582922],[37.7492461,55.7582763],[37.7490366,55.7582739],[37.7488562,55.7583146],[37.748714,55.7583575],[37.7486044,55.7584126],[37.748521,55.7584844],[37.7484655,55.758554],[37.7484391,55.7586229],[37.7484158,55.7587498],[37.7484119,55.7590199],[37.7484222,55.7592522],[37.7483951,55.7593216],[37.7482475,55.7594062],[37.7481119,55.7594365],[37.7478909,55.7594755],[37.7476734,55.7594813],[37.74751,55.7594786],[37.747293,55.7594535],[37.7471452,55.7593971],[37.7470326,55.7593156],[37.7469451,55.759173],[37.7469416,55.7590513]]},"properties":{"segmentId":"osm-rel:1343391:way:337528398:22","routeId":"osm-rel:1343391","routeName":"Трамвай т2: МЦД Новогиреево => Метро «Чертановская»","routeRef":"т2","relationId":1343391,"fromStopId":"osm:3446041526","toStopId":"osm:12009800916","sequence":22,"osmWayId":337528398}},{"type":"Feature","geometry":{"type":"LineString","coordinates":[[37.7469416,55.7590513],[37.7469123,55.7580395]]},"properties":{"segmentId":"osm-rel:1343391:way:1296074993:23","routeId":"osm-rel:1343391","routeName":"Трамвай т2: МЦД Новогиреево => Метро «Чертановская»","routeRef":"т2","relationId":1343391,"fromStopId":"osm:12009800916","toStopId":"osm:12009800914","sequence":23,"osmWayId":1296074993}},{"type":"Feature","geometry":{"type":"LineString","coordinates":[[37.7469123,55.7580395],[37.7469104,55.7579731],[37.7468681,55.7578752],[37.7468198,55.7578118],[37.7467286,55.7577696],[37.7464946,55.7577256]]},"properties":{"segmentId":"osm-rel:1343391:way:1296074991:24","routeId":"osm-rel:1343391","routeName":"Трамвай т2: МЦД Новогиреево => Метро «Чертановская»","routeRef":"т2","relationId":1343391,"fromStopId":"osm:12009800914","toStopId":"osm:12009800912","sequence":24,"osmWayId":1296074991}},{"type":"Feature","geometry":{"type":"LineString","coordinates":[[37.7464946,55.7577256],[37.7457313,55.7575819]]},"properties":{"segmentId":"osm-rel:1343391:way:1296074989:25","routeId":"osm-rel:1343391","routeName":"Трамвай т2: МЦД Новогиреево => Метро «Чертановская»","routeRef":"т2","relationId":1343391,"fromStopId":"osm:12009800912","toStopId":"osm:3574239695","sequence":25,"osmWayId":1296074989}},{"type":"Feature","geometry":{"type":"LineString","coordinates":[[37.7457313,55.7575819],[37.7455183,55.7575222],[37.7454825,55.7575049],[37.7452777,55.7574016]]},"properties":{"segmentId":"osm-rel:1343391:way:1296074987:26","routeId":"osm-rel:1343391","routeName":"Трамвай т2: МЦД Новогиреево => Метро «Чертановская»","routeRef":"т2","relationId":1343391,"fromStopId":"osm:3574239695","toStopId":"osm:12009800909","sequence":26,"osmWayId":1296074987}},{"type":"Feature","geometry":{"type":"LineString","coordinates":[[37.7452777,55.7574016],[37.7451515,55.7573379],[37.7448698,55.7572564],[37.7446683,55.7572162]]},"properties":{"segmentId":"osm-rel:1343391:way:1296074985:27","routeId":"osm-rel:1343391","routeName":"Трамвай т2: МЦД Новогиреево => Метро «Чертановская»","routeRef":"т2","relationId":1343391,"fromStopId":"osm:12009800909","toStopId":"osm:12009800907","sequence":27,"osmWayId":1296074985}},{"type":"Feature","geometry":{"type":"LineString","coordinates":[[37.7446683,55.7572162],[37.7423794,55.7567591]]},"properties":{"segmentId":"osm-rel:1343391:way:1296074983:28","routeId":"osm-rel:1343391","routeName":"Трамвай т2: МЦД Новогиреево => Метро «Чертановская»","routeRef":"т2","relationId":1343391,"fromStopId":"osm:12009800907","toStopId":"osm:3446041502","sequence":28,"osmWayId":1296074983}},{"type":"Feature","geometry":{"type":"LineString","coordinates":[[37.7423794,55.7567591],[37.7410598,55.756483],[37.7409811,55.7564657]]},"properties":{"segmentId":"osm-rel:1343391:way:1296074981:29","routeId":"osm-rel:1343391","routeName":"Трамвай т2: МЦД Новогиреево => Метро «Чертановская»","routeRef":"т2","relationId":1343391,"fromStopId":"osm:3446041502","toStopId":"osm:3446039478","sequence":29,"osmWayId":1296074981}},{"type":"Feature","geometry":{"type":"LineString","coordinates":[[37.7409811,55.7564657],[37.740841,55.7564361],[37.7406202,55.7563876],[37.7403707,55.7563306],[37.740156,55.756288]]},"properties":{"segmentId":"osm-rel:1343391:way:337528395:30","routeId":"osm-rel:1343391","routeName":"Трамвай т2: МЦД Новогиреево => Метро «Чертановская»","routeRef":"т2","relationId":1343391,"fromStopId":"osm:3446039478","toStopId":"osm:3446039475","sequence":30,"osmWayId":337528395}},{"type":"Feature","geometry":{"type":"LineString","coordinates":[[37.740156,55.756288],[37.7383274,55.7558966]]},"properties":{"segmentId":"osm-rel:1343391:way:755174831:31","routeId":"osm-rel:1343391","routeName":"Трамвай т2: МЦД Новогиреево => Метро «Чертановская»","routeRef":"т2","relationId":1343391,"fromStopId":"osm:3446039475","toStopId":"osm:12009252146","sequence":31,"osmWayId":755174831}},{"type":"Feature","geometry":{"type":"LineString","coordinates":[[37.7383274,55.7558966],[37.7375763,55.7557358],[37.7366443,55.7555463]]},"properties":{"segmentId":"osm-rel:1343391:way:1296013630:32","routeId":"osm-rel:1343391","routeName":"Трамвай т2: МЦД Новогиреево => Метро «Чертановская»","routeRef":"т2","relationId":1343391,"fromStopId":"osm:12009252146","toStopId":"osm:4459718840","sequence":32,"osmWayId":1296013630}},{"type":"Feature","geometry":{"type":"LineString","coordinates":[[37.7366443,55.7555463],[37.7341097,55.7550275]]},"properties":{"segmentId":"osm-rel:1343391:way:1296013628:33","routeId":"osm-rel:1343391","routeName":"Трамвай т2: МЦД Новогиреево => Метро «Чертановская»","routeRef":"т2","relationId":1343391,"fromStopId":"osm:4459718840","toStopId":"osm:3446039469","sequence":33,"osmWayId":1296013628}},{"type":"Feature","geometry":{"type":"LineString","coordinates":[[37.7341097,55.7550275],[37.7323038,55.7546733]]},"properties":{"segmentId":"osm-rel:1343391:way:337530710:34","routeId":"osm-rel:1343391","routeName":"Трамвай т2: МЦД Новогиреево => Метро «Чертановская»","routeRef":"т2","relationId":1343391,"fromStopId":"osm:3446039469","toStopId":"osm:3446058007","sequence":34,"osmWayId":337530710}},{"type":"Feature","geometry":{"type":"LineString","coordinates":[[37.7323038,55.7546733],[37.7279837,55.7538322],[37.7270045,55.7536459],[37.7263431,55.7535192],[37.7253879,55.7533362]]},"properties":{"segmentId":"osm-rel:1343391:way:495568925:35","routeId":"osm-rel:1343391","routeName":"Трамвай т2: МЦД Новогиреево => Метро «Чертановская»","routeRef":"т2","relationId":1343391,"fromStopId":"osm:3446058007","toStopId":"osm:4869482701","sequence":35,"osmWayId":495568925}},{"type":"Feature","geometry":{"type":"LineString","coordinates":[[37.7253879,55.7533362],[37.7238732,55.7530488]]},"properties":{"segmentId":"osm-rel:1343391:way:495568923:36","routeId":"osm-rel:1343391","routeName":"Трамвай т2: МЦД Новогиреево => Метро «Чертановская»","routeRef":"т2","relationId":1343391,"fromStopId":"osm:4869482701","toStopId":"osm:800886899","sequence":36,"osmWayId":495568923}},{"type":"Feature","geometry":{"type":"LineString","coordinates":[[37.7238732,55.7530488],[37.7237483,55.7530247],[37.7219921,55.7526727],[37.7217362,55.7526265]]},"properties":{"segmentId":"osm-rel:1343391:way:337530708:37","routeId":"osm-rel:1343391","routeName":"Трамвай т2: МЦД Новогиреево => Метро «Чертановская»","routeRef":"т2","relationId":1343391,"fromStopId":"osm:800886899","toStopId":"osm:3957679866","sequence":37,"osmWayId":337530708}},{"type":"Feature","geometry":{"type":"LineString","coordinates":[[37.7217362,55.7526265],[37.7215119,55.752586]]},"properties":{"segmentId":"osm-rel:1343391:way:1296013626:38","routeId":"osm-rel:1343391","routeName":"Трамвай т2: МЦД Новогиреево => Метро «Чертановская»","routeRef":"т2","relationId":1343391,"fromStopId":"osm:3957679866","toStopId":"osm:1628043001","sequence":38,"osmWayId":1296013626}},{"type":"Feature","geometry":{"type":"LineString","coordinates":[[37.7215119,55.752586],[37.7205977,55.7524097],[37.7194193,55.7521825]]},"properties":{"segmentId":"osm-rel:1343391:way:149858849:39","routeId":"osm-rel:1343391","routeName":"Трамвай т2: МЦД Новогиреево => Метро «Чертановская»","routeRef":"т2","relationId":1343391,"fromStopId":"osm:1628043001","toStopId":"osm:12009252143","sequence":39,"osmWayId":149858849}},{"type":"Feature","geometry":{"type":"LineString","coordinates":[[37.7194193,55.7521825],[37.719056,55.7521124],[37.7177237,55.7518332]]},"properties":{"segmentId":"osm-rel:1343391:way:1296013624:40","routeId":"osm-rel:1343391","routeName":"Трамвай т2: МЦД Новогиреево => Метро «Чертановская»","routeRef":"т2","relationId":1343391,"fromStopId":"osm:12009252143","toStopId":"osm:1628042987","sequence":40,"osmWayId":1296013624}},{"type":"Feature","geometry":{"type":"LineString","coordinates":[[37.7177237,55.7518332],[37.7175733,55.7517981]]},"properties":{"segmentId":"osm-rel:1343391:way:149858844:41","routeId":"osm-rel:1343391","routeName":"Трамвай т2: МЦД Новогиреево => Метро «Чертановская»","routeRef":"т2","relationId":1343391,"fromStopId":"osm:1628042987","toStopId":"osm:1628042984","sequence":41,"osmWayId":149858844}},{"type":"Feature","geometry":{"type":"LineString","coordinates":[[37.7175733,55.7517981],[37.7173863,55.7517663],[37.7173374,55.7517577],[37.7172409,55.7517422]]},"properties":{"segmentId":"osm-rel:1343391:way:1293616233:42","routeId":"osm-rel:1343391","routeName":"Трамвай т2: МЦД Новогиреево => Метро «Чертановская»","routeRef":"т2","relationId":1343391,"fromStopId":"osm:1628042984","toStopId":"osm:1628042972","sequence":42,"osmWayId":1293616233}},{"type":"Feature","geometry":{"type":"LineString","coordinates":[[37.7172409,55.7517422],[37.7171636,55.7517312],[37.7171077,55.7517246],[37.7170694,55.75172],[37.7168283,55.7516946],[37.7167207,55.7516815],[37.7166255,55.7516671],[37.7164933,55.7516444]]},"properties":{"segmentId":"osm-rel:1343391:way:1293616235:43","routeId":"osm-rel:1343391","routeName":"Трамвай т2: МЦД Новогиреево => Метро «Чертановская»","routeRef":"т2","relationId":1343391,"fromStopId":"osm:1628042972","toStopId":"osm:1628042958","sequence":43,"osmWayId":1293616235}},{"type":"Feature","geometry":{"type":"LineString","coordinates":[[37.7164933,55.7516444],[37.7157334,55.7515035]]},"properties":{"segmentId":"osm-rel:1343391:way:1293616236:44","routeId":"osm-rel:1343391","routeName":"Трамвай т2: МЦД Новогиреево => Метро «Чертановская»","routeRef":"т2","relationId":1343391,"fromStopId":"osm:1628042958","toStopId":"osm:800886916","sequence":44,"osmWayId":1293616236}},{"type":"Feature","geometry":{"type":"LineString","coordinates":[[37.7157334,55.7515035],[37.7155891,55.7514718],[37.7154763,55.7514438],[37.7153568,55.7514096],[37.7150434,55.7513169],[37.7149332,55.7512867],[37.7148314,55.7512611],[37.7146961,55.7512319]]},"properties":{"segmentId":"osm-rel:1343391:way:244580719:45","routeId":"osm-rel:1343391","routeName":"Трамвай т2: МЦД Новогиреево => Метро «Чертановская»","routeRef":"т2","relationId":1343391,"fromStopId":"osm:800886916","toStopId":"osm:1628042938","sequence":45,"osmWayId":244580719}},{"type":"Feature","geometry":{"type":"LineString","coordinates":[[37.7146961,55.7512319],[37.7140134,55.7511025],[37.7136652,55.7510365]]},"properties":{"segmentId":"osm-rel:1343391:way:1293616239:46","routeId":"osm-rel:1343391","routeName":"Трамвай т2: МЦД Новогиреево => Метро «Чертановская»","routeRef":"т2","relationId":1343391,"fromStopId":"osm:1628042938","toStopId":"osm:1643202262","sequence":46,"osmWayId":1293616239}},{"type":"Feature","geometry":{"type":"LineString","coordinates":[[37.7136652,55.7510365],[37.7134968,55.7510344],[37.7134723,55.7510405],[37.7134156,55.7510525],[37.713321,55.7510976],[37.7132597,55.75114],[37.7131952,55.751185]]},"properties":{"segmentId":"osm-rel:1343391:way:23185185:47","routeId":"osm-rel:1343391","routeName":"Трамвай т2: МЦД Новогиреево => Метро «Чертановская»","routeRef":"т2","relationId":1343391,"fromStopId":"osm:1643202262","toStopId":"osm:250728387","sequence":47,"osmWayId":23185185}},{"type":"Feature","geometry":{"type":"LineString","coordinates":[[37.7131952,55.751185],[37.7131301,55.7513188],[37.7128773,55.7517277],[37.7128275,55.7518082],[37.7124615,55.7524107],[37.7122351,55.7528092]]},"properties":{"segmentId":"osm-rel:1343391:way:151506840:48","routeId":"osm-rel:1343391","routeName":"Трамвай т2: МЦД Новогиреево => Метро «Чертановская»","routeRef":"т2","relationId":1343391,"fromStopId":"osm:250728387","toStopId":"osm:1507754605","sequence":48,"osmWayId":151506840}},{"type":"Feature","geometry":{"type":"LineString","coordinates":[[37.7122351,55.7528092],[37.7121781,55.7529079],[37.7121483,55.7529555],[37.7121171,55.7530055],[37.7120899,55.75303],[37.712076,55.7530425],[37.7120642,55.7530531],[37.7119735,55.7530967],[37.7118957,55.7531281],[37.7117895,55.7531651]]},"properties":{"segmentId":"osm-rel:1343391:way:137462743:49","routeId":"osm-rel:1343391","routeName":"Трамвай т2: МЦД Новогиреево => Метро «Чертановская»","routeRef":"т2","relationId":1343391,"fromStopId":"osm:1507754605","toStopId":"osm:1507754648","sequence":49,"osmWayId":137462743}},{"type":"Feature","geometry":{"type":"LineString","coordinates":[[37.7117895,55.7531651],[37.7116101,55.7532168],[37.7106767,55.7535376],[37.7104478,55.7536196],[37.7094129,55.7539903],[37.7087173,55.7542282],[37.7081863,55.7544111],[37.7079994,55.7544741]]},"properties":{"segmentId":"osm-rel:1343391:way:1293616226:50","routeId":"osm-rel:1343391","routeName":"Трамвай т2: МЦД Новогиреево => Метро «Чертановская»","routeRef":"т2","relationId":1343391,"fromStopId":"osm:1507754648","toStopId":"osm:11991735611","sequence":50,"osmWayId":1293616226}},{"type":"Feature","geometry":{"type":"LineString","coordinates":[[37.7079994,55.7544741],[37.7077575,55.7545556],[37.7068932,55.7548569],[37.7065868,55.7549579]]},"properties":{"segmentId":"osm-rel:1343391:way:1293616227:51","routeId":"osm-rel:1343391","routeName":"Трамвай т2: МЦД Новогиреево => Метро «Чертановская»","routeRef":"т2","relationId":1343391,"fromStopId":"osm:11991735611","toStopId":"osm:11991735612","sequence":51,"osmWayId":1293616227}},{"type":"Feature","geometry":{"type":"LineString","coordinates":[[37.7065868,55.7549579],[37.7061878,55.7550894],[37.7017054,55.7565717],[37.699418,55.7573141],[37.6992746,55.7573612],[37.6990846,55.7574253],[37.6987546,55.7575325],[37.6985788,55.7575896],[37.6957404,55.7585331],[37.6956828,55.7585522],[37.6942888,55.7590215],[37.6940028,55.7591177],[37.6938362,55.7591756],[37.6932552,55.7593737],[37.6929828,55.7594666],[37.6928067,55.7595266],[37.692414,55.759668],[37.6913878,55.7600343],[37.6901592,55.7604774],[37.6884748,55.7610751],[37.6880219,55.7612358],[37.6878403,55.7613033],[37.6871832,55.7615474]]},"properties":{"segmentId":"osm-rel:1343391:way:137462730:52","routeId":"osm-rel:1343391","routeName":"Трамвай т2: МЦД Новогиреево => Метро «Чертановская»","routeRef":"т2","relationId":1343391,"fromStopId":"osm:11991735612","toStopId":"osm:1507754793","sequence":52,"osmWayId":137462730}},{"type":"Feature","geometry":{"type":"LineString","coordinates":[[37.6871832,55.7615474],[37.6869386,55.7616355],[37.6868317,55.7616725],[37.6866368,55.7617398]]},"properties":{"segmentId":"osm-rel:1343391:way:137462751:53","routeId":"osm-rel:1343391","routeName":"Трамвай т2: МЦД Новогиреево => Метро «Чертановская»","routeRef":"т2","relationId":1343391,"fromStopId":"osm:1507754793","toStopId":"osm:1507754844","sequence":53,"osmWayId":137462751}},{"type":"Feature","geometry":{"type":"LineString","coordinates":[[37.6866368,55.7617398],[37.6862778,55.761871]]},"properties":{"segmentId":"osm-rel:1343391:way:137462739:54","routeId":"osm-rel:1343391","routeName":"Трамвай т2: МЦД Новогиреево => Метро «Чертановская»","routeRef":"т2","relationId":1343391,"fromStopId":"osm:1507754844","toStopId":"osm:1507754850","sequence":54,"osmWayId":137462739}},{"type":"Feature","geometry":{"type":"LineString","coordinates":[[37.6862778,55.761871],[37.6844984,55.7625092]]},"properties":{"segmentId":"osm-rel:1343391:way:227387316:55","routeId":"osm-rel:1343391","routeName":"Трамвай т2: МЦД Новогиреево => Метро «Чертановская»","routeRef":"т2","relationId":1343391,"fromStopId":"osm:1507754850","toStopId":"osm:2360761255","sequence":55,"osmWayId":227387316}},{"type":"Feature","geometry":{"type":"LineString","coordinates":[[37.6844984,55.7625092],[37.6841891,55.7626151],[37.6840483,55.7626573],[37.6838994,55.762689],[37.6837398,55.7627154],[37.6836229,55.7627316],[37.6835708,55.7627388],[37.6834049,55.7627581]]},"properties":{"segmentId":"osm-rel:1343391:way:1293616224:56","routeId":"osm-rel:1343391","routeName":"Трамвай т2: МЦД Новогиреево => Метро «Чертановская»","routeRef":"т2","relationId":1343391,"fromStopId":"osm:2360761255","toStopId":"osm:11991735610","sequence":56,"osmWayId":1293616224}},{"type":"Feature","geometry":{"type":"LineString","coordinates":[[37.6834049,55.7627581],[37.682302,55.7628491],[37.6818854,55.762884],[37.6810824,55.7629534],[37.680433,55.7630065]]},"properties":{"segmentId":"osm-rel:1343391:way:227387311:57","routeId":"osm-rel:1343391","routeName":"Трамвай т2: МЦД Новогиреево => Метро «Чертановская»","routeRef":"т2","relationId":1343391,"fromStopId":"osm:11991735610","toStopId":"osm:2360761302","sequence":57,"osmWayId":227387311}},{"type":"Feature","geometry":{"type":"LineString","coordinates":[[37.680433,55.7630065],[37.6803777,55.7630199],[37.6803314,55.7630354],[37.6802851,55.763055],[37.6802395,55.7630825],[37.6801953,55.7631187],[37.6801738,55.7631508],[37.6801658,55.7631787],[37.6801631,55.7632134],[37.6801671,55.763262]]},"properties":{"segmentId":"osm-rel:1343391:way:227387327:58","routeId":"osm-rel:1343391","routeName":"Трамвай т2: МЦД Новогиреево => Метро «Чертановская»","routeRef":"т2","relationId":1343391,"fromStopId":"osm:2360761302","toStopId":"osm:2360708039","sequence":58,"osmWayId":227387327}},{"type":"Feature","geometry":{"type":"LineString","coordinates":[[37.6801671,55.763262],[37.6802959,55.7637517],[37.6803202,55.7639328],[37.6803161,55.7640358],[37.6803057,55.7641155]]},"properties":{"segmentId":"osm-rel:1343391:way:1293427451:59","routeId":"osm-rel:1343391","routeName":"Трамвай т2: МЦД Новогиреево => Метро «Чертановская»","routeRef":"т2","relationId":1343391,"fromStopId":"osm:2360708039","toStopId":"osm:11990152114","sequence":59,"osmWayId":1293427451}},{"type":"Feature","geometry":{"type":"LineString","coordinates":[[37.6803057,55.7641155],[37.6802742,55.7643581],[37.680264,55.7644382],[37.6801524,55.7652335],[37.6801149,55.7654499],[37.6800979,55.7655478],[37.6799713,55.7663608],[37.6798998,55.7666955],[37.6798643,55.7668566],[37.6798388,55.7669724],[37.6798044,55.7671546],[37.679664,55.7678976],[37.6796233,55.768105],[37.6795367,55.7685471],[37.6795216,55.7686239],[37.6794979,55.7687353],[37.6794416,55.7689995],[37.6792317,55.7698722],[37.6792175,55.7699294],[37.6791396,55.770247],[37.679056,55.7705877],[37.6789835,55.7708834],[37.6789227,55.7710971],[37.6788752,55.7712639],[37.6787597,55.7717665],[37.6786612,55.772195],[37.6786284,55.7723357],[37.6784641,55.7730395],[37.6784448,55.7731215],[37.6784255,55.7731852],[37.6784133,55.7732273],[37.6781171,55.7742401],[37.6780739,55.7743942]]},"properties":{"segmentId":"osm-rel:1343391:way:227387321:60","routeId":"osm-rel:1343391","routeName":"Трамвай т2: МЦД Новогиреево => Метро «Чертановская»","routeRef":"т2","relationId":1343391,"fromStopId":"osm:11990152114","toStopId":"osm:2358271815","sequence":60,"osmWayId":227387321}},{"type":"Feature","geometry":{"type":"LineString","coordinates":[[37.6780739,55.7743942],[37.6779903,55.774703],[37.677941,55.7748681],[37.6778637,55.7751735],[37.6778466,55.7752337]]},"properties":{"segmentId":"osm-rel:1343391:way:1293427447:61","routeId":"osm-rel:1343391","routeName":"Трамвай т2: МЦД Новогиреево => Метро «Чертановская»","routeRef":"т2","relationId":1343391,"fromStopId":"osm:2358271815","toStopId":"osm:11990152112","sequence":61,"osmWayId":1293427447}},{"type":"Feature","geometry":{"type":"LineString","coordinates":[[37.6778466,55.7752337],[37.6778119,55.7753556],[37.6777867,55.7754174],[37.6777513,55.7754634],[37.6776989,55.7755034],[37.6776249,55.7755445],[37.6775152,55.7756053]]},"properties":{"segmentId":"osm-rel:1343391:way:1293427449:62","routeId":"osm-rel:1343391","routeName":"Трамвай т2: МЦД Новогиреево => Метро «Чертановская»","routeRef":"т2","relationId":1343391,"fromStopId":"osm:11990152112","toStopId":"osm:11990152111","sequence":62,"osmWayId":1293427449}},{"type":"Feature","geometry":{"type":"LineString","coordinates":[[37.6775152,55.7756053],[37.6771957,55.7757826],[37.6769872,55.7758847],[37.6757148,55.7765076],[37.6754038,55.7766598],[37.6748049,55.7769531],[37.6744653,55.7771188]]},"properties":{"segmentId":"osm-rel:1343391:way:227382073:63","routeId":"osm-rel:1343391","routeName":"Трамвай т2: МЦД Новогиреево => Метро «Чертановская»","routeRef":"т2","relationId":1343391,"fromStopId":"osm:11990152111","toStopId":"osm:11990152108","sequence":63,"osmWayId":227382073}},{"type":"Feature","geometry":{"type":"LineString","coordinates":[[37.6744653,55.7771188],[37.674161,55.7772673],[37.6740937,55.777294],[37.6740872,55.7772966],[37.6739846,55.7773202],[37.6738943,55.7773183],[37.6738099,55.7773002],[37.6737402,55.7772679],[37.6737268,55.7772608],[37.6734965,55.7771349]]},"properties":{"segmentId":"osm-rel:1343391:way:1293427444:64","routeId":"osm-rel:1343391","routeName":"Трамвай т2: МЦД Новогиреево => Метро «Чертановская»","routeRef":"т2","relationId":1343391,"fromStopId":"osm:11990152108","toStopId":"osm:2358271858","sequence":64,"osmWayId":1293427444}},{"type":"Feature","geometry":{"type":"LineString","coordinates":[[37.6734965,55.7771349],[37.6734216,55.777094],[37.6733991,55.7770817],[37.6731392,55.7769547],[37.6730436,55.7769119]]},"properties":{"segmentId":"osm-rel:1343391:way:1293427443:65","routeId":"osm-rel:1343391","routeName":"Трамвай т2: МЦД Новогиреево => Метро «Чертановская»","routeRef":"т2","relationId":1343391,"fromStopId":"osm:2358271858","toStopId":"osm:9077445227","sequence":65,"osmWayId":1293427443}},{"type":"Feature","geometry":{"type":"LineString","coordinates":[[37.6730436,55.7769119],[37.6715365,55.7762431],[37.6712713,55.7761268]]},"properties":{"segmentId":"osm-rel:1343391:way:1293427441:66","routeId":"osm-rel:1343391","routeName":"Трамвай т2: МЦД Новогиреево => Метро «Чертановская»","routeRef":"т2","relationId":1343391,"fromStopId":"osm:9077445227","toStopId":"osm:11990152106","sequence":66,"osmWayId":1293427441}},{"type":"Feature","geometry":{"type":"LineString","coordinates":[[37.6712713,55.7761268],[37.6711815,55.7760874],[37.6711114,55.7760767],[37.6710706,55.7760704],[37.6709447,55.7760712],[37.6708585,55.7760873],[37.6708217,55.7760942],[37.6707854,55.7761039],[37.6707306,55.7761303],[37.6706698,55.7761764]]},"properties":{"segmentId":"osm-rel:1343391:way:1293427438:67","routeId":"osm-rel:1343391","routeName":"Трамвай т2: МЦД Новогиреево => Метро «Чертановская»","routeRef":"т2","relationId":1343391,"fromStopId":"osm:11990152106","toStopId":"osm:11990152105","sequence":67,"osmWayId":1293427438}},{"type":"Feature","geometry":{"type":"LineString","coordinates":[[37.6706698,55.7761764],[37.6703821,55.7763944],[37.6699748,55.7767017]]},"properties":{"segmentId":"osm-rel:1343391:way:1293427437:68","routeId":"osm-rel:1343391","routeName":"Трамвай т2: МЦД Новогиреево => Метро «Чертановская»","routeRef":"т2","relationId":1343391,"fromStopId":"osm:11990152105","toStopId":"osm:2358271851","sequence":68,"osmWayId":1293427437}},{"type":"Feature","geometry":{"type":"LineString","coordinates":[[37.6699748,55.7767017],[37.6696931,55.776926],[37.669605,55.7770111]]},"properties":{"segmentId":"osm-rel:1343391:way:1293427435:69","routeId":"osm-rel:1343391","routeName":"Трамвай т2: МЦД Новогиреево => Метро «Чертановская»","routeRef":"т2","relationId":1343391,"fromStopId":"osm:2358271851","toStopId":"osm:11990152103","sequence":69,"osmWayId":1293427435}},{"type":"Feature","geometry":{"type":"LineString","coordinates":[[37.669605,55.7770111],[37.6694462,55.7771644],[37.6693612,55.7772511],[37.6692778,55.7773291],[37.6688917,55.7776457]]},"properties":{"segmentId":"osm-rel:1343391:way:1293427434:70","routeId":"osm-rel:1343391","routeName":"Трамвай т2: МЦД Новогиреево => Метро «Чертановская»","routeRef":"т2","relationId":1343391,"fromStopId":"osm:11990152103","toStopId":"osm:2358271874","sequence":70,"osmWayId":1293427434}},{"type":"Feature","geometry":{"type":"LineString","coordinates":[[37.6688917,55.7776457],[37.6679015,55.7784055]]},"properties":{"segmentId":"osm-rel:1343391:way:227097890:71","routeId":"osm-rel:1343391","routeName":"Трамвай т2: МЦД Новогиреево => Метро «Чертановская»","routeRef":"т2","relationId":1343391,"fromStopId":"osm:2358271874","toStopId":"osm:2358271876","sequence":71,"osmWayId":227097890}},{"type":"Feature","geometry":{"type":"LineString","coordinates":[[37.6679015,55.7784055],[37.6677567,55.7784973],[37.6675204,55.7786434]]},"properties":{"segmentId":"osm-rel:1343391:way:1293427431:72","routeId":"osm-rel:1343391","routeName":"Трамвай т2: МЦД Новогиреево => Метро «Чертановская»","routeRef":"т2","relationId":1343391,"fromStopId":"osm:2358271876","toStopId":"osm:11990152101","sequence":72,"osmWayId":1293427431}},{"type":"Feature","geometry":{"type":"LineString","coordinates":[[37.6675204,55.7786434],[37.6672254,55.7788258],[37.6668325,55.7790764],[37.6665044,55.7792887]]},"properties":{"segmentId":"osm-rel:1343391:way:227097892:73","routeId":"osm-rel:1343391","routeName":"Трамвай т2: МЦД Новогиреево => Метро «Чертановская»","routeRef":"т2","relationId":1343391,"fromStopId":"osm:11990152101","toStopId":"osm:2358271884","sequence":73,"osmWayId":227097892}},{"type":"Feature","geometry":{"type":"LineString","coordinates":[[37.6665044,55.7792887],[37.6664734,55.7793049],[37.6664401,55.7793195],[37.6664012,55.7793334],[37.6663674,55.7793437],[37.6663049,55.7793594],[37.6662466,55.7793711],[37.6662024,55.7793783],[37.6661345,55.7793852],[37.6660924,55.7793868],[37.6660501,55.7793864],[37.6660081,55.7793839],[37.6659958,55.7793825],[37.6659259,55.779373],[37.6658863,55.7793647],[37.6658481,55.7793545],[37.6658116,55.7793425],[37.6657771,55.7793288]]},"properties":{"segmentId":"osm-rel:1343391:way:227097905:74","routeId":"osm-rel:1343391","routeName":"Трамвай т2: МЦД Новогиреево => Метро «Чертановская»","routeRef":"т2","relationId":1343391,"fromStopId":"osm:2358271884","toStopId":"osm:2214943645","sequence":74,"osmWayId":227097905}},{"type":"Feature","geometry":{"type":"LineString","coordinates":[[37.6657771,55.7793288],[37.6657596,55.7793208],[37.6646196,55.7788627],[37.6640261,55.7786297]]},"properties":{"segmentId":"osm-rel:1343391:way:1293039600:75","routeId":"osm-rel:1343391","routeName":"Трамвай т2: МЦД Новогиреево => Метро «Чертановская»","routeRef":"т2","relationId":1343391,"fromStopId":"osm:2214943645","toStopId":"osm:11987259511","sequence":75,"osmWayId":1293039600}},{"type":"Feature","geometry":{"type":"LineString","coordinates":[[37.6640261,55.7786297],[37.6637621,55.7785261],[37.6631588,55.7782672],[37.6629366,55.7781629]]},"properties":{"segmentId":"osm-rel:1343391:way:1293039603:76","routeId":"osm-rel:1343391","routeName":"Трамвай т2: МЦД Новогиреево => Метро «Чертановская»","routeRef":"т2","relationId":1343391,"fromStopId":"osm:11987259511","toStopId":"osm:11987259514","sequence":76,"osmWayId":1293039603}},{"type":"Feature","geometry":{"type":"LineString","coordinates":[[37.6629366,55.7781629],[37.6626183,55.7780135],[37.6605446,55.777063],[37.659136,55.7764106],[37.658813,55.776271]]},"properties":{"segmentId":"osm-rel:1343391:way:1293039604:77","routeId":"osm-rel:1343391","routeName":"Трамвай т2: МЦД Новогиреево => Метро «Чертановская»","routeRef":"т2","relationId":1343391,"fromStopId":"osm:11987259514","toStopId":"osm:3690986788","sequence":77,"osmWayId":1293039604}},{"type":"Feature","geometry":{"type":"LineString","coordinates":[[37.658813,55.776271],[37.6586146,55.7761859],[37.6585471,55.776157],[37.658234,55.7760475],[37.658205,55.7760372],[37.6581497,55.7760175],[37.6580284,55.7759774]]},"properties":{"segmentId":"osm-rel:1343391:way:1293039606:78","routeId":"osm-rel:1343391","routeName":"Трамвай т2: МЦД Новогиреево => Метро «Чертановская»","routeRef":"т2","relationId":1343391,"fromStopId":"osm:3690986788","toStopId":"osm:11987259515","sequence":78,"osmWayId":1293039606}},{"type":"Feature","geometry":{"type":"LineString","coordinates":[[37.6580284,55.7759774],[37.6571614,55.7756921]]},"properties":{"segmentId":"osm-rel:1343391:way:1293039608:79","routeId":"osm-rel:1343391","routeName":"Трамвай т2: МЦД Новогиреево => Метро «Чертановская»","routeRef":"т2","relationId":1343391,"fromStopId":"osm:11987259515","toStopId":"osm:11987259517","sequence":79,"osmWayId":1293039608}},{"type":"Feature","geometry":{"type":"LineString","coordinates":[[37.6571614,55.7756921],[37.6570063,55.7756402],[37.6569002,55.7756059],[37.6567947,55.7755733],[37.6566763,55.775545],[37.6563076,55.7754616]]},"properties":{"segmentId":"osm-rel:1343391:way:1293039610:80","routeId":"osm-rel:1343391","routeName":"Трамвай т2: МЦД Новогиреево => Метро «Чертановская»","routeRef":"т2","relationId":1343391,"fromStopId":"osm:11987259517","toStopId":"osm:387747233","sequence":80,"osmWayId":1293039610}},{"type":"Feature","geometry":{"type":"LineString","coordinates":[[37.6563076,55.7754616],[37.6559449,55.7753902],[37.6554999,55.7753026],[37.655137,55.7752296],[37.6545317,55.7751078]]},"properties":{"segmentId":"osm-rel:1343391:way:1293039612:81","routeId":"osm-rel:1343391","routeName":"Трамвай т2: МЦД Новогиреево => Метро «Чертановская»","routeRef":"т2","relationId":1343391,"fromStopId":"osm:387747233","toStopId":"osm:11987259519","sequence":81,"osmWayId":1293039612}},{"type":"Feature","geometry":{"type":"LineString","coordinates":[[37.6545317,55.7751078],[37.6544109,55.7750835]]},"properties":{"segmentId":"osm-rel:1343391:way:1422439612:82","routeId":"osm-rel:1343391","routeName":"Трамвай т2: МЦД Новогиреево => Метро «Чертановская»","routeRef":"т2","relationId":1343391,"fromStopId":"osm:11987259519","toStopId":"osm:2214943582","sequence":82,"osmWayId":1422439612}},{"type":"Feature","geometry":{"type":"LineString","coordinates":[[37.6544109,55.7750835],[37.6543053,55.775057],[37.6542209,55.7750302],[37.654123,55.774994],[37.6537338,55.7748407],[37.6536449,55.7748049],[37.653601,55.7747874],[37.6535789,55.7747786],[37.6535528,55.7747699],[37.6535312,55.7747631],[37.6534525,55.7747382],[37.6534153,55.774728],[37.6528508,55.7745787],[37.6527448,55.7745507]]},"properties":{"segmentId":"osm-rel:1343391:way:1293039615:83","routeId":"osm-rel:1343391","routeName":"Трамвай т2: МЦД Новогиреево => Метро «Чертановская»","routeRef":"т2","relationId":1343391,"fromStopId":"osm:2214943582","toStopId":"osm:2214943471","sequence":83,"osmWayId":1293039615}},{"type":"Feature","geometry":{"type":"LineString","coordinates":[[37.6527448,55.7745507],[37.6526862,55.7745375],[37.6526642,55.7745326],[37.6526292,55.7745285],[37.6525926,55.7745272],[37.6525614,55.7745292],[37.6525213,55.7745329],[37.6524854,55.774537],[37.6524483,55.7745456],[37.6523297,55.7745838],[37.6522781,55.7746005]]},"properties":{"segmentId":"osm-rel:1343391:way:1293039616:84","routeId":"osm-rel:1343391","routeName":"Трамвай т2: МЦД Новогиреево => Метро «Чертановская»","routeRef":"т2","relationId":1343391,"fromStopId":"osm:2214943471","toStopId":"osm:2214943474","sequence":84,"osmWayId":1293039616}},{"type":"Feature","geometry":{"type":"LineString","coordinates":[[37.6522781,55.7746005],[37.6521679,55.774636],[37.6521529,55.7746413],[37.6520825,55.7746635],[37.652046,55.7746753],[37.6519959,55.7746875],[37.6519419,55.7746942],[37.6519006,55.7746971],[37.6518426,55.7746937],[37.6516649,55.7746646],[37.651536,55.7746417],[37.6514711,55.7746321],[37.6512925,55.7746036],[37.6511895,55.7745825]]},"properties":{"segmentId":"osm-rel:1343391:way:1265458387:85","routeId":"osm-rel:1343391","routeName":"Трамвай т2: МЦД Новогиреево => Метро «Чертановская»","routeRef":"т2","relationId":1343391,"fromStopId":"osm:2214943474","toStopId":"osm:13167642415","sequence":85,"osmWayId":1265458387}},{"type":"Feature","geometry":{"type":"LineString","coordinates":[[37.6511895,55.7745825],[37.6487288,55.7737856]]},"properties":{"segmentId":"osm-rel:1343391:way:1432668782:86","routeId":"osm-rel:1343391","routeName":"Трамвай т2: МЦД Новогиреево => Метро «Чертановская»","routeRef":"т2","relationId":1343391,"fromStopId":"osm:13167642415","toStopId":"osm:11438878062","sequence":86,"osmWayId":1432668782}},{"type":"Feature","geometry":{"type":"LineString","coordinates":[[37.6487288,55.7737856],[37.6485501,55.7737115],[37.648165,55.7735422],[37.6480618,55.7734901],[37.6478216,55.7733431],[37.6476499,55.7732228],[37.6474247,55.7730698],[37.6468095,55.7726359],[37.6465526,55.7724502],[37.6458441,55.7719379],[37.6448597,55.7712104],[37.6448226,55.7711815],[37.644509,55.7709456],[37.6444801,55.7709239],[37.6437199,55.7703709],[37.6435526,55.7702512],[37.6429964,55.7698363],[37.6418813,55.7691417],[37.6418029,55.7690959],[37.6407125,55.7684577],[37.6391879,55.7675716],[37.6383531,55.7670914],[37.6370034,55.7662956],[37.6369779,55.7662806],[37.6368008,55.7661761],[37.6365431,55.7660195],[37.6364766,55.7659681],[37.6364525,55.7659213],[37.6364404,55.7658685],[37.6364525,55.7658187],[37.6364779,55.7657712],[37.6365155,55.765732],[37.6365718,55.7656935],[37.6371257,55.7654407],[37.6372075,55.7653902],[37.6372839,55.7653426],[37.6375347,55.765142],[37.6376031,55.7650937],[37.6377912,55.7649963]]},"properties":{"segmentId":"osm-rel:1343391:way:1265458385:87","routeId":"osm-rel:1343391","routeName":"Трамвай т2: МЦД Новогиреево => Метро «Чертановская»","routeRef":"т2","relationId":1343391,"fromStopId":"osm:11438878062","toStopId":"osm:13109166201","sequence":87,"osmWayId":1265458385}},{"type":"Feature","geometry":{"type":"LineString","coordinates":[[37.6377912,55.7649963],[37.6380224,55.7648765],[37.638499,55.7646297],[37.6387743,55.764468]]},"properties":{"segmentId":"osm-rel:1343391:way:1426089355:88","routeId":"osm-rel:1343391","routeName":"Трамвай т2: МЦД Новогиреево => Метро «Чертановская»","routeRef":"т2","relationId":1343391,"fromStopId":"osm:13109166201","toStopId":"osm:4913844921","sequence":88,"osmWayId":1426089355}},{"type":"Feature","geometry":{"type":"LineString","coordinates":[[37.6387743,55.764468],[37.6387993,55.764451],[37.6390464,55.7643207]]},"properties":{"segmentId":"osm-rel:1343391:way:1428765414:89","routeId":"osm-rel:1343391","routeName":"Трамвай т2: МЦД Новогиреево => Метро «Чертановская»","routeRef":"т2","relationId":1343391,"fromStopId":"osm:4913844921","toStopId":"osm:12043479587","sequence":89,"osmWayId":1428765414}},{"type":"Feature","geometry":{"type":"LineString","coordinates":[[37.6390464,55.7643207],[37.6405207,55.7635469],[37.6414078,55.7630666],[37.6414779,55.7630293],[37.6418383,55.7628135],[37.6428971,55.7620896]]},"properties":{"segmentId":"osm-rel:1343391:way:123457149:90","routeId":"osm-rel:1343391","routeName":"Трамвай т2: МЦД Новогиреево => Метро «Чертановская»","routeRef":"т2","relationId":1343391,"fromStopId":"osm:12043479587","toStopId":"osm:3414549902","sequence":90,"osmWayId":123457149}},{"type":"Feature","geometry":{"type":"LineString","coordinates":[[37.6428971,55.7620896],[37.6431942,55.7618621],[37.6432551,55.7618161],[37.6433296,55.7617436],[37.6437164,55.7613085]]},"properties":{"segmentId":"osm-rel:1343391:way:1300230055:91","routeId":"osm-rel:1343391","routeName":"Трамвай т2: МЦД Новогиреево => Метро «Чертановская»","routeRef":"т2","relationId":1343391,"fromStopId":"osm:3414549902","toStopId":"osm:1376966130","sequence":91,"osmWayId":1300230055}},{"type":"Feature","geometry":{"type":"LineString","coordinates":[[37.6437164,55.7613085],[37.6441466,55.7607776],[37.6442746,55.7606198],[37.6445058,55.7603473],[37.6447189,55.7600653],[37.6447543,55.7600314],[37.6447827,55.7600043],[37.6448665,55.7599054],[37.6451822,55.7595125],[37.6453023,55.7593679],[37.645363,55.7592834],[37.645415,55.7592225],[37.6454914,55.7590991],[37.6456279,55.7588975],[37.6456447,55.7588732],[37.6459008,55.7585031],[37.6459101,55.7584896],[37.6460783,55.7582272]]},"properties":{"segmentId":"osm-rel:1343391:way:1300230054:92","routeId":"osm-rel:1343391","routeName":"Трамвай т2: МЦД Новогиреево => Метро «Чертановская»","routeRef":"т2","relationId":1343391,"fromStopId":"osm:1376966130","toStopId":"osm:6283649503","sequence":92,"osmWayId":1300230054}},{"type":"Feature","geometry":{"type":"LineString","coordinates":[[37.6460783,55.7582272],[37.6461134,55.7581696],[37.6462475,55.7579898],[37.6464375,55.7577903],[37.6466643,55.7575873]]},"properties":{"segmentId":"osm-rel:1343391:way:1300230048:93","routeId":"osm-rel:1343391","routeName":"Трамвай т2: МЦД Новогиреево => Метро «Чертановская»","routeRef":"т2","relationId":1343391,"fromStopId":"osm:6283649503","toStopId":"osm:6333060805","sequence":93,"osmWayId":1300230048}},{"type":"Feature","geometry":{"type":"LineString","coordinates":[[37.6466643,55.7575873],[37.6468822,55.7573763],[37.6471585,55.7571221]]},"properties":{"segmentId":"osm-rel:1343391:way:1300230047:94","routeId":"osm-rel:1343391","routeName":"Трамвай т2: МЦД Новогиреево => Метро «Чертановская»","routeRef":"т2","relationId":1343391,"fromStopId":"osm:6333060805","toStopId":"osm:6333060807","sequence":94,"osmWayId":1300230047}},{"type":"Feature","geometry":{"type":"LineString","coordinates":[[37.6471585,55.7571221],[37.6472953,55.7569949],[37.6474217,55.7568634],[37.6475091,55.7567569],[37.6479447,55.756174],[37.6480137,55.7560798],[37.648056,55.7560218],[37.6481055,55.7559538],[37.6481277,55.755924]]},"properties":{"segmentId":"osm-rel:1343391:way:1300230046:95","routeId":"osm-rel:1343391","routeName":"Трамвай т2: МЦД Новогиреево => Метро «Чертановская»","routeRef":"т2","relationId":1343391,"fromStopId":"osm:6333060807","toStopId":"osm:6336889292","sequence":95,"osmWayId":1300230046}},{"type":"Feature","geometry":{"type":"LineString","coordinates":[[37.6481277,55.755924],[37.6481808,55.7558619],[37.6482331,55.7557823],[37.6482609,55.755685],[37.6482551,55.7556104],[37.6482401,55.7555212],[37.6482052,55.7554301]]},"properties":{"segmentId":"osm-rel:1343391:way:1300230045:96","routeId":"osm-rel:1343391","routeName":"Трамвай т2: МЦД Новогиреево => Метро «Чертановская»","routeRef":"т2","relationId":1343391,"fromStopId":"osm:6336889292","toStopId":"osm:1376966025","sequence":96,"osmWayId":1300230045}},{"type":"Feature","geometry":{"type":"LineString","coordinates":[[37.6482052,55.7554301],[37.6481338,55.7552079],[37.6480061,55.7548811],[37.647927,55.7546924],[37.6477293,55.7543279],[37.6475351,55.7539948]]},"properties":{"segmentId":"osm-rel:1343391:way:1300230044:97","routeId":"osm-rel:1343391","routeName":"Трамвай т2: МЦД Новогиреево => Метро «Чертановская»","routeRef":"т2","relationId":1343391,"fromStopId":"osm:1376966025","toStopId":"osm:12043479580","sequence":97,"osmWayId":1300230044}},{"type":"Feature","geometry":{"type":"LineString","coordinates":[[37.6475351,55.7539948],[37.6472751,55.7535487],[37.6470423,55.7532041],[37.6469817,55.7531114],[37.6469107,55.7530026],[37.6468488,55.7529119],[37.6462943,55.752177],[37.6459106,55.7516469]]},"properties":{"segmentId":"osm-rel:1343391:way:1300230039:98","routeId":"osm-rel:1343391","routeName":"Трамвай т2: МЦД Новогиреево => Метро «Чертановская»","routeRef":"т2","relationId":1343391,"fromStopId":"osm:12043479580","toStopId":"osm:12043479577","sequence":98,"osmWayId":1300230039}},{"type":"Feature","geometry":{"type":"LineString","coordinates":[[37.6459106,55.7516469],[37.6457665,55.7514478],[37.645725,55.7514025],[37.6456924,55.7513694],[37.6456159,55.7513153],[37.6452043,55.7511115]]},"properties":{"segmentId":"osm-rel:1343391:way:1300230035:99","routeId":"osm-rel:1343391","routeName":"Трамвай т2: МЦД Новогиреево => Метро «Чертановская»","routeRef":"т2","relationId":1343391,"fromStopId":"osm:12043479577","toStopId":"osm:12043479576","sequence":99,"osmWayId":1300230035}},{"type":"Feature","geometry":{"type":"LineString","coordinates":[[37.6452043,55.7511115],[37.645172,55.7510955],[37.6450884,55.7510582],[37.644994,55.7510252],[37.6448893,55.7509995],[37.6445865,55.7509407],[37.6444682,55.7509218],[37.6443415,55.7509105],[37.6441986,55.7508943],[37.6440683,55.7508708],[37.6432086,55.7506954]]},"properties":{"segmentId":"osm-rel:1343391:way:1300230034:100","routeId":"osm-rel:1343391","routeName":"Трамвай т2: МЦД Новогиреево => Метро «Чертановская»","routeRef":"т2","relationId":1343391,"fromStopId":"osm:12043479576","toStopId":"osm:12043479574","sequence":100,"osmWayId":1300230034}},{"type":"Feature","geometry":{"type":"LineString","coordinates":[[37.6432086,55.7506954],[37.6430176,55.7506564],[37.6428979,55.750627],[37.6427596,55.7505754],[37.6426008,55.7505057],[37.6425628,55.7504872]]},"properties":{"segmentId":"osm-rel:1343391:way:1334335970:101","routeId":"osm-rel:1343391","routeName":"Трамвай т2: МЦД Новогиреево => Метро «Чертановская»","routeRef":"т2","relationId":1343391,"fromStopId":"osm:12043479574","toStopId":"osm:10702029921","sequence":101,"osmWayId":1334335970}},{"type":"Feature","geometry":{"type":"LineString","coordinates":[[37.6425628,55.7504872],[37.6425158,55.7504643],[37.6424362,55.7504265],[37.6423278,55.7503671],[37.64224,55.7503002],[37.6421529,55.7502167],[37.6420034,55.750049],[37.6419034,55.7499369]]},"properties":{"segmentId":"osm-rel:1343391:way:1300230032:102","routeId":"osm-rel:1343391","routeName":"Трамвай т2: МЦД Новогиреево => Метро «Чертановская»","routeRef":"т2","relationId":1343391,"fromStopId":"osm:10702029921","toStopId":"osm:2443311336","sequence":102,"osmWayId":1300230032}},{"type":"Feature","geometry":{"type":"LineString","coordinates":[[37.6419034,55.7499369],[37.6416599,55.7496541],[37.6415549,55.7495201],[37.6414458,55.7493742],[37.6413536,55.7492179],[37.6412538,55.7490349],[37.6412253,55.7489886],[37.6411614,55.7489194],[37.6410705,55.7488417],[37.6408609,55.748682]]},"properties":{"segmentId":"osm-rel:1343391:way:1300230030:103","routeId":"osm-rel:1343391","routeName":"Трамвай т2: МЦД Новогиреево => Метро «Чертановская»","routeRef":"т2","relationId":1343391,"fromStopId":"osm:2443311336","toStopId":"osm:12043479571","sequence":103,"osmWayId":1300230030}},{"type":"Feature","geometry":{"type":"LineString","coordinates":[[37.6408609,55.748682],[37.6398009,55.7479416]]},"properties":{"segmentId":"osm-rel:1343391:way:1300230027:104","routeId":"osm-rel:1343391","routeName":"Трамвай т2: МЦД Новогиреево => Метро «Чертановская»","routeRef":"т2","relationId":1343391,"fromStopId":"osm:12043479571","toStopId":"osm:1376698151","sequence":104,"osmWayId":1300230027}},{"type":"Feature","geometry":{"type":"LineString","coordinates":[[37.6398009,55.7479416],[37.6374366,55.7462597]]},"properties":{"segmentId":"osm-rel:1343391:way:123457167:105","routeId":"osm-rel:1343391","routeName":"Трамвай т2: МЦД Новогиреево => Метро «Чертановская»","routeRef":"т2","relationId":1343391,"fromStopId":"osm:1376698151","toStopId":"osm:1376698132","sequence":105,"osmWayId":123457167}},{"type":"Feature","geometry":{"type":"LineString","coordinates":[[37.6374366,55.7462597],[37.6371974,55.7461069]]},"properties":{"segmentId":"osm-rel:1343391:way:1300230025:106","routeId":"osm-rel:1343391","routeName":"Трамвай т2: МЦД Новогиреево => Метро «Чертановская»","routeRef":"т2","relationId":1343391,"fromStopId":"osm:1376698132","toStopId":"osm:12043479569","sequence":106,"osmWayId":1300230025}},{"type":"Feature","geometry":{"type":"LineString","coordinates":[[37.6371974,55.7461069],[37.6361308,55.7454259]]},"properties":{"segmentId":"osm-rel:1343391:way:123457170:107","routeId":"osm-rel:1343391","routeName":"Трамвай т2: МЦД Новогиреево => Метро «Чертановская»","routeRef":"т2","relationId":1343391,"fromStopId":"osm:12043479569","toStopId":"osm:3714026276","sequence":107,"osmWayId":123457170}},{"type":"Feature","geometry":{"type":"LineString","coordinates":[[37.6361308,55.7454259],[37.635974,55.7453163],[37.6353229,55.7448893],[37.6352831,55.7448632]]},"properties":{"segmentId":"osm-rel:1343391:way:1300230022:108","routeId":"osm-rel:1343391","routeName":"Трамвай т2: МЦД Новогиреево => Метро «Чертановская»","routeRef":"т2","relationId":1343391,"fromStopId":"osm:3714026276","toStopId":"osm:1376698123","sequence":108,"osmWayId":1300230022}},{"type":"Feature","geometry":{"type":"LineString","coordinates":[[37.6352831,55.7448632],[37.6348277,55.7445887]]},"properties":{"segmentId":"osm-rel:1343391:way:123457157:109","routeId":"osm-rel:1343391","routeName":"Трамвай т2: МЦД Новогиреево => Метро «Чертановская»","routeRef":"т2","relationId":1343391,"fromStopId":"osm:1376698123","toStopId":"osm:1376698121","sequence":109,"osmWayId":123457157}},{"type":"Feature","geometry":{"type":"LineString","coordinates":[[37.6348277,55.7445887],[37.6347604,55.744551],[37.6347297,55.7445325],[37.6346636,55.7444921],[37.6341675,55.7442066],[37.6340855,55.7441568],[37.6340273,55.7441214]]},"properties":{"segmentId":"osm-rel:1343391:way:1300230020:110","routeId":"osm-rel:1343391","routeName":"Трамвай т2: МЦД Новогиреево => Метро «Чертановская»","routeRef":"т2","relationId":1343391,"fromStopId":"osm:1376698121","toStopId":"osm:12043455066","sequence":110,"osmWayId":1300230020}},{"type":"Feature","geometry":{"type":"LineString","coordinates":[[37.6340273,55.7441214],[37.633439,55.7437745],[37.6328853,55.7435081]]},"properties":{"segmentId":"osm-rel:1343391:way:123457163:111","routeId":"osm-rel:1343391","routeName":"Трамвай т2: МЦД Новогиреево => Метро «Чертановская»","routeRef":"т2","relationId":1343391,"fromStopId":"osm:12043455066","toStopId":"osm:12043455064","sequence":111,"osmWayId":123457163}},{"type":"Feature","geometry":{"type":"LineString","coordinates":[[37.6328853,55.7435081],[37.6326107,55.743376],[37.6325304,55.7433489],[37.6322172,55.7432736],[37.6318632,55.7432028],[37.6316466,55.7431473],[37.6312499,55.7429967],[37.6311533,55.7429526]]},"properties":{"segmentId":"osm-rel:1343391:way:1300230018:112","routeId":"osm-rel:1343391","routeName":"Трамвай т2: МЦД Новогиреево => Метро «Чертановская»","routeRef":"т2","relationId":1343391,"fromStopId":"osm:12043455064","toStopId":"osm:12043455062","sequence":112,"osmWayId":1300230018}},{"type":"Feature","geometry":{"type":"LineString","coordinates":[[37.6311533,55.7429526],[37.6311197,55.7429373],[37.6310128,55.7428885],[37.6303559,55.7425889]]},"properties":{"segmentId":"osm-rel:1343391:way:1300230016:113","routeId":"osm-rel:1343391","routeName":"Трамвай т2: МЦД Новогиреево => Метро «Чертановская»","routeRef":"т2","relationId":1343391,"fromStopId":"osm:12043455062","toStopId":"osm:1376698063","sequence":113,"osmWayId":1300230016}},{"type":"Feature","geometry":{"type":"LineString","coordinates":[[37.6303559,55.7425889],[37.629928,55.7423951],[37.6298694,55.7423593],[37.6298042,55.7423115],[37.6297661,55.7422636],[37.6297108,55.742194],[37.6296636,55.7420668],[37.629642,55.7418519]]},"properties":{"segmentId":"osm-rel:1343391:way:1300230015:114","routeId":"osm-rel:1343391","routeName":"Трамвай т2: МЦД Новогиреево => Метро «Чертановская»","routeRef":"т2","relationId":1343391,"fromStopId":"osm:1376698063","toStopId":"osm:12043455060","sequence":114,"osmWayId":1300230015}},{"type":"Feature","geometry":{"type":"LineString","coordinates":[[37.629642,55.7418519],[37.6296204,55.7416369],[37.6295971,55.7414054],[37.6295955,55.7413897],[37.6295941,55.7410551],[37.6296162,55.7409037],[37.6296458,55.7407548],[37.629656,55.740706]]},"properties":{"segmentId":"osm-rel:1343391:way:1300230013:115","routeId":"osm-rel:1343391","routeName":"Трамвай т2: МЦД Новогиреево => Метро «Чертановская»","routeRef":"т2","relationId":1343391,"fromStopId":"osm:12043455060","toStopId":"osm:6720655420","sequence":115,"osmWayId":1300230013}},{"type":"Feature","geometry":{"type":"LineString","coordinates":[[37.629656,55.740706],[37.6296911,55.7405523],[37.6297282,55.7403863],[37.6298338,55.7399553],[37.6299341,55.7395461]]},"properties":{"segmentId":"osm-rel:1343391:way:1300230011:116","routeId":"osm-rel:1343391","routeName":"Трамвай т2: МЦД Новогиреево => Метро «Чертановская»","routeRef":"т2","relationId":1343391,"fromStopId":"osm:6720655420","toStopId":"osm:12043455056","sequence":116,"osmWayId":1300230011}},{"type":"Feature","geometry":{"type":"LineString","coordinates":[[37.6299341,55.7395461],[37.6300062,55.7392518],[37.6300364,55.7391602],[37.6300573,55.739104],[37.6300651,55.7390813],[37.6300853,55.7390374]]},"properties":{"segmentId":"osm-rel:1343391:way:1300230009:117","routeId":"osm-rel:1343391","routeName":"Трамвай т2: МЦД Новогиреево => Метро «Чертановская»","routeRef":"т2","relationId":1343391,"fromStopId":"osm:12043455056","toStopId":"osm:12043455053","sequence":117,"osmWayId":1300230009}},{"type":"Feature","geometry":{"type":"LineString","coordinates":[[37.6300853,55.7390374],[37.6302029,55.7387811],[37.6304545,55.7382569],[37.6304681,55.7382305],[37.6305037,55.738162],[37.6308581,55.7375652],[37.6309149,55.7374696],[37.6309446,55.7374204],[37.6311969,55.7370019]]},"properties":{"segmentId":"osm-rel:1343391:way:1300230006:118","routeId":"osm-rel:1343391","routeName":"Трамвай т2: МЦД Новогиреево => Метро «Чертановская»","routeRef":"т2","relationId":1343391,"fromStopId":"osm:12043455053","toStopId":"osm:12043455052","sequence":118,"osmWayId":1300230006}},{"type":"Feature","geometry":{"type":"LineString","coordinates":[[37.6311969,55.7370019],[37.6313419,55.7367613],[37.6314191,55.7366525],[37.6314743,55.736584],[37.6314903,55.7365652],[37.631526,55.736523],[37.6315492,55.7365002],[37.6317524,55.7363003],[37.6317908,55.7362631]]},"properties":{"segmentId":"osm-rel:1343391:way:1300230005:119","routeId":"osm-rel:1343391","routeName":"Трамвай т2: МЦД Новогиреево => Метро «Чертановская»","routeRef":"т2","relationId":1343391,"fromStopId":"osm:12043455052","toStopId":"osm:12043455051","sequence":119,"osmWayId":1300230005}},{"type":"Feature","geometry":{"type":"LineString","coordinates":[[37.6317908,55.7362631],[37.6318292,55.7362258],[37.6318889,55.7361679],[37.6320913,55.7359715],[37.6321824,55.735883],[37.6324209,55.7356516],[37.6325227,55.7355528],[37.6328568,55.7352285]]},"properties":{"segmentId":"osm-rel:1343391:way:1300230003:120","routeId":"osm-rel:1343391","routeName":"Трамвай т2: МЦД Новогиреево => Метро «Чертановская»","routeRef":"т2","relationId":1343391,"fromStopId":"osm:12043455051","toStopId":"osm:12043455048","sequence":120,"osmWayId":1300230003}},{"type":"Feature","geometry":{"type":"LineString","coordinates":[[37.6328568,55.7352285],[37.6328865,55.7351997],[37.6329958,55.7350937],[37.6330321,55.735054],[37.6330935,55.7349883],[37.6331947,55.7348664],[37.6332149,55.7348419],[37.633338,55.7346708]]},"properties":{"segmentId":"osm-rel:1343391:way:1300230000:121","routeId":"osm-rel:1343391","routeName":"Трамвай т2: МЦД Новогиреево => Метро «Чертановская»","routeRef":"т2","relationId":1343391,"fromStopId":"osm:12043455048","toStopId":"osm:12043455046","sequence":121,"osmWayId":1300230000}},{"type":"Feature","geometry":{"type":"LineString","coordinates":[[37.633338,55.7346708],[37.6334433,55.7345245],[37.633508,55.7344345],[37.6336121,55.7342898],[37.6338539,55.7339538],[37.633874,55.7339259],[37.6339905,55.733751],[37.6340299,55.7336922],[37.634185,55.7334196],[37.6344433,55.7329728],[37.6345883,55.7327219],[37.6346971,55.7325325],[37.6349619,55.7320815]]},"properties":{"segmentId":"osm-rel:1343391:way:1300229998:122","routeId":"osm-rel:1343391","routeName":"Трамвай т2: МЦД Новогиреево => Метро «Чертановская»","routeRef":"т2","relationId":1343391,"fromStopId":"osm:12043455046","toStopId":"osm:12043455044","sequence":122,"osmWayId":1300229998}},{"type":"Feature","geometry":{"type":"LineString","coordinates":[[37.6349619,55.7320815],[37.6350238,55.731976],[37.6350479,55.7319366],[37.6351358,55.7318041],[37.635273,55.7316009],[37.6354312,55.7314232]]},"properties":{"segmentId":"osm-rel:1343391:way:1300229996:123","routeId":"osm-rel:1343391","routeName":"Трамвай т2: МЦД Новогиреево => Метро «Чертановская»","routeRef":"т2","relationId":1343391,"fromStopId":"osm:12043455044","toStopId":"osm:7727549292","sequence":123,"osmWayId":1300229996}},{"type":"Feature","geometry":{"type":"LineString","coordinates":[[37.6354312,55.7314232],[37.6356287,55.7312065],[37.6357838,55.7310368],[37.6359184,55.7308954],[37.6359334,55.7308797],[37.6360622,55.7307463],[37.6360786,55.7307282],[37.636146,55.7306529],[37.6362141,55.730577]]},"properties":{"segmentId":"osm-rel:1343391:way:1300229995:124","routeId":"osm-rel:1343391","routeName":"Трамвай т2: МЦД Новогиреево => Метро «Чертановская»","routeRef":"т2","relationId":1343391,"fromStopId":"osm:7727549292","toStopId":"osm:2572126747","sequence":124,"osmWayId":1300229995}},{"type":"Feature","geometry":{"type":"LineString","coordinates":[[37.6362141,55.730577],[37.63625,55.7305324],[37.6362872,55.7304848],[37.6363341,55.7304218],[37.63638,55.7303531],[37.6364334,55.730266],[37.6364571,55.7302297]]},"properties":{"segmentId":"osm-rel:1343391:way:250861107:125","routeId":"osm-rel:1343391","routeName":"Трамвай т2: МЦД Новогиреево => Метро «Чертановская»","routeRef":"т2","relationId":1343391,"fromStopId":"osm:2572126747","toStopId":"osm:1376698066","sequence":125,"osmWayId":250861107}},{"type":"Feature","geometry":{"type":"LineString","coordinates":[[37.6364571,55.7302297],[37.6364907,55.7301509],[37.6365658,55.7299745],[37.636602,55.7298539],[37.6366317,55.7297487]]},"properties":{"segmentId":"osm-rel:1343391:way:849201520:126","routeId":"osm-rel:1343391","routeName":"Трамвай т2: МЦД Новогиреево => Метро «Чертановская»","routeRef":"т2","relationId":1343391,"fromStopId":"osm:1376698066","toStopId":"osm:7706051165","sequence":126,"osmWayId":849201520}},{"type":"Feature","geometry":{"type":"LineString","coordinates":[[37.6366317,55.7297487],[37.6366602,55.7295122],[37.6366733,55.7294146],[37.6366879,55.7293201],[37.6367571,55.7288771]]},"properties":{"segmentId":"osm-rel:1343391:way:1300438687:127","routeId":"osm-rel:1343391","routeName":"Трамвай т2: МЦД Новогиреево => Метро «Чертановская»","routeRef":"т2","relationId":1343391,"fromStopId":"osm:7706051165","toStopId":"osm:12045304153","sequence":127,"osmWayId":1300438687}},{"type":"Feature","geometry":{"type":"LineString","coordinates":[[37.6367571,55.7288771],[37.6367728,55.7287764],[37.6368156,55.7286016],[37.6368361,55.7285268],[37.6368653,55.7284716],[37.6369372,55.7283772]]},"properties":{"segmentId":"osm-rel:1343391:way:1300438689:128","routeId":"osm-rel:1343391","routeName":"Трамвай т2: МЦД Новогиреево => Метро «Чертановская»","routeRef":"т2","relationId":1343391,"fromStopId":"osm:12045304153","toStopId":"osm:10042440110","sequence":128,"osmWayId":1300438689}},{"type":"Feature","geometry":{"type":"LineString","coordinates":[[37.6369372,55.7283772],[37.6370024,55.7282917],[37.637066,55.7282032],[37.6370842,55.7281795],[37.6370968,55.7281536],[37.6371309,55.7280477],[37.6371361,55.7279896],[37.6371445,55.7279113]]},"properties":{"segmentId":"osm-rel:1343391:way:1300438691:129","routeId":"osm-rel:1343391","routeName":"Трамвай т2: МЦД Новогиреево => Метро «Чертановская»","routeRef":"т2","relationId":1343391,"fromStopId":"osm:10042440110","toStopId":"osm:12045304157","sequence":129,"osmWayId":1300438691}},{"type":"Feature","geometry":{"type":"LineString","coordinates":[[37.6371445,55.7279113],[37.6371783,55.7276682],[37.6372094,55.7273494],[37.6372403,55.726948]]},"properties":{"segmentId":"osm-rel:1343391:way:1300438693:130","routeId":"osm-rel:1343391","routeName":"Трамвай т2: МЦД Новогиреево => Метро «Чертановская»","routeRef":"т2","relationId":1343391,"fromStopId":"osm:12045304157","toStopId":"osm:1376689652","sequence":130,"osmWayId":1300438693}},{"type":"Feature","geometry":{"type":"LineString","coordinates":[[37.6372403,55.726948],[37.6372523,55.7268254],[37.6372403,55.7265135],[37.6371143,55.7260005]]},"properties":{"segmentId":"osm-rel:1343391:way:1300438696:131","routeId":"osm-rel:1343391","routeName":"Трамвай т2: МЦД Новогиреево => Метро «Чертановская»","routeRef":"т2","relationId":1343391,"fromStopId":"osm:1376689652","toStopId":"osm:12045304161","sequence":131,"osmWayId":1300438696}},{"type":"Feature","geometry":{"type":"LineString","coordinates":[[37.6371143,55.7260005],[37.6370673,55.7258089],[37.6370521,55.7257586],[37.6368775,55.7252789],[37.6367795,55.7249879]]},"properties":{"segmentId":"osm-rel:1343391:way:1300438697:132","routeId":"osm-rel:1343391","routeName":"Трамвай т2: МЦД Новогиреево => Метро «Чертановская»","routeRef":"т2","relationId":1343391,"fromStopId":"osm:12045304161","toStopId":"osm:12045304162","sequence":132,"osmWayId":1300438697}},{"type":"Feature","geometry":{"type":"LineString","coordinates":[[37.6367795,55.7249879],[37.6367512,55.7249037],[37.6365377,55.7242277],[37.6364815,55.7240327]]},"properties":{"segmentId":"osm-rel:1343391:way:1300438700:133","routeId":"osm-rel:1343391","routeName":"Трамвай т2: МЦД Новогиреево => Метро «Чертановская»","routeRef":"т2","relationId":1343391,"fromStopId":"osm:12045304162","toStopId":"osm:1376689724","sequence":133,"osmWayId":1300438700}},{"type":"Feature","geometry":{"type":"LineString","coordinates":[[37.6364815,55.7240327],[37.6364444,55.7238225],[37.6364272,55.7236935],[37.6364154,55.7236046],[37.6363989,55.7234769],[37.636344,55.7233395],[37.6362084,55.7230294]]},"properties":{"segmentId":"osm-rel:1343391:way:1300438702:134","routeId":"osm-rel:1343391","routeName":"Трамвай т2: МЦД Новогиреево => Метро «Чертановская»","routeRef":"т2","relationId":1343391,"fromStopId":"osm:1376689724","toStopId":"osm:12045304165","sequence":134,"osmWayId":1300438702}},{"type":"Feature","geometry":{"type":"LineString","coordinates":[[37.6362084,55.7230294],[37.636031,55.7226234],[37.6357959,55.7220923],[37.6357303,55.7219442],[37.6352012,55.7207823],[37.6346788,55.7195218],[37.6344938,55.7190645],[37.634202,55.7183636],[37.6341076,55.7181486],[37.6337606,55.7173656],[37.6337175,55.7172704],[37.6335159,55.7168251],[37.6333309,55.716406]]},"properties":{"segmentId":"osm-rel:1343391:way:1300438703:135","routeId":"osm-rel:1343391","routeName":"Трамвай т2: МЦД Новогиреево => Метро «Чертановская»","routeRef":"т2","relationId":1343391,"fromStopId":"osm:12045304165","toStopId":"osm:1376689766","sequence":135,"osmWayId":1300438703}},{"type":"Feature","geometry":{"type":"LineString","coordinates":[[37.6333309,55.716406],[37.6332752,55.7162796],[37.6332396,55.7161939],[37.6331791,55.7160482],[37.6331131,55.7158828],[37.6330886,55.7157216],[37.633132,55.7154969],[37.6331986,55.7151515],[37.6332455,55.7148348],[37.6332586,55.7146371],[37.6332333,55.7143252],[37.633219,55.7142349]]},"properties":{"segmentId":"osm-rel:1343391:way:1300438706:136","routeId":"osm-rel:1343391","routeName":"Трамвай т2: МЦД Новогиреево => Метро «Чертановская»","routeRef":"т2","relationId":1343391,"fromStopId":"osm:1376689766","toStopId":"osm:12045304167","sequence":136,"osmWayId":1300438706}},{"type":"Feature","geometry":{"type":"LineString","coordinates":[[37.633219,55.7142349],[37.6331976,55.7141004],[37.6331735,55.713973],[37.6331198,55.7137395],[37.6330742,55.7135114],[37.6330474,55.7132636],[37.6330279,55.7128894],[37.6330165,55.7124534]]},"properties":{"segmentId":"osm-rel:1343391:way:1300438707:137","routeId":"osm-rel:1343391","routeName":"Трамвай т2: МЦД Новогиреево => Метро «Чертановская»","routeRef":"т2","relationId":1343391,"fromStopId":"osm:12045304167","toStopId":"osm:1376689682","sequence":137,"osmWayId":1300438707}},{"type":"Feature","geometry":{"type":"LineString","coordinates":[[37.6330165,55.7124534],[37.6329971,55.7121206],[37.6329731,55.711961],[37.6329388,55.7118916],[37.6328925,55.7118247],[37.6327954,55.7117519],[37.6327229,55.7117209],[37.6326016,55.7116864],[37.6323643,55.7116612],[37.6319708,55.7116532]]},"properties":{"segmentId":"osm-rel:1343391:way:1300438709:138","routeId":"osm-rel:1343391","routeName":"Трамвай т2: МЦД Новогиреево => Метро «Чертановская»","routeRef":"т2","relationId":1343391,"fromStopId":"osm:1376689682","toStopId":"osm:12045304168","sequence":138,"osmWayId":1300438709}},{"type":"Feature","geometry":{"type":"LineString","coordinates":[[37.6319708,55.7116532],[37.6315772,55.7116452],[37.6310805,55.711631],[37.6306511,55.711616],[37.629417,55.7115817],[37.6274012,55.7115206],[37.6273615,55.7115196],[37.6272943,55.711519],[37.6271676,55.7115178],[37.6262633,55.7115099],[37.62604,55.7115073],[37.6249746,55.7114992]]},"properties":{"segmentId":"osm-rel:1343391:way:123456000:139","routeId":"osm-rel:1343391","routeName":"Трамвай т2: МЦД Новогиреево => Метро «Чертановская»","routeRef":"т2","relationId":1343391,"fromStopId":"osm:12045304168","toStopId":"osm:1376689664","sequence":139,"osmWayId":123456000}},{"type":"Feature","geometry":{"type":"LineString","coordinates":[[37.6249746,55.7114992],[37.6247825,55.7114774],[37.6246788,55.7114515],[37.6246044,55.7114216],[37.6245488,55.7113832],[37.6245189,55.711341],[37.6245012,55.7112353]]},"properties":{"segmentId":"osm-rel:1343391:way:123455997:140","routeId":"osm-rel:1343391","routeName":"Трамвай т2: МЦД Новогиреево => Метро «Чертановская»","routeRef":"т2","relationId":1343391,"fromStopId":"osm:1376689664","toStopId":"osm:1376637543","sequence":140,"osmWayId":123455997}},{"type":"Feature","geometry":{"type":"LineString","coordinates":[[37.6245012,55.7112353],[37.6245037,55.7112124],[37.6245672,55.7109064],[37.624676,55.7103823]]},"properties":{"segmentId":"osm-rel:1343391:way:1300705149:141","routeId":"osm-rel:1343391","routeName":"Трамвай т2: МЦД Новогиреево => Метро «Чертановская»","routeRef":"т2","relationId":1343391,"fromStopId":"osm:1376637543","toStopId":"osm:12047533799","sequence":141,"osmWayId":1300705149}},{"type":"Feature","geometry":{"type":"LineString","coordinates":[[37.624676,55.7103823],[37.6247198,55.710171],[37.6246617,55.7097051],[37.62466,55.7096919],[37.6245775,55.7092974]]},"properties":{"segmentId":"osm-rel:1343391:way:1300705151:142","routeId":"osm-rel:1343391","routeName":"Трамвай т2: МЦД Новогиреево => Метро «Чертановская»","routeRef":"т2","relationId":1343391,"fromStopId":"osm:12047533799","toStopId":"osm:12047533801","sequence":142,"osmWayId":1300705151}},{"type":"Feature","geometry":{"type":"LineString","coordinates":[[37.6245775,55.7092974],[37.6245716,55.7092692],[37.6244199,55.7084867]]},"properties":{"segmentId":"osm-rel:1343391:way:1300705153:143","routeId":"osm-rel:1343391","routeName":"Трамвай т2: МЦД Новогиреево => Метро «Чертановская»","routeRef":"т2","relationId":1343391,"fromStopId":"osm:12047533801","toStopId":"osm:3230415894","sequence":143,"osmWayId":1300705153}},{"type":"Feature","geometry":{"type":"LineString","coordinates":[[37.6244199,55.7084867],[37.6243613,55.7081804],[37.6243706,55.7080821],[37.6243879,55.7079635],[37.6244171,55.7077542]]},"properties":{"segmentId":"osm-rel:1343391:way:1300705155:144","routeId":"osm-rel:1343391","routeName":"Трамвай т2: МЦД Новогиреево => Метро «Чертановская»","routeRef":"т2","relationId":1343391,"fromStopId":"osm:3230415894","toStopId":"osm:12047533803","sequence":144,"osmWayId":1300705155}},{"type":"Feature","geometry":{"type":"LineString","coordinates":[[37.6244171,55.7077542],[37.6244351,55.7076247],[37.6245681,55.7069666],[37.6246675,55.7064745],[37.6247832,55.7060661]]},"properties":{"segmentId":"osm-rel:1343391:way:1300705157:145","routeId":"osm-rel:1343391","routeName":"Трамвай т2: МЦД Новогиреево => Метро «Чертановская»","routeRef":"т2","relationId":1343391,"fromStopId":"osm:12047533803","toStopId":"osm:1472966575","sequence":145,"osmWayId":1300705157}},{"type":"Feature","geometry":{"type":"LineString","coordinates":[[37.6247832,55.7060661],[37.624842,55.70592],[37.6248511,55.7058061],[37.624838,55.7057111],[37.6248078,55.705633],[37.6247385,55.7055722],[37.6246157,55.705484],[37.6245552,55.7054405],[37.6244072,55.7053357]]},"properties":{"segmentId":"osm-rel:1343391:way:1300705160:146","routeId":"osm-rel:1343391","routeName":"Трамвай т2: МЦД Новогиреево => Метро «Чертановская»","routeRef":"т2","relationId":1343391,"fromStopId":"osm:1472966575","toStopId":"osm:1376637493","sequence":146,"osmWayId":1300705160}},{"type":"Feature","geometry":{"type":"LineString","coordinates":[[37.6244072,55.7053357],[37.6242751,55.7052367],[37.6241671,55.7051594],[37.6240493,55.7050779]]},"properties":{"segmentId":"osm-rel:1343391:way:1300705161:147","routeId":"osm-rel:1343391","routeName":"Трамвай т2: МЦД Новогиреево => Метро «Чертановская»","routeRef":"т2","relationId":1343391,"fromStopId":"osm:1376637493","toStopId":"osm:1376637487","sequence":147,"osmWayId":1300705161}},{"type":"Feature","geometry":{"type":"LineString","coordinates":[[37.6240493,55.7050779],[37.6239302,55.7049957],[37.6237979,55.7049127],[37.6234713,55.7047484]]},"properties":{"segmentId":"osm-rel:1343391:way:1300705163:148","routeId":"osm-rel:1343391","routeName":"Трамвай т2: МЦД Новогиреево => Метро «Чертановская»","routeRef":"т2","relationId":1343391,"fromStopId":"osm:1376637487","toStopId":"osm:12047533805","sequence":148,"osmWayId":1300705163}},{"type":"Feature","geometry":{"type":"LineString","coordinates":[[37.6234713,55.7047484],[37.6228903,55.7044562]]},"properties":{"segmentId":"osm-rel:1343391:way:1300705166:149","routeId":"osm-rel:1343391","routeName":"Трамвай т2: МЦД Новогиреево => Метро «Чертановская»","routeRef":"т2","relationId":1343391,"fromStopId":"osm:12047533805","toStopId":"osm:1376637395","sequence":149,"osmWayId":1300705166}},{"type":"Feature","geometry":{"type":"LineString","coordinates":[[37.6228903,55.7044562],[37.6227685,55.7043911],[37.6226309,55.7043121],[37.6225072,55.704229],[37.6223971,55.7041426],[37.6222958,55.7040549],[37.6222044,55.7039618],[37.62214,55.7038621],[37.6220817,55.7037699],[37.6220378,55.7036594],[37.6220129,55.7035617],[37.6219526,55.7030905],[37.621941,55.7029993],[37.6219431,55.7029249],[37.6219545,55.7028746],[37.6219715,55.7028297],[37.6219915,55.7027764],[37.6220115,55.7027231],[37.6220356,55.7026294],[37.6220417,55.7025596],[37.6220343,55.7024915],[37.6220142,55.7024238],[37.6219574,55.7022649],[37.6218727,55.7020317]]},"properties":{"segmentId":"osm-rel:1343391:way:123450442:150","routeId":"osm-rel:1343391","routeName":"Трамвай т2: МЦД Новогиреево => Метро «Чертановская»","routeRef":"т2","relationId":1343391,"fromStopId":"osm:1376637395","toStopId":"osm:1376637424","sequence":150,"osmWayId":123450442}},{"type":"Feature","geometry":{"type":"LineString","coordinates":[[37.6218727,55.7020317],[37.6217391,55.7016578],[37.6217159,55.7015925],[37.6216552,55.701423],[37.6216255,55.7012968],[37.621494,55.7009595]]},"properties":{"segmentId":"osm-rel:1343391:way:573322870:151","routeId":"osm-rel:1343391","routeName":"Трамвай т2: МЦД Новогиреево => Метро «Чертановская»","routeRef":"т2","relationId":1343391,"fromStopId":"osm:1376637424","toStopId":"osm:1377188043","sequence":151,"osmWayId":573322870}},{"type":"Feature","geometry":{"type":"LineString","coordinates":[[37.621494,55.7009595],[37.6214688,55.7008958],[37.6214486,55.7008446],[37.621184,55.7004061],[37.6209296,55.6999587]]},"properties":{"segmentId":"osm-rel:1343391:way:1300705167:152","routeId":"osm-rel:1343391","routeName":"Трамвай т2: МЦД Новогиреево => Метро «Чертановская»","routeRef":"т2","relationId":1343391,"fromStopId":"osm:1377188043","toStopId":"osm:1377188198","sequence":152,"osmWayId":1300705167}},{"type":"Feature","geometry":{"type":"LineString","coordinates":[[37.6209296,55.6999587],[37.6208705,55.6998455],[37.6207531,55.6995793],[37.6207012,55.6994184],[37.6206597,55.6992556],[37.6206409,55.6991198],[37.6206368,55.6989838],[37.6206487,55.6987029],[37.6206626,55.6986111],[37.6206928,55.6984557]]},"properties":{"segmentId":"osm-rel:1343391:way:1300705169:153","routeId":"osm-rel:1343391","routeName":"Трамвай т2: МЦД Новогиреево => Метро «Чертановская»","routeRef":"т2","relationId":1343391,"fromStopId":"osm:1377188198","toStopId":"osm:12047533808","sequence":153,"osmWayId":1300705169}},{"type":"Feature","geometry":{"type":"LineString","coordinates":[[37.6206928,55.6984557],[37.6208955,55.6974381],[37.620958,55.6970641],[37.6211176,55.6962479],[37.62117,55.6959833],[37.6212086,55.6957768],[37.6212538,55.6955304]]},"properties":{"segmentId":"osm-rel:1343391:way:1300705170:154","routeId":"osm-rel:1343391","routeName":"Трамвай т2: МЦД Новогиреево => Метро «Чертановская»","routeRef":"т2","relationId":1343391,"fromStopId":"osm:12047533808","toStopId":"osm:1377188053","sequence":154,"osmWayId":1300705170}},{"type":"Feature","geometry":{"type":"LineString","coordinates":[[37.6212538,55.6955304],[37.6215086,55.6942307],[37.621605,55.693771],[37.6217611,55.6930259],[37.6218676,55.6925175],[37.6221261,55.6911815],[37.6221569,55.6910207]]},"properties":{"segmentId":"osm-rel:1343391:way:1300705172:155","routeId":"osm-rel:1343391","routeName":"Трамвай т2: МЦД Новогиреево => Метро «Чертановская»","routeRef":"т2","relationId":1343391,"fromStopId":"osm:1377188053","toStopId":"osm:12047533810","sequence":155,"osmWayId":1300705172}},{"type":"Feature","geometry":{"type":"LineString","coordinates":[[37.6221569,55.6910207],[37.6222547,55.6904443]]},"properties":{"segmentId":"osm-rel:1343391:way:1300705174:156","routeId":"osm-rel:1343391","routeName":"Трамвай т2: МЦД Новогиреево => Метро «Чертановская»","routeRef":"т2","relationId":1343391,"fromStopId":"osm:12047533810","toStopId":"osm:12047533812","sequence":156,"osmWayId":1300705174}},{"type":"Feature","geometry":{"type":"LineString","coordinates":[[37.6222547,55.6904443],[37.6222646,55.6903862],[37.6222888,55.6902527],[37.622396,55.6896974],[37.6224187,55.6895799],[37.6226468,55.6883992],[37.6230226,55.6868924],[37.6230742,55.686684]]},"properties":{"segmentId":"osm-rel:1343391:way:1300705177:157","routeId":"osm-rel:1343391","routeName":"Трамвай т2: МЦД Новогиреево => Метро «Чертановская»","routeRef":"т2","relationId":1343391,"fromStopId":"osm:12047533812","toStopId":"osm:12047533815","sequence":157,"osmWayId":1300705177}},{"type":"Feature","geometry":{"type":"LineString","coordinates":[[37.6230742,55.686684],[37.6233937,55.6853947],[37.6235092,55.6849184],[37.6236766,55.6842818],[37.623718,55.6841294],[37.6238022,55.6837903],[37.6239582,55.6831625],[37.6242331,55.6821161],[37.6242634,55.6820055]]},"properties":{"segmentId":"osm-rel:1343391:way:123522334:158","routeId":"osm-rel:1343391","routeName":"Трамвай т2: МЦД Новогиреево => Метро «Чертановская»","routeRef":"т2","relationId":1343391,"fromStopId":"osm:12047533815","toStopId":"osm:1377188164","sequence":158,"osmWayId":123522334}},{"type":"Feature","geometry":{"type":"LineString","coordinates":[[37.6242634,55.6820055],[37.6243285,55.6818038],[37.6244417,55.6814531]]},"properties":{"segmentId":"osm-rel:1343391:way:123545667:159","routeId":"osm-rel:1343391","routeName":"Трамвай т2: МЦД Новогиреево => Метро «Чертановская»","routeRef":"т2","relationId":1343391,"fromStopId":"osm:1377188164","toStopId":"osm:1377334417","sequence":159,"osmWayId":123545667}},{"type":"Feature","geometry":{"type":"LineString","coordinates":[[37.6244417,55.6814531],[37.6245999,55.6809463],[37.6247841,55.6803852],[37.6252029,55.679203],[37.6253864,55.6786891]]},"properties":{"segmentId":"osm-rel:1343391:way:123545676:160","routeId":"osm-rel:1343391","routeName":"Трамвай т2: МЦД Новогиреево => Метро «Чертановская»","routeRef":"т2","relationId":1343391,"fromStopId":"osm:1377334417","toStopId":"osm:1377334403","sequence":160,"osmWayId":123545676}},{"type":"Feature","geometry":{"type":"LineString","coordinates":[[37.6253864,55.6786891],[37.6255701,55.6781817],[37.6256032,55.6780948],[37.6256252,55.6780371],[37.625659,55.6779366],[37.625972,55.677006],[37.6264039,55.6757844]]},"properties":{"segmentId":"osm-rel:1343391:way:123545670:161","routeId":"osm-rel:1343391","routeName":"Трамвай т2: МЦД Новогиреево => Метро «Чертановская»","routeRef":"т2","relationId":1343391,"fromStopId":"osm:1377334403","toStopId":"osm:12049239414","sequence":161,"osmWayId":123545670}},{"type":"Feature","geometry":{"type":"LineString","coordinates":[[37.6264039,55.6757844],[37.6264851,55.6755549],[37.6265082,55.6754894],[37.6265955,55.6753044],[37.6267147,55.6751139],[37.6268798,55.6748818],[37.626892,55.6748649],[37.6269655,55.6747632],[37.6273159,55.6742465]]},"properties":{"segmentId":"osm-rel:1343391:way:1300902005:162","routeId":"osm-rel:1343391","routeName":"Трамвай т2: МЦД Новогиреево => Метро «Чертановская»","routeRef":"т2","relationId":1343391,"fromStopId":"osm:12049239414","toStopId":"osm:1377334384","sequence":162,"osmWayId":1300902005}},{"type":"Feature","geometry":{"type":"LineString","coordinates":[[37.6273159,55.6742465],[37.6274353,55.6740062],[37.6275166,55.6737373],[37.6275603,55.6735273],[37.6275855,55.6733099],[37.6275965,55.6731745],[37.6275969,55.6730363],[37.6275837,55.6728519],[37.6275502,55.6726659],[37.62751,55.6725404],[37.627462,55.6724142]]},"properties":{"segmentId":"osm-rel:1343391:way:287449372:163","routeId":"osm-rel:1343391","routeName":"Трамвай т2: МЦД Новогиреево => Метро «Чертановская»","routeRef":"т2","relationId":1343391,"fromStopId":"osm:1377334384","toStopId":"osm:1377334379","sequence":163,"osmWayId":287449372}},{"type":"Feature","geometry":{"type":"LineString","coordinates":[[37.627462,55.6724142],[37.6273705,55.6722106],[37.6272444,55.6720064],[37.6269523,55.6715988],[37.626875,55.6714733]]},"properties":{"segmentId":"osm-rel:1343391:way:1300902009:164","routeId":"osm-rel:1343391","routeName":"Трамвай т2: МЦД Новогиреево => Метро «Чертановская»","routeRef":"т2","relationId":1343391,"fromStopId":"osm:1377334379","toStopId":"osm:12049239417","sequence":164,"osmWayId":1300902009}},{"type":"Feature","geometry":{"type":"LineString","coordinates":[[37.626875,55.6714733],[37.6263524,55.6706242],[37.626338,55.6705996],[37.6262946,55.6705393],[37.6259081,55.6699646]]},"properties":{"segmentId":"osm-rel:1343391:way:1300902011:165","routeId":"osm-rel:1343391","routeName":"Трамвай т2: МЦД Новогиреево => Метро «Чертановская»","routeRef":"т2","relationId":1343391,"fromStopId":"osm:12049239417","toStopId":"osm:12049239419","sequence":165,"osmWayId":1300902011}},{"type":"Feature","geometry":{"type":"LineString","coordinates":[[37.6259081,55.6699646],[37.6258427,55.6698673],[37.6256321,55.6696084],[37.6254553,55.6693888]]},"properties":{"segmentId":"osm-rel:1343391:way:1300902012:166","routeId":"osm-rel:1343391","routeName":"Трамвай т2: МЦД Новогиреево => Метро «Чертановская»","routeRef":"т2","relationId":1343391,"fromStopId":"osm:12049239419","toStopId":"osm:1377334349","sequence":166,"osmWayId":1300902012}},{"type":"Feature","geometry":{"type":"LineString","coordinates":[[37.6254553,55.6693888],[37.6251667,55.6690578],[37.6248718,55.6687228],[37.6244803,55.6682382],[37.6240804,55.6677979],[37.6240519,55.667757]]},"properties":{"segmentId":"osm-rel:1343391:way:287449375:167","routeId":"osm-rel:1343391","routeName":"Трамвай т2: МЦД Новогиреево => Метро «Чертановская»","routeRef":"т2","relationId":1343391,"fromStopId":"osm:1377334349","toStopId":"osm:1524923282","sequence":167,"osmWayId":287449375}},{"type":"Feature","geometry":{"type":"LineString","coordinates":[[37.6240519,55.667757],[37.6239788,55.6676519],[37.6239069,55.6674724],[37.6238815,55.6672699],[37.6238866,55.6671576]]},"properties":{"segmentId":"osm-rel:1343391:way:1300902017:168","routeId":"osm-rel:1343391","routeName":"Трамвай т2: МЦД Новогиреево => Метро «Чертановская»","routeRef":"т2","relationId":1343391,"fromStopId":"osm:1524923282","toStopId":"osm:12049239421","sequence":168,"osmWayId":1300902017}},{"type":"Feature","geometry":{"type":"LineString","coordinates":[[37.6238866,55.6671576],[37.6239119,55.6665954]]},"properties":{"segmentId":"osm-rel:1343391:way:1300902019:169","routeId":"osm-rel:1343391","routeName":"Трамвай т2: МЦД Новогиреево => Метро «Чертановская»","routeRef":"т2","relationId":1343391,"fromStopId":"osm:12049239421","toStopId":"osm:1377334352","sequence":169,"osmWayId":1300902019}},{"type":"Feature","geometry":{"type":"LineString","coordinates":[[37.6239119,55.6665954],[37.6239633,55.6659986]]},"properties":{"segmentId":"osm-rel:1343391:way:1300902014:170","routeId":"osm-rel:1343391","routeName":"Трамвай т2: МЦД Новогиреево => Метро «Чертановская»","routeRef":"т2","relationId":1343391,"fromStopId":"osm:1377334352","toStopId":"osm:1377334350","sequence":170,"osmWayId":1300902014}},{"type":"Feature","geometry":{"type":"LineString","coordinates":[[37.6239633,55.6659986],[37.6239169,55.6651939],[37.6238996,55.6648356],[37.6238805,55.6646036],[37.6237846,55.6644034],[37.6236355,55.6642161],[37.6234073,55.6640327]]},"properties":{"segmentId":"osm-rel:1343391:way:124060822:171","routeId":"osm-rel:1343391","routeName":"Трамвай т2: МЦД Новогиреево => Метро «Чертановская»","routeRef":"т2","relationId":1343391,"fromStopId":"osm:1377334350","toStopId":"osm:1381710692","sequence":171,"osmWayId":124060822}},{"type":"Feature","geometry":{"type":"LineString","coordinates":[[37.6234073,55.6640327],[37.6231295,55.6638753],[37.6229289,55.6637955],[37.6220373,55.6635819],[37.6217775,55.6635193],[37.6215783,55.6634861],[37.6211156,55.6634754],[37.6206152,55.6635295],[37.6191725,55.663727]]},"properties":{"segmentId":"osm-rel:1343391:way:287449369:172","routeId":"osm-rel:1343391","routeName":"Трамвай т2: МЦД Новогиреево => Метро «Чертановская»","routeRef":"т2","relationId":1343391,"fromStopId":"osm:1381710692","toStopId":"osm:1381710685","sequence":172,"osmWayId":287449369}},{"type":"Feature","geometry":{"type":"LineString","coordinates":[[37.6191725,55.663727],[37.6176918,55.6638806]]},"properties":{"segmentId":"osm-rel:1343391:way:1300902020:173","routeId":"osm-rel:1343391","routeName":"Трамвай т2: МЦД Новогиреево => Метро «Чертановская»","routeRef":"т2","relationId":1343391,"fromStopId":"osm:1381710685","toStopId":"osm:1381710689","sequence":173,"osmWayId":1300902020}},{"type":"Feature","geometry":{"type":"LineString","coordinates":[[37.6176918,55.6638806],[37.6165818,55.6640101]]},"properties":{"segmentId":"osm-rel:1343391:way:124060830:174","routeId":"osm-rel:1343391","routeName":"Трамвай т2: МЦД Новогиреево => Метро «Чертановская»","routeRef":"т2","relationId":1343391,"fromStopId":"osm:1381710689","toStopId":"osm:1381710693","sequence":174,"osmWayId":124060830}},{"type":"Feature","geometry":{"type":"LineString","coordinates":[[37.6165818,55.6640101],[37.6160761,55.6640612],[37.6151502,55.6641479],[37.6150681,55.6641556]]},"properties":{"segmentId":"osm-rel:1343391:way:1300902022:175","routeId":"osm-rel:1343391","routeName":"Трамвай т2: МЦД Новогиреево => Метро «Чертановская»","routeRef":"т2","relationId":1343391,"fromStopId":"osm:1381710693","toStopId":"osm:12049239422","sequence":175,"osmWayId":1300902022}},{"type":"Feature","geometry":{"type":"LineString","coordinates":[[37.6150681,55.6641556],[37.6146613,55.6641936],[37.6145733,55.6641972],[37.6144896,55.66419],[37.6144203,55.6641713],[37.6143538,55.664145],[37.6141857,55.6640113]]},"properties":{"segmentId":"osm-rel:1343391:way:1300902025:176","routeId":"osm-rel:1343391","routeName":"Трамвай т2: МЦД Новогиреево => Метро «Чертановская»","routeRef":"т2","relationId":1343391,"fromStopId":"osm:12049239422","toStopId":"osm:12049239424","sequence":176,"osmWayId":1300902025}},{"type":"Feature","geometry":{"type":"LineString","coordinates":[[37.6141857,55.6640113],[37.613768,55.6636792],[37.6136164,55.6635587],[37.6136066,55.6635509],[37.6135384,55.6634915],[37.6134638,55.6634266],[37.6134541,55.6634186],[37.6133643,55.6633439],[37.6131664,55.6631885],[37.6131157,55.6631487],[37.6128165,55.6629046],[37.6125826,55.6627162],[37.6118757,55.6621339],[37.6105698,55.6610569],[37.6104202,55.6609335],[37.6103166,55.6608481],[37.6101119,55.6606793],[37.6098091,55.6604185],[37.6082999,55.6591695],[37.6080619,55.6589725],[37.6080008,55.6589225],[37.607782,55.6587436]]},"properties":{"segmentId":"osm-rel:1343391:way:124060833:177","routeId":"osm-rel:1343391","routeName":"Трамвай т2: МЦД Новогиреево => Метро «Чертановская»","routeRef":"т2","relationId":1343391,"fromStopId":"osm:12049239424","toStopId":"osm:1612777351","sequence":177,"osmWayId":124060833}},{"type":"Feature","geometry":{"type":"LineString","coordinates":[[37.607782,55.6587436],[37.6071351,55.6582145]]},"properties":{"segmentId":"osm-rel:1343391:way:148176172:178","routeId":"osm-rel:1343391","routeName":"Трамвай т2: МЦД Новогиреево => Метро «Чертановская»","routeRef":"т2","relationId":1343391,"fromStopId":"osm:1612777351","toStopId":"osm:1381710646","sequence":178,"osmWayId":148176172}},{"type":"Feature","geometry":{"type":"LineString","coordinates":[[37.6071351,55.6582145],[37.6068104,55.6579492],[37.6058525,55.6571563]]},"properties":{"segmentId":"osm-rel:1343391:way:1300902026:179","routeId":"osm-rel:1343391","routeName":"Трамвай т2: МЦД Новогиреево => Метро «Чертановская»","routeRef":"т2","relationId":1343391,"fromStopId":"osm:1381710646","toStopId":"osm:12049239425","sequence":179,"osmWayId":1300902026}},{"type":"Feature","geometry":{"type":"LineString","coordinates":[[37.6058525,55.6571563],[37.6057432,55.6570658],[37.6055734,55.6568834]]},"properties":{"segmentId":"osm-rel:1343391:way:1300902029:180","routeId":"osm-rel:1343391","routeName":"Трамвай т2: МЦД Новогиреево => Метро «Чертановская»","routeRef":"т2","relationId":1343391,"fromStopId":"osm:12049239425","toStopId":"osm:1381710640","sequence":180,"osmWayId":1300902029}},{"type":"Feature","geometry":{"type":"LineString","coordinates":[[37.6055734,55.6568834],[37.6054582,55.6567393],[37.605422,55.6566795],[37.6054089,55.6566435],[37.6054001,55.6566191],[37.6053677,55.6565313],[37.6053475,55.6563572],[37.6053482,55.6562984]]},"properties":{"segmentId":"osm-rel:1343391:way:1300902030:181","routeId":"osm-rel:1343391","routeName":"Трамвай т2: МЦД Новогиреево => Метро «Чертановская»","routeRef":"т2","relationId":1343391,"fromStopId":"osm:1381710640","toStopId":"osm:12049239427","sequence":181,"osmWayId":1300902030}},{"type":"Feature","geometry":{"type":"LineString","coordinates":[[37.6053482,55.6562984],[37.605352,55.655994],[37.6053803,55.6547949],[37.6054033,55.6537362],[37.6054067,55.6536252],[37.6054114,55.65347]]},"properties":{"segmentId":"osm-rel:1343391:way:1300902032:182","routeId":"osm-rel:1343391","routeName":"Трамвай т2: МЦД Новогиреево => Метро «Чертановская»","routeRef":"т2","relationId":1343391,"fromStopId":"osm:12049239427","toStopId":"osm:2976427458","sequence":182,"osmWayId":1300902032}},{"type":"Feature","geometry":{"type":"LineString","coordinates":[[37.6054114,55.65347],[37.6054139,55.6533883],[37.6054176,55.6530755],[37.6054182,55.6529622],[37.6054496,55.6510617],[37.6054587,55.6506401],[37.6054902,55.6491778],[37.6054928,55.6490604],[37.6054973,55.648861],[37.6055026,55.6486249],[37.605515,55.6481483]]},"properties":{"segmentId":"osm-rel:1343391:way:124060835:183","routeId":"osm-rel:1343391","routeName":"Трамвай т2: МЦД Новогиреево => Метро «Чертановская»","routeRef":"т2","relationId":1343391,"fromStopId":"osm:2976427458","toStopId":"osm:12049239428","sequence":183,"osmWayId":124060835}},{"type":"Feature","geometry":{"type":"LineString","coordinates":[[37.605515,55.6481483],[37.6055348,55.6473854],[37.6055469,55.6455234],[37.6055475,55.6454754],[37.6055486,55.6453816],[37.6055558,55.645195]]},"properties":{"segmentId":"osm-rel:1343391:way:1300902033:184","routeId":"osm-rel:1343391","routeName":"Трамвай т2: МЦД Новогиреево => Метро «Чертановская»","routeRef":"т2","relationId":1343391,"fromStopId":"osm:12049239428","toStopId":"osm:12049239430","sequence":184,"osmWayId":1300902033}},{"type":"Feature","geometry":{"type":"LineString","coordinates":[[37.6055558,55.645195],[37.6055663,55.6449216],[37.6055702,55.6448194],[37.6055771,55.6446381]]},"properties":{"segmentId":"osm-rel:1343391:way:1300902036:185","routeId":"osm-rel:1343391","routeName":"Трамвай т2: МЦД Новогиреево => Метро «Чертановская»","routeRef":"т2","relationId":1343391,"fromStopId":"osm:12049239430","toStopId":"osm:1381710608","sequence":185,"osmWayId":1300902036}},{"type":"Feature","geometry":{"type":"LineString","coordinates":[[37.6055771,55.6446381],[37.6055615,55.644542],[37.6055306,55.6444799],[37.605461,55.6444337],[37.6053762,55.6444021],[37.6052723,55.6443822],[37.6051815,55.6443796],[37.6051629,55.6443791],[37.6049516,55.6443778]]},"properties":{"segmentId":"osm-rel:1343391:way:124060824:186","routeId":"osm-rel:1343391","routeName":"Трамвай т2: МЦД Новогиреево => Метро «Чертановская»","routeRef":"т2","relationId":1343391,"fromStopId":"osm:1381710608","toStopId":"osm:1381710602","sequence":186,"osmWayId":124060824}},{"type":"Feature","geometry":{"type":"LineString","coordinates":[[37.6049516,55.6443778],[37.6048043,55.6443769]]},"properties":{"segmentId":"osm-rel:1343391:way:1168296299:187","routeId":"osm-rel:1343391","routeName":"Трамвай т2: МЦД Новогиреево => Метро «Чертановская»","routeRef":"т2","relationId":1343391,"fromStopId":"osm:1381710602","toStopId":"osm:1381710601","sequence":187,"osmWayId":1168296299}},{"type":"Feature","geometry":{"type":"LineString","coordinates":[[37.6048043,55.6443769],[37.6047138,55.6443631],[37.604621,55.644349],[37.6045411,55.6443188],[37.6044828,55.6442756],[37.6044523,55.6442242],[37.6044528,55.64417],[37.6044503,55.643851]]},"properties":{"segmentId":"osm-rel:1343391:way:124060826:188","routeId":"osm-rel:1343391","routeName":"Трамвай т2: МЦД Новогиреево => Метро «Чертановская»","routeRef":"т2","relationId":1343391,"fromStopId":"osm:1381710601","toStopId":"osm:10865222525","sequence":188,"osmWayId":124060826}},{"type":"Feature","geometry":{"type":"LineString","coordinates":[[37.7238732,55.7530488],[37.7237483,55.7530247],[37.7219921,55.7526727],[37.7217362,55.7526265]]},"properties":{"segmentId":"osm-rel:1690015:way:337530708:0","routeId":"osm-rel:1690015","routeName":"Трамвай 38: Дом культуры «Компрессор» => Черёмушки","routeRef":"38","relationId":1690015,"fromStopId":"osm:800886899","toStopId":"osm:3957679866","sequence":0,"osmWayId":337530708}},{"type":"Feature","geometry":{"type":"LineString","coordinates":[[37.7217362,55.7526265],[37.7215119,55.752586]]},"properties":{"segmentId":"osm-rel:1690015:way:1296013626:1","routeId":"osm-rel:1690015","routeName":"Трамвай 38: Дом культуры «Компрессор» => Черёмушки","routeRef":"38","relationId":1690015,"fromStopId":"osm:3957679866","toStopId":"osm:1628043001","sequence":1,"osmWayId":1296013626}},{"type":"Feature","geometry":{"type":"LineString","coordinates":[[37.7215119,55.752586],[37.7205977,55.7524097],[37.7194193,55.7521825]]},"properties":{"segmentId":"osm-rel:1690015:way:149858849:2","routeId":"osm-rel:1690015","routeName":"Трамвай 38: Дом культуры «Компрессор» => Черёмушки","routeRef":"38","relationId":1690015,"fromStopId":"osm:1628043001","toStopId":"osm:12009252143","sequence":2,"osmWayId":149858849}},{"type":"Feature","geometry":{"type":"LineString","coordinates":[[37.7194193,55.7521825],[37.719056,55.7521124],[37.7177237,55.7518332]]},"properties":{"segmentId":"osm-rel:1690015:way:1296013624:3","routeId":"osm-rel:1690015","routeName":"Трамвай 38: Дом культуры «Компрессор» => Черёмушки","routeRef":"38","relationId":1690015,"fromStopId":"osm:12009252143","toStopId":"osm:1628042987","sequence":3,"osmWayId":1296013624}},{"type":"Feature","geometry":{"type":"LineString","coordinates":[[37.7177237,55.7518332],[37.7175733,55.7517981]]},"properties":{"segmentId":"osm-rel:1690015:way:149858844:4","routeId":"osm-rel:1690015","routeName":"Трамвай 38: Дом культуры «Компрессор» => Черёмушки","routeRef":"38","relationId":1690015,"fromStopId":"osm:1628042987","toStopId":"osm:1628042984","sequence":4,"osmWayId":149858844}},{"type":"Feature","geometry":{"type":"LineString","coordinates":[[37.7175733,55.7517981],[37.7173863,55.7517663],[37.7173374,55.7517577],[37.7172409,55.7517422]]},"properties":{"segmentId":"osm-rel:1690015:way:1293616233:5","routeId":"osm-rel:1690015","routeName":"Трамвай 38: Дом культуры «Компрессор» => Черёмушки","routeRef":"38","relationId":1690015,"fromStopId":"osm:1628042984","toStopId":"osm:1628042972","sequence":5,"osmWayId":1293616233}},{"type":"Feature","geometry":{"type":"LineString","coordinates":[[37.7172409,55.7517422],[37.7171636,55.7517312],[37.7171077,55.7517246],[37.7170694,55.75172],[37.7168283,55.7516946],[37.7167207,55.7516815],[37.7166255,55.7516671],[37.7164933,55.7516444]]},"properties":{"segmentId":"osm-rel:1690015:way:1293616235:6","routeId":"osm-rel:1690015","routeName":"Трамвай 38: Дом культуры «Компрессор» => Черёмушки","routeRef":"38","relationId":1690015,"fromStopId":"osm:1628042972","toStopId":"osm:1628042958","sequence":6,"osmWayId":1293616235}},{"type":"Feature","geometry":{"type":"LineString","coordinates":[[37.7164933,55.7516444],[37.7157334,55.7515035]]},"properties":{"segmentId":"osm-rel:1690015:way:1293616236:7","routeId":"osm-rel:1690015","routeName":"Трамвай 38: Дом культуры «Компрессор» => Черёмушки","routeRef":"38","relationId":1690015,"fromStopId":"osm:1628042958","toStopId":"osm:800886916","sequence":7,"osmWayId":1293616236}},{"type":"Feature","geometry":{"type":"LineString","coordinates":[[37.7157334,55.7515035],[37.7155891,55.7514718],[37.7154763,55.7514438],[37.7153568,55.7514096],[37.7150434,55.7513169],[37.7149332,55.7512867],[37.7148314,55.7512611],[37.7146961,55.7512319]]},"properties":{"segmentId":"osm-rel:1690015:way:244580719:8","routeId":"osm-rel:1690015","routeName":"Трамвай 38: Дом культуры «Компрессор» => Черёмушки","routeRef":"38","relationId":1690015,"fromStopId":"osm:800886916","toStopId":"osm:1628042938","sequence":8,"osmWayId":244580719}},{"type":"Feature","geometry":{"type":"LineString","coordinates":[[37.7146961,55.7512319],[37.7140134,55.7511025],[37.7136652,55.7510365]]},"properties":{"segmentId":"osm-rel:1690015:way:1293616239:9","routeId":"osm-rel:1690015","routeName":"Трамвай 38: Дом культуры «Компрессор» => Черёмушки","routeRef":"38","relationId":1690015,"fromStopId":"osm:1628042938","toStopId":"osm:1643202262","sequence":9,"osmWayId":1293616239}},{"type":"Feature","geometry":{"type":"LineString","coordinates":[[37.7136652,55.7510365],[37.7135414,55.7510101],[37.7135148,55.7510037],[37.7131023,55.7509116],[37.7129072,55.7508753]]},"properties":{"segmentId":"osm-rel:1690015:way:151377287:10","routeId":"osm-rel:1690015","routeName":"Трамвай 38: Дом культуры «Компрессор» => Черёмушки","routeRef":"38","relationId":1690015,"fromStopId":"osm:1643202262","toStopId":"osm:1642037504","sequence":10,"osmWayId":151377287}},{"type":"Feature","geometry":{"type":"LineString","coordinates":[[37.7129072,55.7508753],[37.7106888,55.7504409],[37.7104637,55.7503934]]},"properties":{"segmentId":"osm-rel:1690015:way:386461018:11","routeId":"osm-rel:1690015","routeName":"Трамвай 38: Дом культуры «Компрессор» => Черёмушки","routeRef":"38","relationId":1690015,"fromStopId":"osm:1642037504","toStopId":"osm:3897957012","sequence":11,"osmWayId":386461018}},{"type":"Feature","geometry":{"type":"LineString","coordinates":[[37.7104637,55.7503934],[37.7090873,55.7501287],[37.7089635,55.7501049],[37.707854,55.7498948],[37.7060079,55.7495317]]},"properties":{"segmentId":"osm-rel:1690015:way:386461020:12","routeId":"osm-rel:1690015","routeName":"Трамвай 38: Дом культуры «Компрессор» => Черёмушки","routeRef":"38","relationId":1690015,"fromStopId":"osm:3897957012","toStopId":"osm:1642037494","sequence":12,"osmWayId":386461020}},{"type":"Feature","geometry":{"type":"LineString","coordinates":[[37.7060079,55.7495317],[37.7053574,55.749405],[37.7046315,55.7492637],[37.7038346,55.7491204],[37.7033996,55.7490383],[37.7028995,55.7489692],[37.702502,55.7489033],[37.702175,55.7488409],[37.7011578,55.7486484],[37.7008564,55.7485929],[37.7002816,55.7484846],[37.7000978,55.748443],[37.6999606,55.7484067],[37.6998036,55.7483651],[37.6996339,55.7483202],[37.6989823,55.7481851],[37.6982836,55.74811],[37.696951,55.7480053],[37.696522,55.7479852],[37.6960355,55.7479714],[37.6950191,55.7479046],[37.6948769,55.7478953],[37.6945039,55.7478578],[37.6927627,55.7477066],[37.6890012,55.7474223],[37.6886253,55.7473962],[37.6864394,55.7472596]]},"properties":{"segmentId":"osm-rel:1690015:way:1072339879:13","routeId":"osm-rel:1690015","routeName":"Трамвай 38: Дом культуры «Компрессор» => Черёмушки","routeRef":"38","relationId":1690015,"fromStopId":"osm:1642037494","toStopId":"osm:9839023176","sequence":13,"osmWayId":1072339879}},{"type":"Feature","geometry":{"type":"LineString","coordinates":[[37.6864394,55.7472596],[37.6845817,55.7471078],[37.6829444,55.7469777]]},"properties":{"segmentId":"osm-rel:1690015:way:1072339877:14","routeId":"osm-rel:1690015","routeName":"Трамвай 38: Дом культуры «Компрессор» => Черёмушки","routeRef":"38","relationId":1690015,"fromStopId":"osm:9839023176","toStopId":"osm:9839023178","sequence":14,"osmWayId":1072339877}},{"type":"Feature","geometry":{"type":"LineString","coordinates":[[37.6829444,55.7469777],[37.6821926,55.7469179],[37.6819402,55.7468972],[37.6815721,55.7468677],[37.6813944,55.7468534]]},"properties":{"segmentId":"osm-rel:1690015:way:1318099367:15","routeId":"osm-rel:1690015","routeName":"Трамвай 38: Дом культуры «Компрессор» => Черёмушки","routeRef":"38","relationId":1690015,"fromStopId":"osm:9839023178","toStopId":"osm:1642037589","sequence":15,"osmWayId":1318099367}},{"type":"Feature","geometry":{"type":"LineString","coordinates":[[37.6813944,55.7468534],[37.6812517,55.7468653],[37.6811716,55.7468721],[37.6811191,55.7468766],[37.6808279,55.7469371],[37.6807046,55.7469448],[37.6805493,55.7469372],[37.6804699,55.746914],[37.6803877,55.7468789],[37.6803392,55.7468374],[37.6803025,55.7467929],[37.680282,55.7467632],[37.6802055,55.7466623],[37.6800988,55.7465279],[37.6800415,55.7464694],[37.6798678,55.7462773],[37.6797745,55.746174],[37.6795535,55.7459182],[37.6793091,55.745626],[37.6790701,55.7453735],[37.6789019,55.745225],[37.6785166,55.7448859],[37.6784333,55.7448126],[37.6781213,55.7445356],[37.6778742,55.7442858],[37.6774329,55.7438134],[37.677043,55.7433916],[37.6769463,55.7432935],[37.6765805,55.7429023],[37.6763726,55.74268],[37.6757234,55.7419961],[37.6753802,55.7416165],[37.6750564,55.7412921],[37.6743521,55.74053],[37.6740162,55.740187],[37.6738756,55.7400454]]},"properties":{"segmentId":"osm-rel:1690015:way:151377277:16","routeId":"osm-rel:1690015","routeName":"Трамвай 38: Дом культуры «Компрессор» => Черёмушки","routeRef":"38","relationId":1690015,"fromStopId":"osm:1642037589","toStopId":"osm:12041306796","sequence":16,"osmWayId":151377277}},{"type":"Feature","geometry":{"type":"LineString","coordinates":[[37.6738756,55.7400454],[37.6737824,55.7399311],[37.6736353,55.7397856]]},"properties":{"segmentId":"osm-rel:1690015:way:1299955280:17","routeId":"osm-rel:1690015","routeName":"Трамвай 38: Дом культуры «Компрессор» => Черёмушки","routeRef":"38","relationId":1690015,"fromStopId":"osm:12041306796","toStopId":"osm:477335829","sequence":17,"osmWayId":1299955280}},{"type":"Feature","geometry":{"type":"LineString","coordinates":[[37.6736353,55.7397856],[37.6732045,55.739235],[37.6731408,55.7391004],[37.6731302,55.7390801],[37.6730306,55.7388659]]},"properties":{"segmentId":"osm-rel:1690015:way:1450835111:18","routeId":"osm-rel:1690015","routeName":"Трамвай 38: Дом культуры «Компрессор» => Черёмушки","routeRef":"38","relationId":1690015,"fromStopId":"osm:477335829","toStopId":"osm:472373352","sequence":18,"osmWayId":1450835111}},{"type":"Feature","geometry":{"type":"LineString","coordinates":[[37.6730306,55.7388659],[37.6727458,55.7384219]]},"properties":{"segmentId":"osm-rel:1690015:way:54155741:19","routeId":"osm-rel:1690015","routeName":"Трамвай 38: Дом культуры «Компрессор» => Черёмушки","routeRef":"38","relationId":1690015,"fromStopId":"osm:472373352","toStopId":"osm:681606812","sequence":19,"osmWayId":54155741}},{"type":"Feature","geometry":{"type":"LineString","coordinates":[[37.6727458,55.7384219],[37.6725833,55.7381859],[37.6724428,55.7379807],[37.6721634,55.7375728],[37.6714269,55.7365072],[37.6713052,55.7363321],[37.6710512,55.7359645]]},"properties":{"segmentId":"osm-rel:1690015:way:251780982:20","routeId":"osm-rel:1690015","routeName":"Трамвай 38: Дом культуры «Компрессор» => Черёмушки","routeRef":"38","relationId":1690015,"fromStopId":"osm:681606812","toStopId":"osm:12041661107","sequence":20,"osmWayId":251780982}},{"type":"Feature","geometry":{"type":"LineString","coordinates":[[37.6710512,55.7359645],[37.6709643,55.735839],[37.6708301,55.7356661]]},"properties":{"segmentId":"osm-rel:1690015:way:1299996691:21","routeId":"osm-rel:1690015","routeName":"Трамвай 38: Дом культуры «Компрессор» => Черёмушки","routeRef":"38","relationId":1690015,"fromStopId":"osm:12041661107","toStopId":"osm:2579569649","sequence":21,"osmWayId":1299996691}},{"type":"Feature","geometry":{"type":"LineString","coordinates":[[37.6708301,55.7356661],[37.6705882,55.7354342],[37.6703406,55.7352146],[37.6700021,55.734922]]},"properties":{"segmentId":"osm-rel:1690015:way:1299996692:22","routeId":"osm-rel:1690015","routeName":"Трамвай 38: Дом культуры «Компрессор» => Черёмушки","routeRef":"38","relationId":1690015,"fromStopId":"osm:2579569649","toStopId":"osm:12041661108","sequence":22,"osmWayId":1299996692}},{"type":"Feature","geometry":{"type":"LineString","coordinates":[[37.6700021,55.734922],[37.6689571,55.7340187]]},"properties":{"segmentId":"osm-rel:1690015:way:1299996695:23","routeId":"osm-rel:1690015","routeName":"Трамвай 38: Дом культуры «Компрессор» => Черёмушки","routeRef":"38","relationId":1690015,"fromStopId":"osm:12041661108","toStopId":"osm:12041661110","sequence":23,"osmWayId":1299996695}},{"type":"Feature","geometry":{"type":"LineString","coordinates":[[37.6689571,55.7340187],[37.6688462,55.7339228],[37.6687469,55.7338217],[37.668611,55.7337049],[37.6684737,55.7336075]]},"properties":{"segmentId":"osm-rel:1690015:way:1299996696:24","routeId":"osm-rel:1690015","routeName":"Трамвай 38: Дом культуры «Компрессор» => Черёмушки","routeRef":"38","relationId":1690015,"fromStopId":"osm:12041661110","toStopId":"osm:1254021374","sequence":24,"osmWayId":1299996696}},{"type":"Feature","geometry":{"type":"LineString","coordinates":[[37.6684737,55.7336075],[37.6675028,55.7330283],[37.6674192,55.7329775]]},"properties":{"segmentId":"osm-rel:1690015:way:987694608:25","routeId":"osm-rel:1690015","routeName":"Трамвай 38: Дом культуры «Компрессор» => Черёмушки","routeRef":"38","relationId":1690015,"fromStopId":"osm:1254021374","toStopId":"osm:2826898679","sequence":25,"osmWayId":987694608}},{"type":"Feature","geometry":{"type":"LineString","coordinates":[[37.6674192,55.7329775],[37.6673297,55.732925],[37.666909,55.7326842]]},"properties":{"segmentId":"osm-rel:1690015:way:108261903:26","routeId":"osm-rel:1690015","routeName":"Трамвай 38: Дом культуры «Компрессор» => Черёмушки","routeRef":"38","relationId":1690015,"fromStopId":"osm:2826898679","toStopId":"osm:1254021401","sequence":26,"osmWayId":108261903}},{"type":"Feature","geometry":{"type":"LineString","coordinates":[[37.666909,55.7326842],[37.6665299,55.7325086],[37.6663502,55.7324022],[37.6662737,55.7323477],[37.6659033,55.7321278]]},"properties":{"segmentId":"osm-rel:1690015:way:837640603:27","routeId":"osm-rel:1690015","routeName":"Трамвай 38: Дом культуры «Компрессор» => Черёмушки","routeRef":"38","relationId":1690015,"fromStopId":"osm:1254021401","toStopId":"osm:253026325","sequence":27,"osmWayId":837640603}},{"type":"Feature","geometry":{"type":"LineString","coordinates":[[37.6659033,55.7321278],[37.6653277,55.7317775],[37.6650051,55.7316408],[37.6647865,55.7315861],[37.6641829,55.7314685]]},"properties":{"segmentId":"osm-rel:1690015:way:123584354:28","routeId":"osm-rel:1690015","routeName":"Трамвай 38: Дом культуры «Компрессор» => Черёмушки","routeRef":"38","relationId":1690015,"fromStopId":"osm:253026325","toStopId":"osm:9526519832","sequence":28,"osmWayId":123584354}},{"type":"Feature","geometry":{"type":"LineString","coordinates":[[37.6641829,55.7314685],[37.6639914,55.7314312],[37.6635682,55.731334],[37.6629956,55.7312027]]},"properties":{"segmentId":"osm-rel:1690015:way:1299996697:29","routeId":"osm-rel:1690015","routeName":"Трамвай 38: Дом культуры «Компрессор» => Черёмушки","routeRef":"38","relationId":1690015,"fromStopId":"osm:9526519832","toStopId":"osm:1377604237","sequence":29,"osmWayId":1299996697}},{"type":"Feature","geometry":{"type":"LineString","coordinates":[[37.6629956,55.7312027],[37.6629488,55.7311929]]},"properties":{"segmentId":"osm-rel:1690015:way:501265128:30","routeId":"osm-rel:1690015","routeName":"Трамвай 38: Дом культуры «Компрессор» => Черёмушки","routeRef":"38","relationId":1690015,"fromStopId":"osm:1377604237","toStopId":"osm:5172107790","sequence":30,"osmWayId":501265128}},{"type":"Feature","geometry":{"type":"LineString","coordinates":[[37.6629488,55.7311929],[37.6613728,55.7308615]]},"properties":{"segmentId":"osm-rel:1690015:way:533065243:31","routeId":"osm-rel:1690015","routeName":"Трамвай 38: Дом культуры «Компрессор» => Черёмушки","routeRef":"38","relationId":1690015,"fromStopId":"osm:5172107790","toStopId":"osm:5172107788","sequence":31,"osmWayId":533065243}},{"type":"Feature","geometry":{"type":"LineString","coordinates":[[37.6613728,55.7308615],[37.661303,55.7308468]]},"properties":{"segmentId":"osm-rel:1690015:way:533065241:32","routeId":"osm-rel:1690015","routeName":"Трамвай 38: Дом культуры «Компрессор» => Черёмушки","routeRef":"38","relationId":1690015,"fromStopId":"osm:5172107788","toStopId":"osm:1377604364","sequence":32,"osmWayId":533065241}},{"type":"Feature","geometry":{"type":"LineString","coordinates":[[37.661303,55.7308468],[37.6609332,55.7307688],[37.6607956,55.7307396],[37.6606813,55.7307158],[37.6605518,55.7306885],[37.6602162,55.7306177],[37.6595925,55.7304748],[37.6587772,55.7302948],[37.658399,55.7302113],[37.6577004,55.730053]]},"properties":{"segmentId":"osm-rel:1690015:way:123584372:33","routeId":"osm-rel:1690015","routeName":"Трамвай 38: Дом культуры «Компрессор» => Черёмушки","routeRef":"38","relationId":1690015,"fromStopId":"osm:1377604364","toStopId":"osm:1377604302","sequence":33,"osmWayId":123584372}},{"type":"Feature","geometry":{"type":"LineString","coordinates":[[37.6577004,55.730053],[37.6560525,55.7296778]]},"properties":{"segmentId":"osm-rel:1690015:way:123584366:34","routeId":"osm-rel:1690015","routeName":"Трамвай 38: Дом культуры «Компрессор» => Черёмушки","routeRef":"38","relationId":1690015,"fromStopId":"osm:1377604302","toStopId":"osm:12041661111","sequence":34,"osmWayId":123584366}},{"type":"Feature","geometry":{"type":"LineString","coordinates":[[37.6560525,55.7296778],[37.6558704,55.7296385],[37.6557228,55.7295894]]},"properties":{"segmentId":"osm-rel:1690015:way:1299996700:35","routeId":"osm-rel:1690015","routeName":"Трамвай 38: Дом культуры «Компрессор» => Черёмушки","routeRef":"38","relationId":1690015,"fromStopId":"osm:12041661111","toStopId":"osm:4303180261","sequence":35,"osmWayId":1299996700}},{"type":"Feature","geometry":{"type":"LineString","coordinates":[[37.6557228,55.7295894],[37.6533316,55.7285356]]},"properties":{"segmentId":"osm-rel:1690015:way:123584357:36","routeId":"osm-rel:1690015","routeName":"Трамвай 38: Дом культуры «Компрессор» => Черёмушки","routeRef":"38","relationId":1690015,"fromStopId":"osm:4303180261","toStopId":"osm:12041661113","sequence":36,"osmWayId":123584357}},{"type":"Feature","geometry":{"type":"LineString","coordinates":[[37.6533316,55.7285356],[37.6519063,55.7279074]]},"properties":{"segmentId":"osm-rel:1690015:way:1299996702:37","routeId":"osm-rel:1690015","routeName":"Трамвай 38: Дом культуры «Компрессор» => Черёмушки","routeRef":"38","relationId":1690015,"fromStopId":"osm:12041661113","toStopId":"osm:5211677020","sequence":37,"osmWayId":1299996702}},{"type":"Feature","geometry":{"type":"LineString","coordinates":[[37.6519063,55.7279074],[37.6518066,55.7278573]]},"properties":{"segmentId":"osm-rel:1690015:way:538433012:38","routeId":"osm-rel:1690015","routeName":"Трамвай 38: Дом культуры «Компрессор» => Черёмушки","routeRef":"38","relationId":1690015,"fromStopId":"osm:5211677020","toStopId":"osm:1377604270","sequence":38,"osmWayId":538433012}},{"type":"Feature","geometry":{"type":"LineString","coordinates":[[37.6518066,55.7278573],[37.6513381,55.7276409]]},"properties":{"segmentId":"osm-rel:1690015:way:123584353:39","routeId":"osm-rel:1690015","routeName":"Трамвай 38: Дом культуры «Компрессор» => Черёмушки","routeRef":"38","relationId":1690015,"fromStopId":"osm:1377604270","toStopId":"osm:1377604249","sequence":39,"osmWayId":123584353}},{"type":"Feature","geometry":{"type":"LineString","coordinates":[[37.6513381,55.7276409],[37.6512012,55.7275899],[37.6511067,55.7275738],[37.6510044,55.7275695],[37.6508971,55.7275759],[37.6508023,55.7276032],[37.6507422,55.7276451],[37.6507138,55.7276818],[37.6507038,55.7277255],[37.6507191,55.72778],[37.6507763,55.7278535],[37.6509594,55.7280382],[37.6509878,55.7280807],[37.6509974,55.7281395],[37.6509802,55.7281977],[37.650951,55.728225],[37.6509047,55.7282685],[37.6507827,55.7283183],[37.6505844,55.7283714]]},"properties":{"segmentId":"osm-rel:1690015:way:1299996704:40","routeId":"osm-rel:1690015","routeName":"Трамвай 38: Дом культуры «Компрессор» => Черёмушки","routeRef":"38","relationId":1690015,"fromStopId":"osm:1377604249","toStopId":"osm:10711268038","sequence":40,"osmWayId":1299996704}},{"type":"Feature","geometry":{"type":"LineString","coordinates":[[37.6505844,55.7283714],[37.6499117,55.7285343],[37.6497715,55.7285682],[37.6468322,55.7292796],[37.6461352,55.7294482],[37.6458933,55.7295068],[37.6450088,55.7297293]]},"properties":{"segmentId":"osm-rel:1690015:way:123584346:41","routeId":"osm-rel:1690015","routeName":"Трамвай 38: Дом культуры «Компрессор» => Черёмушки","routeRef":"38","relationId":1690015,"fromStopId":"osm:10711268038","toStopId":"osm:1377604231","sequence":41,"osmWayId":123584346}},{"type":"Feature","geometry":{"type":"LineString","coordinates":[[37.6450088,55.7297293],[37.6448287,55.7297746],[37.6446023,55.7298316],[37.6444765,55.7298652],[37.6440002,55.7299927],[37.6431553,55.7302256],[37.6425707,55.7303807]]},"properties":{"segmentId":"osm-rel:1690015:way:1299996707:42","routeId":"osm-rel:1690015","routeName":"Трамвай 38: Дом культуры «Компрессор» => Черёмушки","routeRef":"38","relationId":1690015,"fromStopId":"osm:1377604231","toStopId":"osm:7731205612","sequence":42,"osmWayId":1299996707}},{"type":"Feature","geometry":{"type":"LineString","coordinates":[[37.6425707,55.7303807],[37.6424678,55.7303947],[37.6423726,55.7304011],[37.6422298,55.7304026],[37.642214,55.7304019],[37.6416103,55.7303781],[37.6414357,55.7303663],[37.6413143,55.7303577]]},"properties":{"segmentId":"osm-rel:1690015:way:1299996708:43","routeId":"osm-rel:1690015","routeName":"Трамвай 38: Дом культуры «Компрессор» => Черёмушки","routeRef":"38","relationId":1690015,"fromStopId":"osm:7731205612","toStopId":"osm:7706089814","sequence":43,"osmWayId":1299996708}},{"type":"Feature","geometry":{"type":"LineString","coordinates":[[37.6413143,55.7303577],[37.640294,55.7302882],[37.6399354,55.7302638],[37.6393053,55.7302209]]},"properties":{"segmentId":"osm-rel:1690015:way:1428765411:44","routeId":"osm-rel:1690015","routeName":"Трамвай 38: Дом культуры «Компрессор» => Черёмушки","routeRef":"38","relationId":1690015,"fromStopId":"osm:7706089814","toStopId":"osm:7958582323","sequence":44,"osmWayId":1428765411}},{"type":"Feature","geometry":{"type":"LineString","coordinates":[[37.6393053,55.7302209],[37.6392131,55.7302146],[37.6387151,55.7301807],[37.6380554,55.730135],[37.6371893,55.7300751],[37.6370076,55.7300625]]},"properties":{"segmentId":"osm-rel:1690015:way:825286428:45","routeId":"osm-rel:1690015","routeName":"Трамвай 38: Дом культуры «Компрессор» => Черёмушки","routeRef":"38","relationId":1690015,"fromStopId":"osm:7958582323","toStopId":"osm:7706051173","sequence":45,"osmWayId":825286428}},{"type":"Feature","geometry":{"type":"LineString","coordinates":[[37.6370076,55.7300625],[37.6369436,55.7300467],[37.636917,55.7300401],[37.6368921,55.7300305],[37.6368751,55.7300239],[37.6368272,55.7300024],[37.6367885,55.7299866],[37.636741,55.7299606],[37.6367064,55.7299373],[37.6366644,55.7298876],[37.6366472,55.729857],[37.6366317,55.7297487]]},"properties":{"segmentId":"osm-rel:1690015:way:849200633:46","routeId":"osm-rel:1690015","routeName":"Трамвай 38: Дом культуры «Компрессор» => Черёмушки","routeRef":"38","relationId":1690015,"fromStopId":"osm:7706051173","toStopId":"osm:7706051165","sequence":46,"osmWayId":849200633}},{"type":"Feature","geometry":{"type":"LineString","coordinates":[[37.6366317,55.7297487],[37.6366602,55.7295122],[37.6366733,55.7294146],[37.6366879,55.7293201],[37.6367571,55.7288771]]},"properties":{"segmentId":"osm-rel:1690015:way:1300438687:47","routeId":"osm-rel:1690015","routeName":"Трамвай 38: Дом культуры «Компрессор» => Черёмушки","routeRef":"38","relationId":1690015,"fromStopId":"osm:7706051165","toStopId":"osm:12045304153","sequence":47,"osmWayId":1300438687}},{"type":"Feature","geometry":{"type":"LineString","coordinates":[[37.6367571,55.7288771],[37.6367728,55.7287764],[37.6368156,55.7286016],[37.6368361,55.7285268],[37.6368653,55.7284716],[37.6369372,55.7283772]]},"properties":{"segmentId":"osm-rel:1690015:way:1300438689:48","routeId":"osm-rel:1690015","routeName":"Трамвай 38: Дом культуры «Компрессор» => Черёмушки","routeRef":"38","relationId":1690015,"fromStopId":"osm:12045304153","toStopId":"osm:10042440110","sequence":48,"osmWayId":1300438689}},{"type":"Feature","geometry":{"type":"LineString","coordinates":[[37.6369372,55.7283772],[37.6370024,55.7282917],[37.637066,55.7282032],[37.6370842,55.7281795],[37.6370968,55.7281536],[37.6371309,55.7280477],[37.6371361,55.7279896],[37.6371445,55.7279113]]},"properties":{"segmentId":"osm-rel:1690015:way:1300438691:49","routeId":"osm-rel:1690015","routeName":"Трамвай 38: Дом культуры «Компрессор» => Черёмушки","routeRef":"38","relationId":1690015,"fromStopId":"osm:10042440110","toStopId":"osm:12045304157","sequence":49,"osmWayId":1300438691}},{"type":"Feature","geometry":{"type":"LineString","coordinates":[[37.6371445,55.7279113],[37.6371783,55.7276682],[37.6372094,55.7273494],[37.6372403,55.726948]]},"properties":{"segmentId":"osm-rel:1690015:way:1300438693:50","routeId":"osm-rel:1690015","routeName":"Трамвай 38: Дом культуры «Компрессор» => Черёмушки","routeRef":"38","relationId":1690015,"fromStopId":"osm:12045304157","toStopId":"osm:1376689652","sequence":50,"osmWayId":1300438693}},{"type":"Feature","geometry":{"type":"LineString","coordinates":[[37.6372403,55.726948],[37.6372523,55.7268254],[37.6372403,55.7265135],[37.6371143,55.7260005]]},"properties":{"segmentId":"osm-rel:1690015:way:1300438696:51","routeId":"osm-rel:1690015","routeName":"Трамвай 38: Дом культуры «Компрессор» => Черёмушки","routeRef":"38","relationId":1690015,"fromStopId":"osm:1376689652","toStopId":"osm:12045304161","sequence":51,"osmWayId":1300438696}},{"type":"Feature","geometry":{"type":"LineString","coordinates":[[37.6371143,55.7260005],[37.6370673,55.7258089],[37.6370521,55.7257586],[37.6368775,55.7252789],[37.6367795,55.7249879]]},"properties":{"segmentId":"osm-rel:1690015:way:1300438697:52","routeId":"osm-rel:1690015","routeName":"Трамвай 38: Дом культуры «Компрессор» => Черёмушки","routeRef":"38","relationId":1690015,"fromStopId":"osm:12045304161","toStopId":"osm:12045304162","sequence":52,"osmWayId":1300438697}},{"type":"Feature","geometry":{"type":"LineString","coordinates":[[37.6367795,55.7249879],[37.6367512,55.7249037],[37.6365377,55.7242277],[37.6364815,55.7240327]]},"properties":{"segmentId":"osm-rel:1690015:way:1300438700:53","routeId":"osm-rel:1690015","routeName":"Трамвай 38: Дом культуры «Компрессор» => Черёмушки","routeRef":"38","relationId":1690015,"fromStopId":"osm:12045304162","toStopId":"osm:1376689724","sequence":53,"osmWayId":1300438700}},{"type":"Feature","geometry":{"type":"LineString","coordinates":[[37.6364815,55.7240327],[37.6364444,55.7238225],[37.6364272,55.7236935],[37.6364154,55.7236046],[37.6363989,55.7234769],[37.636344,55.7233395],[37.6362084,55.7230294]]},"properties":{"segmentId":"osm-rel:1690015:way:1300438702:54","routeId":"osm-rel:1690015","routeName":"Трамвай 38: Дом культуры «Компрессор» => Черёмушки","routeRef":"38","relationId":1690015,"fromStopId":"osm:1376689724","toStopId":"osm:12045304165","sequence":54,"osmWayId":1300438702}},{"type":"Feature","geometry":{"type":"LineString","coordinates":[[37.6362084,55.7230294],[37.636031,55.7226234],[37.6357959,55.7220923],[37.6357303,55.7219442],[37.6352012,55.7207823],[37.6346788,55.7195218],[37.6344938,55.7190645],[37.634202,55.7183636],[37.6341076,55.7181486],[37.6337606,55.7173656],[37.6337175,55.7172704],[37.6335159,55.7168251],[37.6333309,55.716406]]},"properties":{"segmentId":"osm-rel:1690015:way:1300438703:55","routeId":"osm-rel:1690015","routeName":"Трамвай 38: Дом культуры «Компрессор» => Черёмушки","routeRef":"38","relationId":1690015,"fromStopId":"osm:12045304165","toStopId":"osm:1376689766","sequence":55,"osmWayId":1300438703}},{"type":"Feature","geometry":{"type":"LineString","coordinates":[[37.6333309,55.716406],[37.6332752,55.7162796],[37.6332396,55.7161939],[37.6331791,55.7160482],[37.6331131,55.7158828],[37.6330886,55.7157216],[37.633132,55.7154969],[37.6331986,55.7151515],[37.6332455,55.7148348],[37.6332586,55.7146371],[37.6332333,55.7143252],[37.633219,55.7142349]]},"properties":{"segmentId":"osm-rel:1690015:way:1300438706:56","routeId":"osm-rel:1690015","routeName":"Трамвай 38: Дом культуры «Компрессор» => Черёмушки","routeRef":"38","relationId":1690015,"fromStopId":"osm:1376689766","toStopId":"osm:12045304167","sequence":56,"osmWayId":1300438706}},{"type":"Feature","geometry":{"type":"LineString","coordinates":[[37.633219,55.7142349],[37.6331976,55.7141004],[37.6331735,55.713973],[37.6331198,55.7137395],[37.6330742,55.7135114],[37.6330474,55.7132636],[37.6330279,55.7128894],[37.6330165,55.7124534]]},"properties":{"segmentId":"osm-rel:1690015:way:1300438707:57","routeId":"osm-rel:1690015","routeName":"Трамвай 38: Дом культуры «Компрессор» => Черёмушки","routeRef":"38","relationId":1690015,"fromStopId":"osm:12045304167","toStopId":"osm:1376689682","sequence":57,"osmWayId":1300438707}},{"type":"Feature","geometry":{"type":"LineString","coordinates":[[37.6330165,55.7124534],[37.6329971,55.7121206],[37.6329731,55.711961],[37.6329388,55.7118916],[37.6328925,55.7118247],[37.6327954,55.7117519],[37.6327229,55.7117209],[37.6326016,55.7116864],[37.6323643,55.7116612],[37.6319708,55.7116532]]},"properties":{"segmentId":"osm-rel:1690015:way:1300438709:58","routeId":"osm-rel:1690015","routeName":"Трамвай 38: Дом культуры «Компрессор» => Черёмушки","routeRef":"38","relationId":1690015,"fromStopId":"osm:1376689682","toStopId":"osm:12045304168","sequence":58,"osmWayId":1300438709}},{"type":"Feature","geometry":{"type":"LineString","coordinates":[[37.6319708,55.7116532],[37.6315772,55.7116452],[37.6310805,55.711631],[37.6306511,55.711616],[37.629417,55.7115817],[37.6274012,55.7115206],[37.6273615,55.7115196],[37.6272943,55.711519],[37.6271676,55.7115178],[37.6262633,55.7115099],[37.62604,55.7115073],[37.6249746,55.7114992]]},"properties":{"segmentId":"osm-rel:1690015:way:123456000:59","routeId":"osm-rel:1690015","routeName":"Трамвай 38: Дом культуры «Компрессор» => Черёмушки","routeRef":"38","relationId":1690015,"fromStopId":"osm:12045304168","toStopId":"osm:1376689664","sequence":59,"osmWayId":123456000}},{"type":"Feature","geometry":{"type":"LineString","coordinates":[[37.6249746,55.7114992],[37.6240337,55.711476]]},"properties":{"segmentId":"osm-rel:1690015:way:123455994:60","routeId":"osm-rel:1690015","routeName":"Трамвай 38: Дом культуры «Компрессор» => Черёмушки","routeRef":"38","relationId":1690015,"fromStopId":"osm:1376689664","toStopId":"osm:1376637566","sequence":60,"osmWayId":123455994}},{"type":"Feature","geometry":{"type":"LineString","coordinates":[[37.6240337,55.711476],[37.6232682,55.7114636],[37.6230857,55.7114607],[37.6225464,55.7114523],[37.6225043,55.7114518],[37.6224735,55.7114511],[37.6220915,55.7114427],[37.621954,55.71144]]},"properties":{"segmentId":"osm-rel:1690015:way:1301478045:61","routeId":"osm-rel:1690015","routeName":"Трамвай 38: Дом культуры «Компрессор» => Черёмушки","routeRef":"38","relationId":1690015,"fromStopId":"osm:1376637566","toStopId":"osm:3266775029","sequence":61,"osmWayId":1301478045}},{"type":"Feature","geometry":{"type":"LineString","coordinates":[[37.621954,55.71144],[37.6217648,55.7114375],[37.6216748,55.711441],[37.6215968,55.7114489],[37.6215374,55.7114599],[37.6214738,55.7114761],[37.6214225,55.7114934],[37.6212792,55.7115418],[37.6212156,55.7115567],[37.6211396,55.7115699],[37.6210701,55.7115768],[37.621048,55.7115778],[37.6209797,55.7115808],[37.6209464,55.7115817]]},"properties":{"segmentId":"osm-rel:1690015:way:1301478046:62","routeId":"osm-rel:1690015","routeName":"Трамвай 38: Дом культуры «Компрессор» => Черёмушки","routeRef":"38","relationId":1690015,"fromStopId":"osm:3266775029","toStopId":"osm:9050118903","sequence":62,"osmWayId":1301478046}},{"type":"Feature","geometry":{"type":"LineString","coordinates":[[37.6209464,55.7115817],[37.6181969,55.7116564],[37.6176626,55.7116721],[37.6157298,55.7117252],[37.6138175,55.7117778],[37.6136929,55.7117814],[37.610008,55.7118873],[37.6069008,55.7119789]]},"properties":{"segmentId":"osm-rel:1690015:way:123450436:63","routeId":"osm-rel:1690015","routeName":"Трамвай 38: Дом культуры «Компрессор» => Черёмушки","routeRef":"38","relationId":1690015,"fromStopId":"osm:9050118903","toStopId":"osm:1376583621","sequence":63,"osmWayId":123450436}},{"type":"Feature","geometry":{"type":"LineString","coordinates":[[37.6069008,55.7119789],[37.6067942,55.7119825],[37.6067738,55.7119832],[37.6067413,55.711982],[37.6066927,55.7119798],[37.6066261,55.7119693],[37.606567,55.7119526],[37.6065623,55.7119513],[37.606506,55.7119277],[37.6064722,55.7119012],[37.6064268,55.7118412]]},"properties":{"segmentId":"osm-rel:1690015:way:123444240:64","routeId":"osm-rel:1690015","routeName":"Трамвай 38: Дом культуры «Компрессор» => Черёмушки","routeRef":"38","relationId":1690015,"fromStopId":"osm:1376583621","toStopId":"osm:1376583618","sequence":64,"osmWayId":123444240}},{"type":"Feature","geometry":{"type":"LineString","coordinates":[[37.6064268,55.7118412],[37.6064038,55.711776]]},"properties":{"segmentId":"osm-rel:1690015:way:123491428:65","routeId":"osm-rel:1690015","routeName":"Трамвай 38: Дом культуры «Компрессор» => Черёмушки","routeRef":"38","relationId":1690015,"fromStopId":"osm:1376583618","toStopId":"osm:1376583617","sequence":65,"osmWayId":123491428}},{"type":"Feature","geometry":{"type":"LineString","coordinates":[[37.6064038,55.711776],[37.6063995,55.7117638],[37.6063785,55.7117039],[37.6063645,55.7116642]]},"properties":{"segmentId":"osm-rel:1690015:way:123433348:66","routeId":"osm-rel:1690015","routeName":"Трамвай 38: Дом культуры «Компрессор» => Черёмушки","routeRef":"38","relationId":1690015,"fromStopId":"osm:1376583617","toStopId":"osm:3254881790","sequence":66,"osmWayId":123433348}},{"type":"Feature","geometry":{"type":"LineString","coordinates":[[37.6063645,55.7116642],[37.6063339,55.7115773],[37.606316,55.7115295],[37.6063006,55.7114884],[37.6062874,55.7114572],[37.6062516,55.711375]]},"properties":{"segmentId":"osm-rel:1690015:way:632951527:67","routeId":"osm-rel:1690015","routeName":"Трамвай 38: Дом культуры «Компрессор» => Черёмушки","routeRef":"38","relationId":1690015,"fromStopId":"osm:3254881790","toStopId":"osm:1376583595","sequence":67,"osmWayId":632951527}},{"type":"Feature","geometry":{"type":"LineString","coordinates":[[37.6062516,55.711375],[37.6061574,55.711149],[37.6061454,55.7111108],[37.6061328,55.7110708],[37.6061176,55.7109948],[37.6061103,55.7109117],[37.6061143,55.7108181],[37.6061337,55.7106575]]},"properties":{"segmentId":"osm-rel:1690015:way:1301555207:68","routeId":"osm-rel:1690015","routeName":"Трамвай 38: Дом культуры «Компрессор» => Черёмушки","routeRef":"38","relationId":1690015,"fromStopId":"osm:1376583595","toStopId":"osm:1376500848","sequence":68,"osmWayId":1301555207}},{"type":"Feature","geometry":{"type":"LineString","coordinates":[[37.6061337,55.7106575],[37.6061499,55.7105233],[37.6061879,55.7103216],[37.6062902,55.709778]]},"properties":{"segmentId":"osm-rel:1690015:way:1301555210:69","routeId":"osm-rel:1690015","routeName":"Трамвай 38: Дом культуры «Компрессор» => Черёмушки","routeRef":"38","relationId":1690015,"fromStopId":"osm:1376500848","toStopId":"osm:12055498917","sequence":69,"osmWayId":1301555210}},{"type":"Feature","geometry":{"type":"LineString","coordinates":[[37.6062902,55.709778],[37.6063109,55.7096678],[37.6063691,55.7095162],[37.6065457,55.7091934]]},"properties":{"segmentId":"osm-rel:1690015:way:1301555212:70","routeId":"osm-rel:1690015","routeName":"Трамвай 38: Дом культуры «Компрессор» => Черёмушки","routeRef":"38","relationId":1690015,"fromStopId":"osm:12055498917","toStopId":"osm:12055498919","sequence":70,"osmWayId":1301555212}},{"type":"Feature","geometry":{"type":"LineString","coordinates":[[37.6065457,55.7091934],[37.6066762,55.7089548],[37.6070076,55.708412]]},"properties":{"segmentId":"osm-rel:1690015:way:1301555213:71","routeId":"osm-rel:1690015","routeName":"Трамвай 38: Дом культуры «Компрессор» => Черёмушки","routeRef":"38","relationId":1690015,"fromStopId":"osm:12055498919","toStopId":"osm:12055498920","sequence":71,"osmWayId":1301555213}},{"type":"Feature","geometry":{"type":"LineString","coordinates":[[37.6070076,55.708412],[37.6070883,55.7082799],[37.6071226,55.708248],[37.6071727,55.7082237],[37.6072337,55.7082092],[37.6072996,55.7082059],[37.6075633,55.7082299]]},"properties":{"segmentId":"osm-rel:1690015:way:1301555216:72","routeId":"osm-rel:1690015","routeName":"Трамвай 38: Дом культуры «Компрессор» => Черёмушки","routeRef":"38","relationId":1690015,"fromStopId":"osm:12055498920","toStopId":"osm:12055498923","sequence":72,"osmWayId":1301555216}},{"type":"Feature","geometry":{"type":"LineString","coordinates":[[37.6075633,55.7082299],[37.6079055,55.708261],[37.6091785,55.7083293]]},"properties":{"segmentId":"osm-rel:1690015:way:1301555217:73","routeId":"osm-rel:1690015","routeName":"Трамвай 38: Дом культуры «Компрессор» => Черёмушки","routeRef":"38","relationId":1690015,"fromStopId":"osm:12055498923","toStopId":"osm:1376500850","sequence":73,"osmWayId":1301555217}},{"type":"Feature","geometry":{"type":"LineString","coordinates":[[37.6091785,55.7083293],[37.6094009,55.7083428],[37.6099232,55.7084149]]},"properties":{"segmentId":"osm-rel:1690015:way:1301555219:74","routeId":"osm-rel:1690015","routeName":"Трамвай 38: Дом культуры «Компрессор» => Черёмушки","routeRef":"38","relationId":1690015,"fromStopId":"osm:1376500850","toStopId":"osm:12055498925","sequence":74,"osmWayId":1301555219}},{"type":"Feature","geometry":{"type":"LineString","coordinates":[[37.6099232,55.7084149],[37.6101205,55.7084422],[37.6102198,55.7084448],[37.6102942,55.7084418],[37.6103693,55.708432],[37.610425,55.7084199],[37.610478,55.7083972],[37.6105316,55.7083587],[37.6105557,55.7083141],[37.6105665,55.708271],[37.6105678,55.7082249]]},"properties":{"segmentId":"osm-rel:1690015:way:1301555221:75","routeId":"osm-rel:1690015","routeName":"Трамвай 38: Дом культуры «Компрессор» => Черёмушки","routeRef":"38","relationId":1690015,"fromStopId":"osm:12055498925","toStopId":"osm:10873192079","sequence":75,"osmWayId":1301555221}},{"type":"Feature","geometry":{"type":"LineString","coordinates":[[37.6105678,55.7082249],[37.6105619,55.7080648],[37.6105497,55.7078624],[37.6104675,55.7067164]]},"properties":{"segmentId":"osm-rel:1690015:way:1301555224:76","routeId":"osm-rel:1690015","routeName":"Трамвай 38: Дом культуры «Компрессор» => Черёмушки","routeRef":"38","relationId":1690015,"fromStopId":"osm:10873192079","toStopId":"osm:1376500789","sequence":76,"osmWayId":1301555224}},{"type":"Feature","geometry":{"type":"LineString","coordinates":[[37.6104675,55.7067164],[37.6104699,55.7065589],[37.6105073,55.7064308],[37.6105637,55.706305],[37.610675,55.7061795]]},"properties":{"segmentId":"osm-rel:1690015:way:1301555226:77","routeId":"osm-rel:1690015","routeName":"Трамвай 38: Дом культуры «Компрессор» => Черёмушки","routeRef":"38","relationId":1690015,"fromStopId":"osm:1376500789","toStopId":"osm:12055498928","sequence":77,"osmWayId":1301555226}},{"type":"Feature","geometry":{"type":"LineString","coordinates":[[37.610675,55.7061795],[37.610912,55.7059121],[37.6120453,55.7046676],[37.6122058,55.7044784],[37.6124566,55.7042159],[37.6141242,55.7025405]]},"properties":{"segmentId":"osm-rel:1690015:way:1301555227:78","routeId":"osm-rel:1690015","routeName":"Трамвай 38: Дом культуры «Компрессор» => Черёмушки","routeRef":"38","relationId":1690015,"fromStopId":"osm:12055498928","toStopId":"osm:12055498929","sequence":78,"osmWayId":1301555227}},{"type":"Feature","geometry":{"type":"LineString","coordinates":[[37.6141242,55.7025405],[37.6141991,55.7024653],[37.61432,55.7022986]]},"properties":{"segmentId":"osm-rel:1690015:way:1301555229:79","routeId":"osm-rel:1690015","routeName":"Трамвай 38: Дом культуры «Компрессор» => Черёмушки","routeRef":"38","relationId":1690015,"fromStopId":"osm:12055498929","toStopId":"osm:12055498931","sequence":79,"osmWayId":1301555229}},{"type":"Feature","geometry":{"type":"LineString","coordinates":[[37.61432,55.7022986],[37.614379,55.7022173],[37.614496,55.7017228],[37.6145389,55.7016716],[37.6145936,55.7016139]]},"properties":{"segmentId":"osm-rel:1690015:way:1301555231:80","routeId":"osm-rel:1690015","routeName":"Трамвай 38: Дом культуры «Компрессор» => Черёмушки","routeRef":"38","relationId":1690015,"fromStopId":"osm:12055498931","toStopId":"osm:12055498933","sequence":80,"osmWayId":1301555231}},{"type":"Feature","geometry":{"type":"LineString","coordinates":[[37.6145936,55.7016139],[37.6148034,55.7013926],[37.6149831,55.7012122],[37.6150393,55.7011552],[37.6150821,55.7010995],[37.6150983,55.7010554],[37.6150974,55.7010054],[37.6150857,55.7008915],[37.6150674,55.7008388],[37.6150394,55.7007875],[37.6148721,55.7006104],[37.6145911,55.7003102]]},"properties":{"segmentId":"osm-rel:1690015:way:1301555234:81","routeId":"osm-rel:1690015","routeName":"Трамвай 38: Дом культуры «Компрессор» => Черёмушки","routeRef":"38","relationId":1690015,"fromStopId":"osm:12055498933","toStopId":"osm:1376500709","sequence":81,"osmWayId":1301555234}},{"type":"Feature","geometry":{"type":"LineString","coordinates":[[37.6145911,55.7003102],[37.6144002,55.7001047],[37.6142423,55.6999347],[37.6121834,55.6977119],[37.6119828,55.6974925]]},"properties":{"segmentId":"osm-rel:1690015:way:1301555236:82","routeId":"osm-rel:1690015","routeName":"Трамвай 38: Дом культуры «Компрессор» => Черёмушки","routeRef":"38","relationId":1690015,"fromStopId":"osm:1376500709","toStopId":"osm:1376500758","sequence":82,"osmWayId":1301555236}},{"type":"Feature","geometry":{"type":"LineString","coordinates":[[37.6119828,55.6974925],[37.6117428,55.6972309],[37.6110045,55.6964279],[37.6099716,55.6952705]]},"properties":{"segmentId":"osm-rel:1690015:way:1301555238:83","routeId":"osm-rel:1690015","routeName":"Трамвай 38: Дом культуры «Компрессор» => Черёмушки","routeRef":"38","relationId":1690015,"fromStopId":"osm:1376500758","toStopId":"osm:12055498936","sequence":83,"osmWayId":1301555238}},{"type":"Feature","geometry":{"type":"LineString","coordinates":[[37.6099716,55.6952705],[37.6096693,55.6949735],[37.6095755,55.6948861],[37.6093721,55.6947622],[37.6089997,55.6945771],[37.6087355,55.6944432],[37.6082923,55.6942782]]},"properties":{"segmentId":"osm-rel:1690015:way:1301555239:84","routeId":"osm-rel:1690015","routeName":"Трамвай 38: Дом культуры «Компрессор» => Черёмушки","routeRef":"38","relationId":1690015,"fromStopId":"osm:12055498936","toStopId":"osm:12055498937","sequence":84,"osmWayId":1301555239}},{"type":"Feature","geometry":{"type":"LineString","coordinates":[[37.6082923,55.6942782],[37.6081579,55.6942281],[37.6076035,55.6940136],[37.6066745,55.6936589],[37.6049939,55.6930161],[37.6047286,55.6929149],[37.6046639,55.6928906],[37.6036444,55.6925067],[37.6028322,55.6922009],[37.6021874,55.6919581],[37.6020391,55.6919067],[37.6019532,55.6918766],[37.6018483,55.6918399]]},"properties":{"segmentId":"osm-rel:1690015:way:319069447:85","routeId":"osm-rel:1690015","routeName":"Трамвай 38: Дом культуры «Компрессор» => Черёмушки","routeRef":"38","relationId":1690015,"fromStopId":"osm:12055498937","toStopId":"osm:1376500747","sequence":85,"osmWayId":319069447}},{"type":"Feature","geometry":{"type":"LineString","coordinates":[[37.6018483,55.6918399],[37.6007406,55.6914133]]},"properties":{"segmentId":"osm-rel:1690015:way:123433341:86","routeId":"osm-rel:1690015","routeName":"Трамвай 38: Дом культуры «Компрессор» => Черёмушки","routeRef":"38","relationId":1690015,"fromStopId":"osm:1376500747","toStopId":"osm:1376500744","sequence":86,"osmWayId":123433341}},{"type":"Feature","geometry":{"type":"LineString","coordinates":[[37.6007406,55.6914133],[37.6005025,55.6913184],[37.5997716,55.6910272],[37.5993216,55.6908537],[37.5991722,55.6907932]]},"properties":{"segmentId":"osm-rel:1690015:way:1301555241:87","routeId":"osm-rel:1690015","routeName":"Трамвай 38: Дом культуры «Компрессор» => Черёмушки","routeRef":"38","relationId":1690015,"fromStopId":"osm:1376500744","toStopId":"osm:12055498940","sequence":87,"osmWayId":1301555241}},{"type":"Feature","geometry":{"type":"LineString","coordinates":[[37.5991722,55.6907932],[37.598313,55.6904453],[37.5980509,55.6903022],[37.5978377,55.690175],[37.5976991,55.6900848],[37.5975937,55.6900161],[37.5973556,55.6898265],[37.5971407,55.6896313],[37.5965512,55.6890945]]},"properties":{"segmentId":"osm-rel:1690015:way:1301555242:88","routeId":"osm-rel:1690015","routeName":"Трамвай 38: Дом культуры «Компрессор» => Черёмушки","routeRef":"38","relationId":1690015,"fromStopId":"osm:12055498940","toStopId":"osm:1376500846","sequence":88,"osmWayId":1301555242}},{"type":"Feature","geometry":{"type":"LineString","coordinates":[[37.5965512,55.6890945],[37.5964,55.6889523],[37.5962947,55.6888521],[37.5961648,55.6887351],[37.5960511,55.6886457]]},"properties":{"segmentId":"osm-rel:1690015:way:1301555244:89","routeId":"osm-rel:1690015","routeName":"Трамвай 38: Дом культуры «Компрессор» => Черёмушки","routeRef":"38","relationId":1690015,"fromStopId":"osm:1376500846","toStopId":"osm:1376500844","sequence":89,"osmWayId":1301555244}},{"type":"Feature","geometry":{"type":"LineString","coordinates":[[37.5960511,55.6886457],[37.5958208,55.688401],[37.595683,55.6882482],[37.595544,55.6881113],[37.5954684,55.6880401]]},"properties":{"segmentId":"osm-rel:1690015:way:1301555246:90","routeId":"osm-rel:1690015","routeName":"Трамвай 38: Дом культуры «Компрессор» => Черёмушки","routeRef":"38","relationId":1690015,"fromStopId":"osm:1376500844","toStopId":"osm:12055498942","sequence":90,"osmWayId":1301555246}},{"type":"Feature","geometry":{"type":"LineString","coordinates":[[37.5954684,55.6880401],[37.5951857,55.6877738],[37.5944852,55.6871141],[37.593587,55.6862682],[37.5934734,55.6861606],[37.5934419,55.6861314]]},"properties":{"segmentId":"osm-rel:1690015:way:123433346:91","routeId":"osm-rel:1690015","routeName":"Трамвай 38: Дом культуры «Компрессор» => Черёмушки","routeRef":"38","relationId":1690015,"fromStopId":"osm:12055498942","toStopId":"osm:12770930057","sequence":91,"osmWayId":123433346}},{"type":"Feature","geometry":{"type":"LineString","coordinates":[[37.5934419,55.6861314],[37.593349,55.6860461],[37.5929239,55.685656],[37.5920525,55.6848604],[37.5912374,55.6841166],[37.5910567,55.6839512],[37.5910247,55.6839219],[37.5908629,55.6837737]]},"properties":{"segmentId":"osm-rel:1690015:way:1379254987:92","routeId":"osm-rel:1690015","routeName":"Трамвай 38: Дом культуры «Компрессор» => Черёмушки","routeRef":"38","relationId":1690015,"fromStopId":"osm:12770930057","toStopId":"osm:12770930060","sequence":92,"osmWayId":1379254987}},{"type":"Feature","geometry":{"type":"LineString","coordinates":[[37.5908629,55.6837737],[37.589751,55.6827554],[37.5893525,55.6823892],[37.5891632,55.6822151],[37.5890215,55.6820849],[37.5886609,55.6817534],[37.5886311,55.681726],[37.588271,55.6813946],[37.5878636,55.6810205],[37.5875936,55.6807861]]},"properties":{"segmentId":"osm-rel:1690015:way:356731350:93","routeId":"osm-rel:1690015","routeName":"Трамвай 38: Дом культуры «Компрессор» => Черёмушки","routeRef":"38","relationId":1690015,"fromStopId":"osm:12770930060","toStopId":"osm:12055498943","sequence":93,"osmWayId":356731350}},{"type":"Feature","geometry":{"type":"LineString","coordinates":[[37.5875936,55.6807861],[37.587442,55.6806545],[37.5872934,55.6805541],[37.5872323,55.6805128],[37.5870561,55.6804068],[37.5868839,55.6803183]]},"properties":{"segmentId":"osm-rel:1690015:way:1301555247:94","routeId":"osm-rel:1690015","routeName":"Трамвай 38: Дом культуры «Компрессор» => Черёмушки","routeRef":"38","relationId":1690015,"fromStopId":"osm:12055498943","toStopId":"osm:1376492067","sequence":94,"osmWayId":1301555247}},{"type":"Feature","geometry":{"type":"LineString","coordinates":[[37.5868839,55.6803183],[37.5867579,55.680278],[37.5866761,55.6802684],[37.5865134,55.6802637],[37.5864086,55.6802762],[37.5862397,55.6803129],[37.5861576,55.680339]]},"properties":{"segmentId":"osm-rel:1690015:way:1301555250:95","routeId":"osm-rel:1690015","routeName":"Трамвай 38: Дом культуры «Компрессор» => Черёмушки","routeRef":"38","relationId":1690015,"fromStopId":"osm:1376492067","toStopId":"osm:1376492076","sequence":95,"osmWayId":1301555250}},{"type":"Feature","geometry":{"type":"LineString","coordinates":[[37.5861576,55.680339],[37.5860134,55.6803608],[37.5859228,55.6803563],[37.5858547,55.6803454],[37.5857955,55.6803236],[37.5857504,55.6802928],[37.5855868,55.6801383]]},"properties":{"segmentId":"osm-rel:1690015:way:123432463:96","routeId":"osm-rel:1690015","routeName":"Трамвай 38: Дом культуры «Компрессор» => Черёмушки","routeRef":"38","relationId":1690015,"fromStopId":"osm:1376492076","toStopId":"osm:10874281006","sequence":96,"osmWayId":123432463}},{"type":"Feature","geometry":{"type":"LineString","coordinates":[[37.5855868,55.6801383],[37.5855646,55.6801173]]},"properties":{"segmentId":"osm-rel:1690016:way:1169442109:0","routeId":"osm-rel:1690016","routeName":"Трамвай 38: Черёмушки => Дом культуры «Компрессор»","routeRef":"38","relationId":1690016,"fromStopId":"osm:10874281006","toStopId":"osm:1376492005","sequence":0,"osmWayId":1169442109}},{"type":"Feature","geometry":{"type":"LineString","coordinates":[[37.5855646,55.6801173],[37.585508,55.6800446],[37.5854986,55.6799794],[37.5855128,55.679924],[37.5855817,55.6798656],[37.5856757,55.6798289]]},"properties":{"segmentId":"osm-rel:1690016:way:123432457:1","routeId":"osm-rel:1690016","routeName":"Трамвай 38: Черёмушки => Дом культуры «Компрессор»","routeRef":"38","relationId":1690016,"fromStopId":"osm:1376492005","toStopId":"osm:1376492020","sequence":1,"osmWayId":123432457}},{"type":"Feature","geometry":{"type":"LineString","coordinates":[[37.5856757,55.6798289],[37.5857797,55.6798114],[37.5859151,55.6797863],[37.5860982,55.6797855],[37.5862316,55.6798085],[37.5863263,55.6798529],[37.5865021,55.6800217]]},"properties":{"segmentId":"osm-rel:1690016:way:123432464:2","routeId":"osm-rel:1690016","routeName":"Трамвай 38: Черёмушки => Дом культуры «Компрессор»","routeRef":"38","relationId":1690016,"fromStopId":"osm:1376492020","toStopId":"osm:1376492054","sequence":2,"osmWayId":123432464}},{"type":"Feature","geometry":{"type":"LineString","coordinates":[[37.5865021,55.6800217],[37.5866832,55.6801723],[37.5868046,55.6802362],[37.5869284,55.6803012]]},"properties":{"segmentId":"osm-rel:1690016:way:1301555249:3","routeId":"osm-rel:1690016","routeName":"Трамвай 38: Черёмушки => Дом культуры «Компрессор»","routeRef":"38","relationId":1690016,"fromStopId":"osm:1376492054","toStopId":"osm:1376492066","sequence":3,"osmWayId":1301555249}},{"type":"Feature","geometry":{"type":"LineString","coordinates":[[37.5869284,55.6803012],[37.5870898,55.6803878],[37.5872857,55.6804994],[37.5873449,55.6805378],[37.5874973,55.6806369],[37.5876422,55.6807645]]},"properties":{"segmentId":"osm-rel:1690016:way:1301555248:4","routeId":"osm-rel:1690016","routeName":"Трамвай 38: Черёмушки => Дом культуры «Компрессор»","routeRef":"38","relationId":1690016,"fromStopId":"osm:1376492066","toStopId":"osm:12055498944","sequence":4,"osmWayId":1301555248}},{"type":"Feature","geometry":{"type":"LineString","coordinates":[[37.5876422,55.6807645],[37.587915,55.6810048],[37.5883237,55.6813794],[37.588711,55.6817343],[37.5890704,55.6820637],[37.5892057,55.6821877],[37.5893971,55.6823632],[37.5898031,55.6827353],[37.5899901,55.6829072],[37.5909185,55.6837609]]},"properties":{"segmentId":"osm-rel:1690016:way:356731349:5","routeId":"osm-rel:1690016","routeName":"Трамвай 38: Черёмушки => Дом культуры «Компрессор»","routeRef":"38","relationId":1690016,"fromStopId":"osm:12055498944","toStopId":"osm:12770930061","sequence":5,"osmWayId":356731349}},{"type":"Feature","geometry":{"type":"LineString","coordinates":[[37.5909185,55.6837609],[37.5910748,55.6839046],[37.5911092,55.6839362],[37.5912909,55.6841032],[37.5920967,55.6848447],[37.5929684,55.685641],[37.593393,55.6860304],[37.5934934,55.6861236]]},"properties":{"segmentId":"osm-rel:1690016:way:1379254988:6","routeId":"osm-rel:1690016","routeName":"Трамвай 38: Черёмушки => Дом культуры «Компрессор»","routeRef":"38","relationId":1690016,"fromStopId":"osm:12770930061","toStopId":"osm:12770930064","sequence":6,"osmWayId":1379254988}},{"type":"Feature","geometry":{"type":"LineString","coordinates":[[37.5934934,55.6861236],[37.5935181,55.6861465],[37.5938583,55.6864645],[37.5945345,55.6870966],[37.5952393,55.6877554],[37.595521,55.6880187]]},"properties":{"segmentId":"osm-rel:1690016:way:1379178791:7","routeId":"osm-rel:1690016","routeName":"Трамвай 38: Черёмушки => Дом культуры «Компрессор»","routeRef":"38","relationId":1690016,"fromStopId":"osm:12770930064","toStopId":"osm:12055498941","sequence":7,"osmWayId":1379178791}},{"type":"Feature","geometry":{"type":"LineString","coordinates":[[37.595521,55.6880187],[37.5955967,55.6880894],[37.5957201,55.6882128],[37.595879,55.6883951],[37.595959,55.6884843],[37.5960594,55.6885939]]},"properties":{"segmentId":"osm-rel:1690016:way:1301555245:8","routeId":"osm-rel:1690016","routeName":"Трамвай 38: Черёмушки => Дом культуры «Компрессор»","routeRef":"38","relationId":1690016,"fromStopId":"osm:12055498941","toStopId":"osm:1376500843","sequence":8,"osmWayId":1301555245}},{"type":"Feature","geometry":{"type":"LineString","coordinates":[[37.5960594,55.6885939],[37.5962123,55.68872],[37.5963432,55.6888361],[37.5964486,55.6889364],[37.5965654,55.6890497],[37.5973958,55.6898053],[37.5976863,55.6900312],[37.5977341,55.6900629],[37.5978478,55.6901384],[37.5980866,55.6902816],[37.5983429,55.6904199],[37.5992,55.690773],[37.5993477,55.6908339],[37.5997959,55.6910085],[37.6005346,55.6912924],[37.6007751,55.6913848]]},"properties":{"segmentId":"osm-rel:1690016:way:1301555243:9","routeId":"osm-rel:1690016","routeName":"Трамвай 38: Черёмушки => Дом культуры «Компрессор»","routeRef":"38","relationId":1690016,"fromStopId":"osm:1376500843","toStopId":"osm:1376500743","sequence":9,"osmWayId":1301555243}},{"type":"Feature","geometry":{"type":"LineString","coordinates":[[37.6007751,55.6913848],[37.6018828,55.6918114]]},"properties":{"segmentId":"osm-rel:1690016:way:123433342:10","routeId":"osm-rel:1690016","routeName":"Трамвай 38: Черёмушки => Дом культуры «Компрессор»","routeRef":"38","relationId":1690016,"fromStopId":"osm:1376500743","toStopId":"osm:1376500745","sequence":10,"osmWayId":123433342}},{"type":"Feature","geometry":{"type":"LineString","coordinates":[[37.6018828,55.6918114],[37.6019929,55.6918545],[37.6020735,55.691886],[37.6026133,55.6920783],[37.602867,55.6921721],[37.6036842,55.6924745],[37.60471,55.6928539],[37.6047731,55.6928776],[37.6050374,55.6929786],[37.6075406,55.6939474],[37.6076406,55.6939859],[37.6081941,55.6941989],[37.6083266,55.6942476]]},"properties":{"segmentId":"osm-rel:1690016:way:123544961:11","routeId":"osm-rel:1690016","routeName":"Трамвай 38: Черёмушки => Дом культуры «Компрессор»","routeRef":"38","relationId":1690016,"fromStopId":"osm:1376500745","toStopId":"osm:12055498938","sequence":11,"osmWayId":123544961}},{"type":"Feature","geometry":{"type":"LineString","coordinates":[[37.6083266,55.6942476],[37.6087758,55.6944127],[37.6090526,55.6945443],[37.6094168,55.6947375],[37.609616,55.6948691],[37.6097256,55.6949568],[37.6100193,55.6952518]]},"properties":{"segmentId":"osm-rel:1690016:way:1301555240:12","routeId":"osm-rel:1690016","routeName":"Трамвай 38: Черёмушки => Дом культуры «Компрессор»","routeRef":"38","relationId":1690016,"fromStopId":"osm:12055498938","toStopId":"osm:12055498935","sequence":12,"osmWayId":1301555240}},{"type":"Feature","geometry":{"type":"LineString","coordinates":[[37.6100193,55.6952518],[37.6110747,55.6964067],[37.6116657,55.6970517],[37.6120534,55.6974717]]},"properties":{"segmentId":"osm-rel:1690016:way:1301555237:13","routeId":"osm-rel:1690016","routeName":"Трамвай 38: Черёмушки => Дом культуры «Компрессор»","routeRef":"38","relationId":1690016,"fromStopId":"osm:12055498935","toStopId":"osm:1376500757","sequence":13,"osmWayId":1301555237}},{"type":"Feature","geometry":{"type":"LineString","coordinates":[[37.6120534,55.6974717],[37.6122541,55.6976912],[37.6143137,55.6999147],[37.6144721,55.7000843],[37.6146613,55.7002869]]},"properties":{"segmentId":"osm-rel:1690016:way:1301555235:14","routeId":"osm-rel:1690016","routeName":"Трамвай 38: Черёмушки => Дом культуры «Компрессор»","routeRef":"38","relationId":1690016,"fromStopId":"osm:1376500757","toStopId":"osm:1376500708","sequence":14,"osmWayId":1301555235}},{"type":"Feature","geometry":{"type":"LineString","coordinates":[[37.6146613,55.7002869],[37.6149283,55.7006017],[37.6150913,55.700776],[37.6151201,55.7008317],[37.6151412,55.7008867],[37.6151557,55.7010054],[37.6151524,55.7010594],[37.6151362,55.7011077],[37.6150417,55.7012257],[37.614873,55.70141],[37.6146596,55.7016349]]},"properties":{"segmentId":"osm-rel:1690016:way:1301555233:15","routeId":"osm-rel:1690016","routeName":"Трамвай 38: Черёмушки => Дом культуры «Компрессор»","routeRef":"38","relationId":1690016,"fromStopId":"osm:1376500708","toStopId":"osm:12055498934","sequence":15,"osmWayId":1301555233}},{"type":"Feature","geometry":{"type":"LineString","coordinates":[[37.6146596,55.7016349],[37.6146059,55.7016914],[37.6145798,55.701732],[37.6144568,55.7022273],[37.6143844,55.7023281]]},"properties":{"segmentId":"osm-rel:1690016:way:1301555232:16","routeId":"osm-rel:1690016","routeName":"Трамвай 38: Черёмушки => Дом культуры «Компрессор»","routeRef":"38","relationId":1690016,"fromStopId":"osm:12055498934","toStopId":"osm:12055498932","sequence":16,"osmWayId":1301555232}},{"type":"Feature","geometry":{"type":"LineString","coordinates":[[37.6143844,55.7023281],[37.6142743,55.7024813],[37.6141977,55.7025582]]},"properties":{"segmentId":"osm-rel:1690016:way:1301555230:17","routeId":"osm-rel:1690016","routeName":"Трамвай 38: Черёмушки => Дом культуры «Компрессор»","routeRef":"38","relationId":1690016,"fromStopId":"osm:12055498932","toStopId":"osm:12055498930","sequence":17,"osmWayId":1301555230}},{"type":"Feature","geometry":{"type":"LineString","coordinates":[[37.6141977,55.7025582],[37.6125254,55.7042387],[37.6122758,55.7045],[37.612042,55.7047777],[37.6109832,55.7059323],[37.6107478,55.7061981]]},"properties":{"segmentId":"osm-rel:1690016:way:1301555228:18","routeId":"osm-rel:1690016","routeName":"Трамвай 38: Черёмушки => Дом культуры «Компрессор»","routeRef":"38","relationId":1690016,"fromStopId":"osm:12055498930","toStopId":"osm:12055498927","sequence":18,"osmWayId":1301555228}},{"type":"Feature","geometry":{"type":"LineString","coordinates":[[37.6107478,55.7061981],[37.6106423,55.7063172],[37.610585,55.7064416],[37.6105505,55.7065648],[37.610554,55.7067128]]},"properties":{"segmentId":"osm-rel:1690016:way:1301555225:19","routeId":"osm-rel:1690016","routeName":"Трамвай 38: Черёмушки => Дом культуры «Компрессор»","routeRef":"38","relationId":1690016,"fromStopId":"osm:12055498927","toStopId":"osm:1376500790","sequence":19,"osmWayId":1301555225}},{"type":"Feature","geometry":{"type":"LineString","coordinates":[[37.610554,55.7067128],[37.6106132,55.7078634],[37.6106176,55.7080661],[37.6106283,55.7082249]]},"properties":{"segmentId":"osm-rel:1690016:way:1301555223:20","routeId":"osm-rel:1690016","routeName":"Трамвай 38: Черёмушки => Дом культуры «Компрессор»","routeRef":"38","relationId":1690016,"fromStopId":"osm:1376500790","toStopId":"osm:1376500804","sequence":20,"osmWayId":1301555223}},{"type":"Feature","geometry":{"type":"LineString","coordinates":[[37.6106283,55.7082249],[37.6106282,55.7082725],[37.6106201,55.7083217],[37.6105919,55.7083723],[37.6105262,55.7084222],[37.6104498,55.708449],[37.6103807,55.7084603],[37.6103023,55.7084675],[37.6102211,55.7084694],[37.6101152,55.7084671],[37.6099059,55.7084433]]},"properties":{"segmentId":"osm-rel:1690016:way:1301555222:21","routeId":"osm-rel:1690016","routeName":"Трамвай 38: Черёмушки => Дом культуры «Компрессор»","routeRef":"38","relationId":1690016,"fromStopId":"osm:1376500804","toStopId":"osm:12055498926","sequence":21,"osmWayId":1301555222}},{"type":"Feature","geometry":{"type":"LineString","coordinates":[[37.6099059,55.7084433],[37.6093977,55.7083855],[37.6091583,55.7083718]]},"properties":{"segmentId":"osm-rel:1690016:way:1301555220:22","routeId":"osm-rel:1690016","routeName":"Трамвай 38: Черёмушки => Дом культуры «Компрессор»","routeRef":"38","relationId":1690016,"fromStopId":"osm:12055498926","toStopId":"osm:12055498924","sequence":22,"osmWayId":1301555220}},{"type":"Feature","geometry":{"type":"LineString","coordinates":[[37.6091583,55.7083718],[37.6089876,55.708362],[37.6084271,55.708333],[37.6078933,55.7083053],[37.6075437,55.7082736]]},"properties":{"segmentId":"osm-rel:1690016:way:1301555218:23","routeId":"osm-rel:1690016","routeName":"Трамвай 38: Черёмушки => Дом культуры «Компрессор»","routeRef":"38","relationId":1690016,"fromStopId":"osm:12055498924","toStopId":"osm:12055498922","sequence":23,"osmWayId":1301555218}},{"type":"Feature","geometry":{"type":"LineString","coordinates":[[37.6075437,55.7082736],[37.6073396,55.7082551],[37.6072904,55.7082531],[37.6072422,55.7082591],[37.6071991,55.7082727],[37.6071648,55.7082927],[37.6070838,55.7084253]]},"properties":{"segmentId":"osm-rel:1690016:way:1301555215:24","routeId":"osm-rel:1690016","routeName":"Трамвай 38: Черёмушки => Дом культуры «Компрессор»","routeRef":"38","relationId":1690016,"fromStopId":"osm:12055498922","toStopId":"osm:12055498921","sequence":24,"osmWayId":1301555215}},{"type":"Feature","geometry":{"type":"LineString","coordinates":[[37.6070838,55.7084253],[37.606892,55.7087395],[37.6067528,55.7089674],[37.6066199,55.7092102]]},"properties":{"segmentId":"osm-rel:1690016:way:1301555214:25","routeId":"osm-rel:1690016","routeName":"Трамвай 38: Черёмушки => Дом культуры «Компрессор»","routeRef":"38","relationId":1690016,"fromStopId":"osm:12055498921","toStopId":"osm:12055498918","sequence":25,"osmWayId":1301555214}},{"type":"Feature","geometry":{"type":"LineString","coordinates":[[37.6066199,55.7092102],[37.6064465,55.7095272],[37.6063897,55.7096748],[37.6063649,55.7097847]]},"properties":{"segmentId":"osm-rel:1690016:way:1301555211:26","routeId":"osm-rel:1690016","routeName":"Трамвай 38: Черёмушки => Дом культуры «Компрессор»","routeRef":"38","relationId":1690016,"fromStopId":"osm:12055498918","toStopId":"osm:12055498916","sequence":26,"osmWayId":1301555211}},{"type":"Feature","geometry":{"type":"LineString","coordinates":[[37.6063649,55.7097847],[37.6062419,55.7103292],[37.6061976,55.7105251],[37.6061811,55.7106617]]},"properties":{"segmentId":"osm-rel:1690016:way:1301555209:27","routeId":"osm-rel:1690016","routeName":"Трамвай 38: Черёмушки => Дом культуры «Компрессор»","routeRef":"38","relationId":1690016,"fromStopId":"osm:12055498916","toStopId":"osm:12055498915","sequence":27,"osmWayId":1301555209}},{"type":"Feature","geometry":{"type":"LineString","coordinates":[[37.6061811,55.7106617],[37.6061621,55.7108194],[37.6061586,55.7108724],[37.6061587,55.7109677],[37.606177,55.7110639],[37.606193,55.7111058],[37.6062091,55.7111478],[37.6062377,55.7112228]]},"properties":{"segmentId":"osm-rel:1690016:way:1301555208:28","routeId":"osm-rel:1690016","routeName":"Трамвай 38: Черёмушки => Дом культуры «Компрессор»","routeRef":"38","relationId":1690016,"fromStopId":"osm:12055498915","toStopId":"osm:1376583590","sequence":28,"osmWayId":1301555208}},{"type":"Feature","geometry":{"type":"LineString","coordinates":[[37.6062377,55.7112228],[37.6062955,55.711299],[37.6063416,55.7113405],[37.6063539,55.7113515],[37.6064075,55.7113877],[37.6066516,55.7114931]]},"properties":{"segmentId":"osm-rel:1690016:way:123444233:29","routeId":"osm-rel:1690016","routeName":"Трамвай 38: Черёмушки => Дом культуры «Компрессор»","routeRef":"38","relationId":1690016,"fromStopId":"osm:1376583590","toStopId":"osm:1376583601","sequence":29,"osmWayId":123444233}},{"type":"Feature","geometry":{"type":"LineString","coordinates":[[37.6066516,55.7114931],[37.606703,55.7115046],[37.6069506,55.711553]]},"properties":{"segmentId":"osm-rel:1690016:way:123544960:30","routeId":"osm-rel:1690016","routeName":"Трамвай 38: Черёмушки => Дом культуры «Компрессор»","routeRef":"38","relationId":1690016,"fromStopId":"osm:1376583601","toStopId":"osm:2957857747","sequence":30,"osmWayId":123544960}},{"type":"Feature","geometry":{"type":"LineString","coordinates":[[37.6069506,55.711553],[37.6069783,55.7115578],[37.6070558,55.7115761],[37.6071041,55.7115845],[37.6072215,55.7115996],[37.6073369,55.7116065],[37.6074798,55.7116042]]},"properties":{"segmentId":"osm-rel:1690016:way:1301478043:31","routeId":"osm-rel:1690016","routeName":"Трамвай 38: Черёмушки => Дом культуры «Компрессор»","routeRef":"38","relationId":1690016,"fromStopId":"osm:2957857747","toStopId":"osm:1376583615","sequence":31,"osmWayId":1301478043}},{"type":"Feature","geometry":{"type":"LineString","coordinates":[[37.6074798,55.7116042],[37.6082643,55.7115824],[37.6099853,55.7115346],[37.6131642,55.7114462],[37.6132941,55.7114427],[37.6157166,55.7113754],[37.6176371,55.711322],[37.6197275,55.7112639],[37.6208021,55.7112339]]},"properties":{"segmentId":"osm-rel:1690016:way:123444237:32","routeId":"osm-rel:1690016","routeName":"Трамвай 38: Черёмушки => Дом культуры «Компрессор»","routeRef":"38","relationId":1690016,"fromStopId":"osm:1376583615","toStopId":"osm:9050118904","sequence":32,"osmWayId":123444237}},{"type":"Feature","geometry":{"type":"LineString","coordinates":[[37.6208021,55.7112339],[37.6208886,55.7112315],[37.6209623,55.7112304],[37.6210304,55.7112332],[37.6210675,55.7112367],[37.6211145,55.7112434],[37.6211645,55.711255],[37.6212035,55.7112694],[37.6213882,55.7113568],[37.6214423,55.7113747],[37.6215076,55.7113907],[37.6215885,55.7114005],[37.6216736,55.7114046],[37.6217666,55.7114052],[37.6219769,55.7114074]]},"properties":{"segmentId":"osm-rel:1690016:way:1301478047:33","routeId":"osm-rel:1690016","routeName":"Трамвай 38: Черёмушки => Дом культуры «Компрессор»","routeRef":"38","relationId":1690016,"fromStopId":"osm:9050118904","toStopId":"osm:3266775022","sequence":33,"osmWayId":1301478047}},{"type":"Feature","geometry":{"type":"LineString","coordinates":[[37.6219769,55.7114074],[37.6220794,55.7114101],[37.6224217,55.7114172],[37.6224997,55.7114188],[37.6225228,55.7114197],[37.6232631,55.7114312],[37.6240355,55.7114415]]},"properties":{"segmentId":"osm-rel:1690016:way:1301478044:34","routeId":"osm-rel:1690016","routeName":"Трамвай 38: Черёмушки => Дом культуры «Компрессор»","routeRef":"38","relationId":1690016,"fromStopId":"osm:3266775022","toStopId":"osm:1376637555","sequence":34,"osmWayId":1301478044}},{"type":"Feature","geometry":{"type":"LineString","coordinates":[[37.6240355,55.7114415],[37.6243318,55.7114477],[37.6246788,55.7114515],[37.6249838,55.7114559]]},"properties":{"segmentId":"osm-rel:1690016:way:123455995:35","routeId":"osm-rel:1690016","routeName":"Трамвай 38: Черёмушки => Дом культуры «Компрессор»","routeRef":"38","relationId":1690016,"fromStopId":"osm:1376637555","toStopId":"osm:1376689660","sequence":35,"osmWayId":123455995}},{"type":"Feature","geometry":{"type":"LineString","coordinates":[[37.6249838,55.7114559],[37.625422,55.7114577],[37.6260421,55.7114624],[37.6263172,55.7114649],[37.6271677,55.7114729],[37.6272939,55.7114741],[37.6273633,55.7114747],[37.6274012,55.7114756],[37.6294251,55.7115419],[37.6306552,55.7115772],[37.6311932,55.7115927],[37.6315803,55.7116038],[37.6319736,55.7116151]]},"properties":{"segmentId":"osm-rel:1690016:way:123455999:36","routeId":"osm-rel:1690016","routeName":"Трамвай 38: Черёмушки => Дом культуры «Компрессор»","routeRef":"38","relationId":1690016,"fromStopId":"osm:1376689660","toStopId":"osm:12045345069","sequence":36,"osmWayId":123455999}},{"type":"Feature","geometry":{"type":"LineString","coordinates":[[37.6319736,55.7116151],[37.6323668,55.7116264],[37.6326134,55.71165],[37.6327483,55.7116911],[37.6328355,55.71173],[37.6329368,55.7118127],[37.632987,55.7118841],[37.6330206,55.7119594],[37.6330508,55.7121206],[37.6330674,55.7124533]]},"properties":{"segmentId":"osm-rel:1690016:way:1300438710:37","routeId":"osm-rel:1690016","routeName":"Трамвай 38: Черёмушки => Дом культуры «Компрессор»","routeRef":"38","relationId":1690016,"fromStopId":"osm:12045345069","toStopId":"osm:1376689681","sequence":37,"osmWayId":1300438710}},{"type":"Feature","geometry":{"type":"LineString","coordinates":[[37.6330674,55.7124533],[37.6330789,55.7128889],[37.6331017,55.7132629],[37.6331359,55.7135137],[37.633267,55.7140958],[37.633292,55.7142332]]},"properties":{"segmentId":"osm-rel:1690016:way:1300438708:38","routeId":"osm-rel:1690016","routeName":"Трамвай 38: Черёмушки => Дом культуры «Компрессор»","routeRef":"38","relationId":1690016,"fromStopId":"osm:1376689681","toStopId":"osm:1376689636","sequence":38,"osmWayId":1300438708}},{"type":"Feature","geometry":{"type":"LineString","coordinates":[[37.633292,55.7142332],[37.6333039,55.7143224],[37.633327,55.7146386],[37.6333186,55.7148355],[37.6332617,55.7151546],[37.6332114,55.7155009],[37.633169,55.715721],[37.6331889,55.7158779],[37.6332493,55.7160388],[37.6332644,55.7160798],[37.6333349,55.7162708],[37.6333922,55.7163979]]},"properties":{"segmentId":"osm-rel:1690016:way:1300438705:39","routeId":"osm-rel:1690016","routeName":"Трамвай 38: Черёмушки => Дом культуры «Компрессор»","routeRef":"38","relationId":1690016,"fromStopId":"osm:1376689636","toStopId":"osm:12045304166","sequence":39,"osmWayId":1300438705}},{"type":"Feature","geometry":{"type":"LineString","coordinates":[[37.6333922,55.7163979],[37.6335077,55.7166541],[37.6335806,55.7168157],[37.6337052,55.7170745],[37.6337892,55.7172597],[37.6338329,55.7173562],[37.6341683,55.7181456],[37.6342625,55.7183551],[37.6349267,55.719925],[37.6352761,55.7207747],[37.6358034,55.721934],[37.6358679,55.7220843],[37.6360986,55.7226108],[37.6362772,55.723021]]},"properties":{"segmentId":"osm-rel:1690016:way:1300438704:40","routeId":"osm-rel:1690016","routeName":"Трамвай 38: Черёмушки => Дом культуры «Компрессор»","routeRef":"38","relationId":1690016,"fromStopId":"osm:12045304166","toStopId":"osm:12045304164","sequence":40,"osmWayId":1300438704}},{"type":"Feature","geometry":{"type":"LineString","coordinates":[[37.6362772,55.723021],[37.6364378,55.7233898],[37.6364733,55.7234739],[37.6364681,55.7236031],[37.6365347,55.7240299]]},"properties":{"segmentId":"osm-rel:1690016:way:1300438701:41","routeId":"osm-rel:1690016","routeName":"Трамвай 38: Черёмушки => Дом культуры «Компрессор»","routeRef":"38","relationId":1690016,"fromStopId":"osm:12045304164","toStopId":"osm:1376689640","sequence":41,"osmWayId":1300438701}},{"type":"Feature","geometry":{"type":"LineString","coordinates":[[37.6365347,55.7240299],[37.6365925,55.7242232],[37.6368129,55.7249005],[37.6368406,55.7249838]]},"properties":{"segmentId":"osm-rel:1690016:way:1300438699:42","routeId":"osm-rel:1690016","routeName":"Трамвай 38: Черёмушки => Дом культуры «Компрессор»","routeRef":"38","relationId":1690016,"fromStopId":"osm:1376689640","toStopId":"osm:12045304163","sequence":42,"osmWayId":1300438699}},{"type":"Feature","geometry":{"type":"LineString","coordinates":[[37.6368406,55.7249838],[37.6369379,55.7252759],[37.6371314,55.7257534],[37.6371458,55.7258012],[37.6371931,55.7259931]]},"properties":{"segmentId":"osm-rel:1690016:way:1300438698:43","routeId":"osm-rel:1690016","routeName":"Трамвай 38: Черёмушки => Дом культуры «Компрессор»","routeRef":"38","relationId":1690016,"fromStopId":"osm:12045304163","toStopId":"osm:12045304160","sequence":43,"osmWayId":1300438698}},{"type":"Feature","geometry":{"type":"LineString","coordinates":[[37.6371931,55.7259931],[37.6373228,55.7265199],[37.6373225,55.7268228],[37.6373101,55.7269523]]},"properties":{"segmentId":"osm-rel:1690016:way:1300438695:44","routeId":"osm-rel:1690016","routeName":"Трамвай 38: Черёмушки => Дом культуры «Компрессор»","routeRef":"38","relationId":1690016,"fromStopId":"osm:12045304160","toStopId":"osm:12045304159","sequence":44,"osmWayId":1300438695}},{"type":"Feature","geometry":{"type":"LineString","coordinates":[[37.6373101,55.7269523],[37.6372887,55.7271771],[37.6372761,55.7273496],[37.6372579,55.7276707],[37.6372243,55.7279126]]},"properties":{"segmentId":"osm-rel:1690016:way:1300438694:45","routeId":"osm-rel:1690016","routeName":"Трамвай 38: Черёмушки => Дом культуры «Компрессор»","routeRef":"38","relationId":1690016,"fromStopId":"osm:12045304159","toStopId":"osm:12045304158","sequence":45,"osmWayId":1300438694}},{"type":"Feature","geometry":{"type":"LineString","coordinates":[[37.6372243,55.7279126],[37.6372157,55.7279912],[37.6372103,55.7280521],[37.6371815,55.7281597],[37.6371643,55.7281927],[37.6371476,55.7282135],[37.6370759,55.7283091],[37.6370019,55.7284014]]},"properties":{"segmentId":"osm-rel:1690016:way:1300438692:46","routeId":"osm-rel:1690016","routeName":"Трамвай 38: Черёмушки => Дом культуры «Компрессор»","routeRef":"38","relationId":1690016,"fromStopId":"osm:12045304158","toStopId":"osm:10042440111","sequence":46,"osmWayId":1300438692}},{"type":"Feature","geometry":{"type":"LineString","coordinates":[[37.6370019,55.7284014],[37.6369404,55.7284869],[37.6369141,55.7285366],[37.6368945,55.7286081],[37.6368463,55.7288843]]},"properties":{"segmentId":"osm-rel:1690016:way:1300438690:47","routeId":"osm-rel:1690016","routeName":"Трамвай 38: Черёмушки => Дом культуры «Компрессор»","routeRef":"38","relationId":1690016,"fromStopId":"osm:10042440111","toStopId":"osm:12045304154","sequence":47,"osmWayId":1300438690}},{"type":"Feature","geometry":{"type":"LineString","coordinates":[[37.6368463,55.7288843],[37.6367538,55.7294153],[37.636742,55.7294831],[37.636706,55.7297535]]},"properties":{"segmentId":"osm-rel:1690016:way:1300438688:48","routeId":"osm-rel:1690016","routeName":"Трамвай 38: Черёмушки => Дом культуры «Компрессор»","routeRef":"38","relationId":1690016,"fromStopId":"osm:12045304154","toStopId":"osm:7706051152","sequence":48,"osmWayId":1300438688}},{"type":"Feature","geometry":{"type":"LineString","coordinates":[[37.636706,55.7297535],[37.636725,55.7298612],[37.636769,55.7299269],[37.6367845,55.7299392],[37.6368221,55.729958],[37.6368817,55.7299854],[37.6369384,55.7300063],[37.6369615,55.7300147],[37.6370248,55.7300272]]},"properties":{"segmentId":"osm-rel:1690016:way:849200634:49","routeId":"osm-rel:1690016","routeName":"Трамвай 38: Черёмушки => Дом культуры «Компрессор»","routeRef":"38","relationId":1690016,"fromStopId":"osm:7706051152","toStopId":"osm:7706051159","sequence":49,"osmWayId":849200634}},{"type":"Feature","geometry":{"type":"LineString","coordinates":[[37.6370248,55.7300272],[37.6370543,55.7300296],[37.6371423,55.7300367],[37.6380641,55.7300998],[37.6387306,55.7301455],[37.6392186,55.7301816],[37.6393099,55.7301883]]},"properties":{"segmentId":"osm-rel:1690016:way:825286427:50","routeId":"osm-rel:1690016","routeName":"Трамвай 38: Черёмушки => Дом культуры «Компрессор»","routeRef":"38","relationId":1690016,"fromStopId":"osm:7706051159","toStopId":"osm:7958582324","sequence":50,"osmWayId":825286427}},{"type":"Feature","geometry":{"type":"LineString","coordinates":[[37.6393099,55.7301883],[37.6397532,55.730221],[37.6403009,55.7302595],[37.6413224,55.7303313]]},"properties":{"segmentId":"osm-rel:1690016:way:1428765413:51","routeId":"osm-rel:1690016","routeName":"Трамвай 38: Черёмушки => Дом культуры «Компрессор»","routeRef":"38","relationId":1690016,"fromStopId":"osm:7958582324","toStopId":"osm:7706089812","sequence":51,"osmWayId":1428765413}},{"type":"Feature","geometry":{"type":"LineString","coordinates":[[37.6413224,55.7303313],[37.6414145,55.7303378],[37.6416934,55.7303554],[37.6422293,55.7303735],[37.6423216,55.7303725],[37.6423697,55.7303721],[37.6424566,55.730368],[37.6425494,55.7303543]]},"properties":{"segmentId":"osm-rel:1690016:way:1299996709:52","routeId":"osm-rel:1690016","routeName":"Трамвай 38: Черёмушки => Дом культуры «Компрессор»","routeRef":"38","relationId":1690016,"fromStopId":"osm:7706089812","toStopId":"osm:7731205605","sequence":52,"osmWayId":1299996709}},{"type":"Feature","geometry":{"type":"LineString","coordinates":[[37.6425494,55.7303543],[37.6431334,55.730195],[37.6434397,55.7301122],[37.6439789,55.7299665],[37.6444526,55.7298386],[37.644577,55.729805],[37.6446704,55.7297809],[37.6448043,55.7297472],[37.644986,55.7297014]]},"properties":{"segmentId":"osm-rel:1690016:way:1299996706:53","routeId":"osm-rel:1690016","routeName":"Трамвай 38: Черёмушки => Дом культуры «Компрессор»","routeRef":"38","relationId":1690016,"fromStopId":"osm:7731205605","toStopId":"osm:12041661115","sequence":53,"osmWayId":1299996706}},{"type":"Feature","geometry":{"type":"LineString","coordinates":[[37.644986,55.7297014],[37.645191,55.7296497],[37.6458716,55.729479],[37.6459844,55.7294513],[37.6461144,55.7294195],[37.6466378,55.729292],[37.6468084,55.7292503],[37.6497446,55.728534],[37.6504003,55.728374],[37.6505549,55.7283362]]},"properties":{"segmentId":"osm-rel:1690016:way:250858776:54","routeId":"osm-rel:1690016","routeName":"Трамвай 38: Черёмушки => Дом культуры «Компрессор»","routeRef":"38","relationId":1690016,"fromStopId":"osm:12041661115","toStopId":"osm:10711268037","sequence":54,"osmWayId":250858776}},{"type":"Feature","geometry":{"type":"LineString","coordinates":[[37.6505549,55.7283362],[37.6507597,55.7282863],[37.6508623,55.7282466],[37.6508989,55.7282129],[37.6509095,55.7282032],[37.6509222,55.7281914],[37.6509388,55.7281368],[37.6509355,55.7280888],[37.6509107,55.7280537],[37.6507184,55.7278593],[37.6506634,55.7277832],[37.6506444,55.7277239],[37.6506494,55.7276757],[37.6506844,55.727629],[37.6507706,55.7275772],[37.6508927,55.7275479],[37.651004,55.7275389],[37.6511198,55.7275415],[37.6511973,55.7275553],[37.6512217,55.7275597],[37.6513199,55.7275943],[37.6513787,55.727615]]},"properties":{"segmentId":"osm-rel:1690016:way:1299996705:55","routeId":"osm-rel:1690016","routeName":"Трамвай 38: Черёмушки => Дом культуры «Компрессор»","routeRef":"38","relationId":1690016,"fromStopId":"osm:10711268037","toStopId":"osm:1377604247","sequence":55,"osmWayId":1299996705}},{"type":"Feature","geometry":{"type":"LineString","coordinates":[[37.6513787,55.727615],[37.6518472,55.7278292]]},"properties":{"segmentId":"osm-rel:1690016:way:123584358:56","routeId":"osm-rel:1690016","routeName":"Трамвай 38: Черёмушки => Дом культуры «Компрессор»","routeRef":"38","relationId":1690016,"fromStopId":"osm:1377604247","toStopId":"osm:1377604266","sequence":56,"osmWayId":123584358}},{"type":"Feature","geometry":{"type":"LineString","coordinates":[[37.6518472,55.7278292],[37.6519484,55.7278787]]},"properties":{"segmentId":"osm-rel:1690016:way:123584361:57","routeId":"osm-rel:1690016","routeName":"Трамвай 38: Черёмушки => Дом культуры «Компрессор»","routeRef":"38","relationId":1690016,"fromStopId":"osm:1377604266","toStopId":"osm:5211677521","sequence":57,"osmWayId":123584361}},{"type":"Feature","geometry":{"type":"LineString","coordinates":[[37.6519484,55.7278787],[37.6533764,55.7285078]]},"properties":{"segmentId":"osm-rel:1690016:way:1299996703:58","routeId":"osm-rel:1690016","routeName":"Трамвай 38: Черёмушки => Дом культуры «Компрессор»","routeRef":"38","relationId":1690016,"fromStopId":"osm:5211677521","toStopId":"osm:12041661114","sequence":58,"osmWayId":1299996703}},{"type":"Feature","geometry":{"type":"LineString","coordinates":[[37.6533764,55.7285078],[37.6557388,55.7295485]]},"properties":{"segmentId":"osm-rel:1690016:way:538433013:59","routeId":"osm-rel:1690016","routeName":"Трамвай 38: Черёмушки => Дом культуры «Компрессор»","routeRef":"38","relationId":1690016,"fromStopId":"osm:12041661114","toStopId":"osm:4303180259","sequence":59,"osmWayId":538433013}},{"type":"Feature","geometry":{"type":"LineString","coordinates":[[37.6557388,55.7295485],[37.655896,55.7296078],[37.656079,55.7296481]]},"properties":{"segmentId":"osm-rel:1690016:way:1299996701:60","routeId":"osm-rel:1690016","routeName":"Трамвай 38: Черёмушки => Дом культуры «Компрессор»","routeRef":"38","relationId":1690016,"fromStopId":"osm:4303180259","toStopId":"osm:12041661112","sequence":60,"osmWayId":1299996701}},{"type":"Feature","geometry":{"type":"LineString","coordinates":[[37.656079,55.7296481],[37.6577233,55.730026]]},"properties":{"segmentId":"osm-rel:1690016:way:123584367:61","routeId":"osm-rel:1690016","routeName":"Трамвай 38: Черёмушки => Дом культуры «Компрессор»","routeRef":"38","relationId":1690016,"fromStopId":"osm:12041661112","toStopId":"osm:1377604300","sequence":61,"osmWayId":123584367}},{"type":"Feature","geometry":{"type":"LineString","coordinates":[[37.6577233,55.730026],[37.6584211,55.7301849],[37.6587962,55.7302658],[37.6595704,55.7304348],[37.6601141,55.7305597],[37.6602355,55.7305876],[37.6603824,55.7306177],[37.6605739,55.7306569],[37.6607044,55.7306836],[37.6608187,55.7307066],[37.6609549,55.7307349],[37.6611607,55.730777],[37.6613527,55.7308213]]},"properties":{"segmentId":"osm-rel:1690016:way:123584368:62","routeId":"osm-rel:1690016","routeName":"Трамвай 38: Черёмушки => Дом культуры «Компрессор»","routeRef":"38","relationId":1690016,"fromStopId":"osm:1377604300","toStopId":"osm:1377604362","sequence":62,"osmWayId":123584368}},{"type":"Feature","geometry":{"type":"LineString","coordinates":[[37.6613527,55.7308213],[37.6613933,55.7308301]]},"properties":{"segmentId":"osm-rel:1690016:way:533065244:63","routeId":"osm-rel:1690016","routeName":"Трамвай 38: Черёмушки => Дом культуры «Компрессор»","routeRef":"38","relationId":1690016,"fromStopId":"osm:1377604362","toStopId":"osm:5172107787","sequence":63,"osmWayId":533065244}},{"type":"Feature","geometry":{"type":"LineString","coordinates":[[37.6613933,55.7308301],[37.6640683,55.7314086]]},"properties":{"segmentId":"osm-rel:1690016:way:533065242:64","routeId":"osm-rel:1690016","routeName":"Трамвай 38: Черёмушки => Дом культуры «Компрессор»","routeRef":"38","relationId":1690016,"fromStopId":"osm:5172107787","toStopId":"osm:1377604239","sequence":64,"osmWayId":533065242}},{"type":"Feature","geometry":{"type":"LineString","coordinates":[[37.6640683,55.7314086],[37.6642084,55.7314371],[37.6644303,55.7314823],[37.6648355,55.7315634],[37.6651714,55.7316325],[37.6661592,55.7317741]]},"properties":{"segmentId":"osm-rel:1690016:way:123586640:65","routeId":"osm-rel:1690016","routeName":"Трамвай 38: Черёмушки => Дом культуры «Компрессор»","routeRef":"38","relationId":1690016,"fromStopId":"osm:1377604239","toStopId":"osm:253025836","sequence":65,"osmWayId":123586640}},{"type":"Feature","geometry":{"type":"LineString","coordinates":[[37.6661592,55.7317741],[37.6668014,55.7318781],[37.6669677,55.731928],[37.6670992,55.7319929],[37.667351,55.7321955],[37.6674904,55.7323364],[37.6676135,55.7324526],[37.6679715,55.7327494]]},"properties":{"segmentId":"osm-rel:1690016:way:123584370:66","routeId":"osm-rel:1690016","routeName":"Трамвай 38: Черёмушки => Дом культуры «Компрессор»","routeRef":"38","relationId":1690016,"fromStopId":"osm:253025836","toStopId":"osm:2826898678","sequence":66,"osmWayId":123584370}},{"type":"Feature","geometry":{"type":"LineString","coordinates":[[37.6679715,55.7327494],[37.6682332,55.7329925],[37.668536,55.7332843],[37.6686411,55.7333879],[37.6687429,55.7334868],[37.6688292,55.7335707],[37.6689671,55.7336956],[37.6690839,55.7338035],[37.6695492,55.7341974],[37.6701423,55.7347509]]},"properties":{"segmentId":"osm-rel:1690016:way:108261887:67","routeId":"osm-rel:1690016","routeName":"Трамвай 38: Черёмушки => Дом культуры «Компрессор»","routeRef":"38","relationId":1690016,"fromStopId":"osm:2826898678","toStopId":"osm:476918452","sequence":67,"osmWayId":108261887}},{"type":"Feature","geometry":{"type":"LineString","coordinates":[[37.6701423,55.7347509],[37.6704726,55.7350304],[37.6705794,55.7351291],[37.6707177,55.7353185],[37.6709089,55.7356314]]},"properties":{"segmentId":"osm-rel:1690016:way:1299996694:68","routeId":"osm-rel:1690016","routeName":"Трамвай 38: Черёмушки => Дом культуры «Компрессор»","routeRef":"38","relationId":1690016,"fromStopId":"osm:476918452","toStopId":"osm:253026106","sequence":68,"osmWayId":1299996694}},{"type":"Feature","geometry":{"type":"LineString","coordinates":[[37.6709089,55.7356314],[37.6710148,55.7358237],[37.671106,55.7359501]]},"properties":{"segmentId":"osm-rel:1690016:way:1299996693:69","routeId":"osm-rel:1690016","routeName":"Трамвай 38: Черёмушки => Дом культуры «Компрессор»","routeRef":"38","relationId":1690016,"fromStopId":"osm:253026106","toStopId":"osm:12041661109","sequence":69,"osmWayId":1299996693}},{"type":"Feature","geometry":{"type":"LineString","coordinates":[[37.671106,55.7359501],[37.6713787,55.7363219],[37.6714752,55.7364619],[37.6722155,55.7375219],[37.6722397,55.7375563],[37.6726175,55.7381139],[37.6726579,55.7381707],[37.6727141,55.7382498],[37.6728125,55.7384058]]},"properties":{"segmentId":"osm-rel:1690016:way:54049578:70","routeId":"osm-rel:1690016","routeName":"Трамвай 38: Черёмушки => Дом культуры «Компрессор»","routeRef":"38","relationId":1690016,"fromStopId":"osm:12041661109","toStopId":"osm:3012697580","sequence":70,"osmWayId":54049578}},{"type":"Feature","geometry":{"type":"LineString","coordinates":[[37.6728125,55.7384058],[37.6728616,55.7384836],[37.6728994,55.7385435],[37.6730378,55.738763],[37.6731279,55.7388984]]},"properties":{"segmentId":"osm-rel:1690016:way:307482112:71","routeId":"osm-rel:1690016","routeName":"Трамвай 38: Черёмушки => Дом культуры «Компрессор»","routeRef":"38","relationId":1690016,"fromStopId":"osm:3012697580","toStopId":"osm:3012677935","sequence":71,"osmWayId":307482112}},{"type":"Feature","geometry":{"type":"LineString","coordinates":[[37.6731279,55.7388984],[37.6731968,55.7390652],[37.6732142,55.7391077],[37.6732639,55.7392278],[37.6736999,55.7397707]]},"properties":{"segmentId":"osm-rel:1690016:way:307482111:72","routeId":"osm-rel:1690016","routeName":"Трамвай 38: Черёмушки => Дом культуры «Компрессор»","routeRef":"38","relationId":1690016,"fromStopId":"osm:3012677935","toStopId":"osm:2793218575","sequence":72,"osmWayId":307482111}},{"type":"Feature","geometry":{"type":"LineString","coordinates":[[37.6736999,55.7397707],[37.6739199,55.7400256]]},"properties":{"segmentId":"osm-rel:1690016:way:1299955281:73","routeId":"osm-rel:1690016","routeName":"Трамвай 38: Черёмушки => Дом культуры «Компрессор»","routeRef":"38","relationId":1690016,"fromStopId":"osm:2793218575","toStopId":"osm:12041306797","sequence":73,"osmWayId":1299955281}},{"type":"Feature","geometry":{"type":"LineString","coordinates":[[37.6739199,55.7400256],[37.6740681,55.7401694],[37.6751076,55.7412787],[37.6754294,55.7416029],[37.6757723,55.7419836],[37.6764184,55.7426725],[37.6769944,55.7432753],[37.6770641,55.7433604],[37.6772973,55.7436048],[37.6774958,55.7438073],[37.6779255,55.7442725],[37.6781702,55.7445186],[37.6784892,55.7448021],[37.6785681,55.7448708],[37.6789495,55.7452034],[37.6791278,55.7453555],[37.6793637,55.7456106],[37.6796059,55.745903],[37.6798262,55.7461609],[37.6799191,55.7462641],[37.680092,55.746456],[37.6801583,55.7465272],[37.6802631,55.7466613],[37.6803424,55.7467625],[37.6803702,55.7467934],[37.6803986,55.7468229],[37.6804449,55.7468587],[37.680506,55.7468861],[37.6805688,55.7469045],[37.6806977,55.7469137]]},"properties":{"segmentId":"osm-rel:1690016:way:307482110:74","routeId":"osm-rel:1690016","routeName":"Трамвай 38: Черёмушки => Дом культуры «Компрессор»","routeRef":"38","relationId":1690016,"fromStopId":"osm:12041306797","toStopId":"osm:3006961589","sequence":74,"osmWayId":307482110}},{"type":"Feature","geometry":{"type":"LineString","coordinates":[[37.6806977,55.7469137],[37.6808165,55.7468972],[37.680964,55.7468672],[37.6811361,55.7468345],[37.6811806,55.7468317],[37.6812449,55.7468276],[37.6813171,55.7468252],[37.6813947,55.7468249]]},"properties":{"segmentId":"osm-rel:1690016:way:1072339878:75","routeId":"osm-rel:1690016","routeName":"Трамвай 38: Черёмушки => Дом культуры «Компрессор»","routeRef":"38","relationId":1690016,"fromStopId":"osm:3006961589","toStopId":"osm:846185153","sequence":75,"osmWayId":1072339878}},{"type":"Feature","geometry":{"type":"LineString","coordinates":[[37.6813947,55.7468249],[37.6819477,55.746866],[37.6829385,55.7469437]]},"properties":{"segmentId":"osm-rel:1690016:way:1318099366:76","routeId":"osm-rel:1690016","routeName":"Трамвай 38: Черёмушки => Дом культуры «Компрессор»","routeRef":"38","relationId":1690016,"fromStopId":"osm:846185153","toStopId":"osm:9839023177","sequence":76,"osmWayId":1318099366}},{"type":"Feature","geometry":{"type":"LineString","coordinates":[[37.6829385,55.7469437],[37.6845955,55.7470736],[37.686449,55.7472279]]},"properties":{"segmentId":"osm-rel:1690016:way:1072339876:77","routeId":"osm-rel:1690016","routeName":"Трамвай 38: Черёмушки => Дом культуры «Компрессор»","routeRef":"38","relationId":1690016,"fromStopId":"osm:9839023177","toStopId":"osm:9839023175","sequence":77,"osmWayId":1072339876}},{"type":"Feature","geometry":{"type":"LineString","coordinates":[[37.686449,55.7472279],[37.6883945,55.7473516],[37.6886319,55.7473667],[37.6927756,55.7476718],[37.6945739,55.7478309],[37.6948852,55.7478609],[37.6960343,55.7479347],[37.6964399,55.7479497],[37.6969524,55.7479721],[37.6982924,55.7480792],[37.6989951,55.7481547],[37.6996547,55.7482915],[37.6999264,55.7483631],[37.7000474,55.748395],[37.7001212,55.7484145],[37.7003064,55.748463],[37.7008757,55.7485639],[37.701175,55.7486185],[37.7021017,55.7487951],[37.7025183,55.7488744],[37.7029156,55.7489382],[37.7034174,55.7490098],[37.7038506,55.7490913],[37.7046498,55.7492343],[37.7053765,55.7493757],[37.7060257,55.7495022]]},"properties":{"segmentId":"osm-rel:1690016:way:371577225:78","routeId":"osm-rel:1690016","routeName":"Трамвай 38: Черёмушки => Дом культуры «Компрессор»","routeRef":"38","relationId":1690016,"fromStopId":"osm:9839023175","toStopId":"osm:432763219","sequence":78,"osmWayId":371577225}},{"type":"Feature","geometry":{"type":"LineString","coordinates":[[37.7060257,55.7495022],[37.7078727,55.7498654],[37.7088491,55.7500504],[37.7089813,55.7500754],[37.7104807,55.7503647]]},"properties":{"segmentId":"osm-rel:1690016:way:386461019:79","routeId":"osm-rel:1690016","routeName":"Трамвай 38: Черёмушки => Дом культуры «Компрессор»","routeRef":"38","relationId":1690016,"fromStopId":"osm:432763219","toStopId":"osm:3897957009","sequence":79,"osmWayId":386461019}},{"type":"Feature","geometry":{"type":"LineString","coordinates":[[37.7104807,55.7503647],[37.7107077,55.7504128],[37.7129263,55.7508503]]},"properties":{"segmentId":"osm-rel:1690016:way:386461017:80","routeId":"osm-rel:1690016","routeName":"Трамвай 38: Черёмушки => Дом культуры «Компрессор»","routeRef":"38","relationId":1690016,"fromStopId":"osm:3897957009","toStopId":"osm:60670468","sequence":80,"osmWayId":386461017}},{"type":"Feature","geometry":{"type":"LineString","coordinates":[[37.7129263,55.7508503],[37.7130704,55.7508815],[37.7132497,55.7509187],[37.7133279,55.7509344],[37.7135275,55.7509822],[37.713637,55.7510112]]},"properties":{"segmentId":"osm-rel:1690016:way:108261905:81","routeId":"osm-rel:1690016","routeName":"Трамвай 38: Черёмушки => Дом культуры «Компрессор»","routeRef":"38","relationId":1690016,"fromStopId":"osm:60670468","toStopId":"osm:1642037579","sequence":81,"osmWayId":108261905}},{"type":"Feature","geometry":{"type":"LineString","coordinates":[[37.713637,55.7510112],[37.7140255,55.7510833],[37.7147113,55.7512088]]},"properties":{"segmentId":"osm-rel:1690016:way:1293616238:82","routeId":"osm-rel:1690016","routeName":"Трамвай 38: Черёмушки => Дом культуры «Компрессор»","routeRef":"38","relationId":1690016,"fromStopId":"osm:1642037579","toStopId":"osm:1628042937","sequence":82,"osmWayId":1293616238}},{"type":"Feature","geometry":{"type":"LineString","coordinates":[[37.7147113,55.7512088],[37.7148484,55.7512384],[37.714955,55.7512632],[37.7150657,55.7512956],[37.7153664,55.7513852],[37.7154966,55.7514219],[37.7156068,55.7514492],[37.7157486,55.7514804]]},"properties":{"segmentId":"osm-rel:1690016:way:149858843:83","routeId":"osm-rel:1690016","routeName":"Трамвай 38: Черёмушки => Дом культуры «Компрессор»","routeRef":"38","relationId":1690016,"fromStopId":"osm:1628042937","toStopId":"osm:1628042949","sequence":83,"osmWayId":149858843}},{"type":"Feature","geometry":{"type":"LineString","coordinates":[[37.7157486,55.7514804],[37.7161454,55.7515552],[37.7165064,55.7516209]]},"properties":{"segmentId":"osm-rel:1690016:way:1293616237:84","routeId":"osm-rel:1690016","routeName":"Трамвай 38: Черёмушки => Дом культуры «Компрессор»","routeRef":"38","relationId":1690016,"fromStopId":"osm:1628042949","toStopId":"osm:1628042955","sequence":84,"osmWayId":1293616237}},{"type":"Feature","geometry":{"type":"LineString","coordinates":[[37.7165064,55.7516209],[37.7166372,55.7516434],[37.7167302,55.7516575],[37.7168358,55.7516703],[37.7170769,55.7516957],[37.7171221,55.7517011],[37.7171725,55.7517071],[37.7172519,55.7517183],[37.71735,55.7517341],[37.7175758,55.7517742]]},"properties":{"segmentId":"osm-rel:1690016:way:1293616234:85","routeId":"osm-rel:1690016","routeName":"Трамвай 38: Черёмушки => Дом культуры «Компрессор»","routeRef":"38","relationId":1690016,"fromStopId":"osm:1628042955","toStopId":"osm:1628042978","sequence":85,"osmWayId":1293616234}},{"type":"Feature","geometry":{"type":"LineString","coordinates":[[37.7175758,55.7517742],[37.7177345,55.7518105]]},"properties":{"segmentId":"osm-rel:1690016:way:1151068546:86","routeId":"osm-rel:1690016","routeName":"Трамвай 38: Черёмушки => Дом культуры «Компрессор»","routeRef":"38","relationId":1690016,"fromStopId":"osm:1628042978","toStopId":"osm:1628042983","sequence":86,"osmWayId":1151068546}},{"type":"Feature","geometry":{"type":"LineString","coordinates":[[37.7177345,55.7518105],[37.7190742,55.7520827],[37.7194489,55.7521559]]},"properties":{"segmentId":"osm-rel:1690016:way:1296013625:87","routeId":"osm-rel:1690016","routeName":"Трамвай 38: Черёмушки => Дом культуры «Компрессор»","routeRef":"38","relationId":1690016,"fromStopId":"osm:1628042983","toStopId":"osm:12009252144","sequence":87,"osmWayId":1296013625}},{"type":"Feature","geometry":{"type":"LineString","coordinates":[[37.7194489,55.7521559],[37.7203255,55.7523273],[37.7215273,55.7525622]]},"properties":{"segmentId":"osm-rel:1690016:way:149858850:88","routeId":"osm-rel:1690016","routeName":"Трамвай 38: Черёмушки => Дом культуры «Компрессор»","routeRef":"38","relationId":1690016,"fromStopId":"osm:12009252144","toStopId":"osm:3445991819","sequence":88,"osmWayId":149858850}},{"type":"Feature","geometry":{"type":"LineString","coordinates":[[37.7215273,55.7525622],[37.7217603,55.752606]]},"properties":{"segmentId":"osm-rel:1690016:way:149858839:89","routeId":"osm-rel:1690016","routeName":"Трамвай 38: Черёмушки => Дом культуры «Компрессор»","routeRef":"38","relationId":1690016,"fromStopId":"osm:3445991819","toStopId":"osm:3445991820","sequence":89,"osmWayId":149858839}},{"type":"Feature","geometry":{"type":"LineString","coordinates":[[37.7217603,55.752606],[37.7219975,55.7526508],[37.7237671,55.7529882]]},"properties":{"segmentId":"osm-rel:1690016:way:495568926:90","routeId":"osm-rel:1690016","routeName":"Трамвай 38: Черёмушки => Дом культуры «Компрессор»","routeRef":"38","relationId":1690016,"fromStopId":"osm:3445991820","toStopId":"osm:695081254","sequence":90,"osmWayId":495568926}}]}